Player,Team,Position,Rk,Status,Opponent,FPts,FP/G,% Owned,+/-,GP,Min,G,GOF,A2,KP,ABS,AFKG,AHW,AOG,APL,APKG,AR,ASOP,AT,S,SOT,SA,SOP,SB,TkW,TLM,DIS,PLC,FC,FS,ErS,ErG,YC,SYC,RC,HB,Pen,DP,6S,Off,PA,AP,PC%,SFTP,C,ACNC,CF,CK,CIB,CF,CC,FKS,Int,IntB,CLRA,CLR,CoA,CoS,CoSF,BC,BS,DW,DL,AER,AERL,BCC,BCM,BCS,BR,FKG,FKM,PL,LB,LBA,SubOn,SubOff,PKG,PKA,PKM,PKD,OG,GAD,CS,MCS,game_week
Willian,ARS,F,5,FA,ARS 3<br/>@FUL 0 F,26,26,100%,0%,1,75,0,3,0,3,0,0,0,0,0,0,1,0,3,2,1,0.5,1,0,0,0,0,5,1,2,0,0,0,0,0,1,0,0,0,0,26,25,96.2,14,4,0,3,1,1,0,0,1,0,0,1,1,0,0,2,0,0,2,1,0,1,1,1,0,5,0,0,5,5,4,0,1,0,0,0,0,0,0,1,75,1
Gabriel Magalhaes,ARS,D,11,W (Thu),ARS 3<br/>@FUL 0 F,20.75,20.75,81%,0%,1,90,1,3,0,0,0,0,0,0,0,0,0,0,0,1,1,1,0,0,0,0,0,6,1,2,0,0,0,0,0,0,0,0,0,0,114,108,94.7,0,0,0,0,0,0,0,0,0,0,0,3,3,0,0,2,0,0,6,3,2,2,0,0,1,4,0,0,6,4,3,0,0,0,0,0,0,0,0,1,90,1
Pierre-Emerick Aubameyang,ARS,F,27,FA,ARS 3<br/>@FUL 0 F,15,15,100%,0%,1,90,1,3,0,1,0,0,0,0,0,0,0,0,0,3,3,1,0,0,0,0,2,14,2,2,0,0,1,0,0,0,0,0,0,1,27,20,74.1,5,2,0,2,0,0,1,0,0,0,0,0,0,2,1,3,0,0,4,7,2,0,0,0,0,7,0,0,14,1,0,0,0,0,0,0,0,0,0,1,90,1
Alexandre Lacazette,ARS,F,29,FA,ARS 3<br/>@FUL 0 F,14.5,14.5,99%,0%,1,87,1,3,0,1,0,0,0,0,0,0,0,0,0,2,1,0.5,0,0,1,0,3,7,2,3,0,0,0,0,0,0,0,0,0,1,17,14,82.4,6,0,0,0,0,0,1,1,0,1,0,1,1,1,1,4,0,0,6,8,0,1,0,0,1,0,0,0,7,2,1,0,1,0,0,0,0,0,0,1,87,1
Rob Holding,ARS,D,31,FA,ARS 3<br/>@FUL 0 F,13.75,13.75,20%,0%,1,90,0,3,0,0,0,0,0,0,0,0,0,0,0,0,0,0,0,0,1,0,0,10,2,0,0,0,0,0,0,0,0,0,0,0,93,84,90.3,3,0,0,0,0,0,0,1,0,3,0,3,3,2,2,2,0,0,5,3,1,1,0,0,0,4,0,0,10,11,6,0,0,0,0,0,0,0,0,1,90,1
Kieran Tierney,ARS,D,49,FA,ARS 3<br/>@FUL 0 F,11,11,100%,0%,1,90,0,3,0,0,0,0,0,0,0,0,0,0,0,0,0,0,0,0,1,0,1,15,1,1,0,0,0,0,0,0,0,0,0,0,78,67,85.9,8,1,0,1,0,0,0,0,0,3,0,2,2,0,0,1,0,0,2,3,1,1,0,0,0,3,0,0,15,10,4,0,0,0,0,0,0,0,0,1,90,1
Hector Bellerin,ARS,D,57,FA,ARS 3<br/>@FUL 0 F,9.5,9.5,72%,0%,1,90,0,3,0,1,0,0,0,0,0,0,0,0,0,0,0,0,0,0,0,0,1,13,1,0,0,0,1,0,0,0,0,0,0,0,55,50,90.9,14,6,2,4,0,0,0,0,0,1,0,0,0,2,1,1,0,0,2,4,1,0,0,0,0,3,0,0,13,0,0,0,0,0,0,0,0,0,0,1,90,1
Mohamed Elneny,ARS,M,88,W (Thu),ARS 3<br/>@FUL 0 F,6,6,4%,0%,1,90,0,3,0,0,0,0,0,0,0,0,0,0,0,1,0,0,0,1,0,0,0,3,0,1,0,0,0,0,0,0,0,0,0,0,63,60,95.2,12,0,0,0,0,0,0,0,0,5,0,0,0,0,0,1,0,0,1,2,0,1,0,0,0,4,0,0,3,7,5,0,0,0,0,0,0,0,0,1,90,1
Granit Xhaka,ARS,M,104,FA,ARS 3<br/>@FUL 0 F,4.5,4.5,23%,0%,1,78,0,3,0,1,0,0,0,0,0,0,0,0,0,4,0,0,0,2,1,0,1,6,0,1,0,0,0,0,0,0,0,0,0,0,59,55,93.2,15,1,0,1,0,0,0,0,1,1,0,0,0,0,0,1,0,0,3,1,0,0,0,0,0,3,0,0,6,5,3,0,1,0,0,0,0,0,0,1,78,1
Ainsley Maitland-Niles,ARS,M,110,FA,ARS 3<br/>@FUL 0 F,4,4,45%,0%,1,90,0,3,0,0,0,0,0,0,0,0,0,0,0,0,0,0,0,0,0,0,0,12,2,0,0,0,0,0,0,0,0,0,0,0,36,27,75,6,1,0,1,0,0,0,0,0,3,0,1,1,0,0,0,0,1,1,2,0,0,0,0,0,3,0,0,12,5,3,0,0,0,0,0,0,0,0,1,90,1
Dani Ceballos,ARS,M,125,FA,ARS 3<br/>@FUL 0 F,3,3,69%,0%,1,12,0,0,0,0,0,0,0,0,0,0,0,0,0,0,0,0,0,0,1,0,0,4,0,0,0,0,0,0,0,0,0,0,0,0,18,14,77.8,4,0,0,0,0,0,0,0,0,1,0,0,0,1,1,1,0,0,2,0,0,0,0,0,0,2,0,0,4,1,1,1,0,0,0,0,0,0,0,0,12,1
Nicolas Pepe,ARS,F,134,FA,ARS 3<br/>@FUL 0 F,2,2,99%,0%,1,15,0,0,0,1,0,0,0,0,0,0,0,0,0,0,0,0,0,0,0,0,0,4,0,0,0,0,0,0,0,0,0,0,0,0,9,7,77.8,4,1,0,0,2,1,1,0,0,0,0,0,0,1,0,0,0,0,0,2,0,1,0,0,0,2,0,0,4,0,0,1,0,0,0,0,0,0,0,0,15,1
Bukayo Saka,ARS,M,200,FA,ARS 3<br/>@FUL 0 F,0,0,92%,0%,0,0,0,0,0,0,0,0,0,0,0,0,0,0,0,0,0,0,0,0,0,0,0,0,0,0,0,0,0,0,0,0,0,0,0,0,0,0,0,0,0,0,0,0,0,0,0,0,0,0,0,0,0,0,0,0,0,0,0,0,0,0,0,0,0,0,0,0,0,0,0,0,0,0,0,0,0,0,0,0,1
William Saliba,ARS,D,216,FA,ARS 3<br/>@FUL 0 F,0,0,61%,0%,0,0,0,0,0,0,0,0,0,0,0,0,0,0,0,0,0,0,0,0,0,0,0,0,0,0,0,0,0,0,0,0,0,0,0,0,0,0,0,0,0,0,0,0,0,0,0,0,0,0,0,0,0,0,0,0,0,0,0,0,0,0,0,0,0,0,0,0,0,0,0,0,0,0,0,0,0,0,0,0,1
David Luiz,ARS,D,244,FA,ARS 3<br/>@FUL 0 F,0,0,25%,0%,0,0,0,0,0,0,0,0,0,0,0,0,0,0,0,0,0,0,0,0,0,0,0,0,0,0,0,0,0,0,0,0,0,0,0,0,0,0,0,0,0,0,0,0,0,0,0,0,0,0,0,0,0,0,0,0,0,0,0,0,0,0,0,0,0,0,0,0,0,0,0,0,0,0,0,0,0,0,0,0,1
Eddie Nketiah,ARS,F,245,FA,ARS 3<br/>@FUL 0 F,0,0,24%,0%,1,3,0,0,0,0,0,0,0,0,0,0,0,0,0,0,0,0,0,0,0,0,0,0,0,0,0,0,0,0,0,0,0,0,0,0,1,1,100,0,0,0,0,0,0,0,0,0,0,0,0,0,0,0,0,0,0,0,0,0,0,0,0,0,0,0,0,0,0,0,1,0,0,0,0,0,0,0,0,3,1
Mesut Ozil,ARS,M,251,FA,ARS 3<br/>@FUL 0 F,0,0,17%,0%,0,0,0,0,0,0,0,0,0,0,0,0,0,0,0,0,0,0,0,0,0,0,0,0,0,0,0,0,0,0,0,0,0,0,0,0,0,0,0,0,0,0,0,0,0,0,0,0,0,0,0,0,0,0,0,0,0,0,0,0,0,0,0,0,0,0,0,0,0,0,0,0,0,0,0,0,0,0,0,0,1
Gabriel Martinelli,ARS,M,264,FA,ARS 3<br/>@FUL 0 F,0,0,12%,0%,0,0,0,0,0,0,0,0,0,0,0,0,0,0,0,0,0,0,0,0,0,0,0,0,0,0,0,0,0,0,0,0,0,0,0,0,0,0,0,0,0,0,0,0,0,0,0,0,0,0,0,0,0,0,0,0,0,0,0,0,0,0,0,0,0,0,0,0,0,0,0,0,0,0,0,0,0,0,0,0,1
Cedric Soares,ARS,D,271,FA,ARS 3<br/>@FUL 0 F,0,0,7%,0%,0,0,0,0,0,0,0,0,0,0,0,0,0,0,0,0,0,0,0,0,0,0,0,0,0,0,0,0,0,0,0,0,0,0,0,0,0,0,0,0,0,0,0,0,0,0,0,0,0,0,0,0,0,0,0,0,0,0,0,0,0,0,0,0,0,0,0,0,0,0,0,0,0,0,0,0,0,0,0,0,1
Shkodran Mustafi,ARS,D,306,FA,ARS 3<br/>@FUL 0 F,0,0,2%,0%,0,0,0,0,0,0,0,0,0,0,0,0,0,0,0,0,0,0,0,0,0,0,0,0,0,0,0,0,0,0,0,0,0,0,0,0,0,0,0,0,0,0,0,0,0,0,0,0,0,0,0,0,0,0,0,0,0,0,0,0,0,0,0,0,0,0,0,0,0,0,0,0,0,0,0,0,0,0,0,0,1
Sead Kolasinac,ARS,D,310,FA,ARS 3<br/>@FUL 0 F,0,0,2%,0%,0,0,0,0,0,0,0,0,0,0,0,0,0,0,0,0,0,0,0,0,0,0,0,0,0,0,0,0,0,0,0,0,0,0,0,0,0,0,0,0,0,0,0,0,0,0,0,0,0,0,0,0,0,0,0,0,0,0,0,0,0,0,0,0,0,0,0,0,0,0,0,0,0,0,0,0,0,0,0,0,1
Pablo Mari,ARS,D,318,FA,ARS 3<br/>@FUL 0 F,0,0,1%,0%,0,0,0,0,0,0,0,0,0,0,0,0,0,0,0,0,0,0,0,0,0,0,0,0,0,0,0,0,0,0,0,0,0,0,0,0,0,0,0,0,0,0,0,0,0,0,0,0,0,0,0,0,0,0,0,0,0,0,0,0,0,0,0,0,0,0,0,0,0,0,0,0,0,0,0,0,0,0,0,0,1
Reiss Nelson,ARS,F,323,FA,ARS 3<br/>@FUL 0 F,0,0,1%,0%,0,0,0,0,0,0,0,0,0,0,0,0,0,0,0,0,0,0,0,0,0,0,0,0,0,0,0,0,0,0,0,0,0,0,0,0,0,0,0,0,0,0,0,0,0,0,0,0,0,0,0,0,0,0,0,0,0,0,0,0,0,0,0,0,0,0,0,0,0,0,0,0,0,0,0,0,0,0,0,0,1
Lucas Torreira,ARS,M,324,FA,ARS 3<br/>@FUL 0 F,0,0,1%,0%,0,0,0,0,0,0,0,0,0,0,0,0,0,0,0,0,0,0,0,0,0,0,0,0,0,0,0,0,0,0,0,0,0,0,0,0,0,0,0,0,0,0,0,0,0,0,0,0,0,0,0,0,0,0,0,0,0,0,0,0,0,0,0,0,0,0,0,0,0,0,0,0,0,0,0,0,0,0,0,0,1
Matteo Guendouzi,ARS,M,329,FA,ARS 3<br/>@FUL 0 F,0,0,1%,0%,0,0,0,0,0,0,0,0,0,0,0,0,0,0,0,0,0,0,0,0,0,0,0,0,0,0,0,0,0,0,0,0,0,0,0,0,0,0,0,0,0,0,0,0,0,0,0,0,0,0,0,0,0,0,0,0,0,0,0,0,0,0,0,0,0,0,0,0,0,0,0,0,0,0,0,0,0,0,0,0,1
Sokratis,ARS,D,331,FA,ARS 3<br/>@FUL 0 F,0,0,1%,0%,0,0,0,0,0,0,0,0,0,0,0,0,0,0,0,0,0,0,0,0,0,0,0,0,0,0,0,0,0,0,0,0,0,0,0,0,0,0,0,0,0,0,0,0,0,0,0,0,0,0,0,0,0,0,0,0,0,0,0,0,0,0,0,0,0,0,0,0,0,0,0,0,0,0,0,0,0,0,0,0,1
Joseph Willock,ARS,M,337,FA,ARS 3<br/>@FUL 0 F,0,0,1%,0%,0,0,0,0,0,0,0,0,0,0,0,0,0,0,0,0,0,0,0,0,0,0,0,0,0,0,0,0,0,0,0,0,0,0,0,0,0,0,0,0,0,0,0,0,0,0,0,0,0,0,0,0,0,0,0,0,0,0,0,0,0,0,0,0,0,0,0,0,0,0,0,0,0,0,0,0,0,0,0,0,1
Calum Chambers,ARS,D,351,FA,ARS 3<br/>@FUL 0 F,0,0,1%,0%,0,0,0,0,0,0,0,0,0,0,0,0,0,0,0,0,0,0,0,0,0,0,0,0,0,0,0,0,0,0,0,0,0,0,0,0,0,0,0,0,0,0,0,0,0,0,0,0,0,0,0,0,0,0,0,0,0,0,0,0,0,0,0,0,0,0,0,0,0,0,0,0,0,0,0,0,0,0,0,0,1
Emile Smith Rowe,ARS,M,355,W (Thu),ARS 3<br/>@FUL 0 F,0,0,1%,0%,0,0,0,0,0,0,0,0,0,0,0,0,0,0,0,0,0,0,0,0,0,0,0,0,0,0,0,0,0,0,0,0,0,0,0,0,0,0,0,0,0,0,0,0,0,0,0,0,0,0,0,0,0,0,0,0,0,0,0,0,0,0,0,0,0,0,0,0,0,0,0,0,0,0,0,0,0,0,0,0,1
Tariq Lamptey,BHA,D,15,W (Thu),CHE 3<br/>@BHA 1 F,17.75,17.75,60%,0%,1,90,0,1,0,2,0,0,0,0,0,0,0,0,1,1,0,0,0,1,2,0,1,27,1,1,0,0,1,0,0,0,0,0,0,0,45,29,64.4,11,3,1,2,0,0,2,0,0,3,0,1,1,3,2,3,1,0,7,4,1,0,1,0,0,5,0,0,27,3,0,0,0,0,0,0,0,0,0,0,0,1
Leandro Trossard,BHA,M,30,W (Thu),CHE 3<br/>@BHA 1 F,14,14,80%,0%,1,90,1,1,0,2,0,0,0,0,0,0,0,0,0,1,1,1,0,0,0,0,4,21,0,0,0,0,0,0,0,0,0,0,0,0,39,25,64.1,12,3,1,2,1,1,0,0,0,0,0,0,0,0,0,0,0,0,0,6,0,1,1,0,0,7,0,0,21,4,3,0,0,0,0,0,0,0,0,0,0,1
Solly March,BHA,M,70,W (Thu),CHE 3<br/>@BHA 1 F,8,8,4%,0%,1,90,0,1,0,1,0,0,0,0,0,0,0,0,0,1,0,0,0,1,0,0,0,19,2,1,0,0,0,0,0,0,0,0,0,0,48,39,81.3,15,6,1,5,3,0,1,1,0,2,1,1,1,5,3,4,1,0,6,5,0,1,0,0,0,4,0,0,19,8,5,0,0,0,0,0,0,0,0,0,0,1
Steven Alzate,BHA,F,72,W (Thu),CHE 3<br/>@BHA 1 F,8,8,3%,0%,1,79,0,1,0,2,0,0,0,0,0,0,0,0,0,2,1,0.5,0,1,0,0,0,7,0,0,0,0,0,0,0,0,0,0,0,0,34,28,82.4,10,0,0,0,0,0,0,0,0,1,0,1,1,2,1,1,0,0,1,1,0,0,0,0,0,4,0,0,7,5,5,0,1,0,0,0,0,0,0,0,0,1
Yves Bissouma,BHA,M,81,W (Thu),CHE 3<br/>@BHA 1 F,7,7,9%,0%,1,90,0,1,0,0,0,0,0,0,0,0,0,0,0,2,0,0,0,0,3,0,0,14,2,2,0,0,0,0,0,0,0,0,0,0,57,46,80.7,9,0,0,0,0,0,0,0,0,3,0,1,1,2,0,2,0,0,7,6,2,1,0,0,0,8,0,0,14,11,8,0,0,0,0,0,0,0,0,0,0,1
Adam Lallana,BHA,M,86,W (Thu),CHE 3<br/>@BHA 1 F,6,6,82%,0%,1,45,0,0,0,2,0,0,0,0,0,0,0,0,0,0,0,0,0,0,0,0,1,3,0,1,0,0,0,0,0,0,0,0,0,0,18,16,88.9,8,0,0,0,0,0,0,0,0,1,0,1,1,1,1,2,0,0,3,4,1,2,0,0,0,2,0,0,3,0,0,0,1,0,0,0,0,0,0,0,0,1
Pascal Gross,BHA,M,137,W (Thu),CHE 3<br/>@BHA 1 F,2,2,30%,0%,1,11,0,0,0,0,0,0,0,0,0,0,0,0,0,0,0,0,0,0,1,0,0,1,0,0,0,0,0,0,0,0,0,0,0,0,13,12,92.3,2,0,0,0,0,0,0,0,0,1,0,0,0,0,0,0,0,0,1,0,0,0,0,0,0,3,0,0,1,3,3,1,0,0,0,0,0,0,0,0,0,1
Aaron Connolly,BHA,F,151,W (Thu),CHE 3<br/>@BHA 1 F,1.5,1.5,3%,0%,1,45,0,1,0,0,0,0,0,0,0,0,0,0,0,3,1,0.3,0,1,0,0,1,4,0,0,0,0,0,0,0,0,0,0,0,0,2,2,100,2,0,0,0,0,0,0,0,0,0,0,0,0,2,0,0,0,0,0,4,0,1,0,0,0,0,0,0,4,0,0,1,0,0,0,0,0,0,0,0,0,1
Neal Maupay,BHA,F,166,W (Thu),CHE 3<br/>@BHA 1 F,0.5,0.5,74%,0%,1,90,0,1,0,0,0,0,0,0,0,0,0,0,0,1,0,0,0,0,0,0,1,5,0,1,0,0,0,0,0,0,0,0,0,0,13,10,76.9,3,1,0,1,0,0,1,0,0,1,0,0,0,0,0,1,0,0,1,4,0,3,0,1,0,1,0,0,5,0,0,0,0,0,0,0,0,0,0,0,0,1
Adam Webster,BHA,D,167,W (Thu),CHE 3<br/>@BHA 1 F,0.5,0.5,21%,0%,1,90,0,1,0,1,0,0,0,0,0,0,0,0,0,1,0,0,0,0,1,0,0,12,0,2,0,0,0,0,0,0,0,0,0,0,65,55,84.6,6,0,0,0,0,0,0,0,0,2,0,2,2,0,0,2,0,0,6,2,1,2,0,0,0,6,0,0,12,6,5,0,0,0,0,0,0,0,3,0,0,1
Florin Andone,BHA,F,172,W (Thu),CHE 3<br/>@BHA 1 F,0,0,100%,0%,0,0,0,0,0,0,0,0,0,0,0,0,0,0,0,0,0,0,0,0,0,0,0,0,0,0,0,0,0,0,0,0,0,0,0,0,0,0,0,0,0,0,0,0,0,0,0,0,0,0,0,0,0,0,0,0,0,0,0,0,0,0,0,0,0,0,0,0,0,0,0,0,0,0,0,0,0,0,0,0,1
Dan Burn,BHA,D,224,W (Thu),CHE 3<br/>@BHA 1 F,0,0,49%,0%,0,0,0,1,0,0,0,0,0,0,0,0,0,0,0,0,0,0,0,0,0,0,0,0,0,0,0,0,0,0,0,0,0,0,0,0,0,0,0,0,0,0,0,0,0,0,0,0,0,0,0,0,0,0,0,0,0,0,0,0,0,0,0,0,0,0,0,0,0,0,0,0,0,0,0,0,0,0,0,0,1
Ben White,BHA,D,231,W (Thu),CHE 3<br/>@BHA 1 F,0,0,38%,0%,1,79,0,1,0,0,0,0,0,0,0,0,0,0,0,0,0,0,0,0,2,0,0,10,1,0,0,0,0,0,0,0,0,0,0,0,48,39,81.3,2,0,0,0,0,0,0,1,0,0,0,0,0,1,1,1,0,1,6,3,3,1,0,0,0,4,0,0,10,6,1,0,1,0,0,0,0,0,3,0,0,1
Davy Propper,BHA,M,283,W (Thu),CHE 3<br/>@BHA 1 F,0,0,5%,0%,0,0,0,1,0,0,0,0,0,0,0,0,0,0,0,0,0,0,0,0,0,0,0,0,0,0,0,0,0,0,0,0,0,0,0,0,0,0,0,0,0,0,0,0,0,0,0,0,0,0,0,0,0,0,0,0,0,0,0,0,0,0,0,0,0,0,0,0,0,0,0,0,0,0,0,0,0,0,0,0,1
Alexis Mac Allister,BHA,M,286,W (Thu),CHE 3<br/>@BHA 1 F,0,0,5%,0%,0,0,0,1,0,0,0,0,0,0,0,0,0,0,0,0,0,0,0,0,0,0,0,0,0,0,0,0,0,0,0,0,0,0,0,0,0,0,0,0,0,0,0,0,0,0,0,0,0,0,0,0,0,0,0,0,0,0,0,0,0,0,0,0,0,0,0,0,0,0,0,0,0,0,0,0,0,0,0,0,1
Joel Veltman,BHA,D,296,W (Thu),CHE 3<br/>@BHA 1 F,0,0,4%,0%,0,0,0,1,0,0,0,0,0,0,0,0,0,0,0,0,0,0,0,0,0,0,0,0,0,0,0,0,0,0,0,0,0,0,0,0,0,0,0,0,0,0,0,0,0,0,0,0,0,0,0,0,0,0,0,0,0,0,0,0,0,0,0,0,0,0,0,0,0,0,0,0,0,0,0,0,0,0,0,0,1
Dale Stephens,BHA,M,311,W (Thu),CHE 3<br/>@BHA 1 F,0,0,2%,0%,0,0,0,1,0,0,0,0,0,0,0,0,0,0,0,0,0,0,0,0,0,0,0,0,0,0,0,0,0,0,0,0,0,0,0,0,0,0,0,0,0,0,0,0,0,0,0,0,0,0,0,0,0,0,0,0,0,0,0,0,0,0,0,0,0,0,0,0,0,0,0,0,0,0,0,0,0,0,0,0,1
Alireza Jahanbakhsh,BHA,F,358,W (Thu),CHE 3<br/>@BHA 1 F,0,0,1%,0%,1,11,0,0,0,0,0,0,0,0,0,0,0,0,0,0,0,0,0,0,0,0,0,4,0,0,0,0,0,0,0,0,0,0,0,0,9,6,66.7,2,1,0,1,0,0,0,0,0,0,0,0,0,0,0,0,0,0,1,0,0,0,0,0,0,0,0,0,4,0,0,1,0,0,0,0,0,0,0,0,0,1
Bernardo,BHA,D,385,W (Thu),CHE 3<br/>@BHA 1 F,0,0,0%,0%,0,0,0,1,0,0,0,0,0,0,0,0,0,0,0,0,0,0,0,0,0,0,0,0,0,0,0,0,0,0,0,0,0,0,0,0,0,0,0,0,0,0,0,0,0,0,0,0,0,0,0,0,0,0,0,0,0,0,0,0,0,0,0,0,0,0,0,0,0,0,0,0,0,0,0,0,0,0,0,0,1
Jose Izquierdo,BHA,F,407,W (Thu),CHE 3<br/>@BHA 1 F,0,0,0%,0%,0,0,0,1,0,0,0,0,0,0,0,0,0,0,0,0,0,0,0,0,0,0,0,0,0,0,0,0,0,0,0,0,0,0,0,0,0,0,0,0,0,0,0,0,0,0,0,0,0,0,0,0,0,0,0,0,0,0,0,0,0,0,0,0,0,0,0,0,0,0,0,0,0,0,0,0,0,0,0,0,1
Max Sanders,BHA,M,423,W (Thu),CHE 3<br/>@BHA 1 F,0,0,0%,0%,0,0,0,1,0,0,0,0,0,0,0,0,0,0,0,0,0,0,0,0,0,0,0,0,0,0,0,0,0,0,0,0,0,0,0,0,0,0,0,0,0,0,0,0,0,0,0,0,0,0,0,0,0,0,0,0,0,0,0,0,0,0,0,0,0,0,0,0,0,0,0,0,0,0,0,0,0,0,0,0,1
Jayson Molumby,BHA,M,460,W (Thu),CHE 3<br/>@BHA 1 F,0,0,0%,0%,0,0,0,1,0,0,0,0,0,0,0,0,0,0,0,0,0,0,0,0,0,0,0,0,0,0,0,0,0,0,0,0,0,0,0,0,0,0,0,0,0,0,0,0,0,0,0,0,0,0,0,0,0,0,0,0,0,0,0,0,0,0,0,0,0,0,0,0,0,0,0,0,0,0,0,0,0,0,0,0,1
Lewis Dunk,BHA,D,473,W (Thu),CHE 3<br/>@BHA 1 F,-0.75,-0.75,85%,0%,1,90,0,1,0,0,0,0,0,0,0,0,0,0,0,1,0,0,0,0,2,0,0,4,1,3,0,0,0,0,0,0,0,0,0,0,77,73,94.8,4,0,0,0,0,0,0,0,0,1,0,1,1,0,0,3,0,2,7,2,2,1,0,1,0,10,0,0,4,10,6,0,0,0,0,0,0,0,3,0,0,1
Reece James,CHE,D,2,W (Thu),CHE 3<br/>@BHA 1 F,32.5,32.5,97%,0%,1,90,1,3,0,2,0,0,0,0,0,0,0,0,1,1,1,1,0,0,2,0,0,14,1,0,0,0,0,0,0,1,0,0,0,0,43,38,88.4,5,9,1,7,3,1,1,0,0,3,0,2,2,0,0,0,0,2,6,2,4,0,0,0,0,3,0,0,14,4,2,0,0,0,0,0,0,0,1,0,0,1
Jorginho,CHE,M,8,W (Thu),CHE 3<br/>@BHA 1 F,23.5,23.5,37%,0%,1,85,1,3,0,2,0,0,0,0,0,0,0,0,1,1,1,1,0,0,0,0,0,9,1,1,0,0,0,0,0,0,0,0,0,0,54,45,83.3,13,0,0,0,0,0,0,1,0,2,0,1,1,0,0,1,0,0,4,3,1,0,0,0,1,10,0,0,9,9,5,0,1,1,1,0,0,0,0,0,0,1
Kurt Zouma,CHE,D,17,W (Thu),CHE 3<br/>@BHA 1 F,17.25,17.25,42%,0%,1,90,1,3,0,0,0,0,0,0,0,0,0,0,0,1,1,1,0,0,0,0,1,9,1,0,0,0,0,0,0,0,0,0,0,0,51,43,84.3,1,0,0,0,0,0,0,2,0,4,0,3,3,0,0,0,0,1,3,2,3,0,0,0,0,4,0,0,9,9,7,0,0,0,0,0,0,0,1,0,0,1
Timo Werner,CHE,F,35,W (Thu),CHE 3<br/>@BHA 1 F,13,13,100%,0%,1,90,0,3,0,1,0,0,0,0,0,1,0,0,1,5,1,0.2,0,3,0,0,2,11,2,2,0,0,0,0,0,1,0,0,0,2,22,17,77.3,4,0,0,0,0,0,2,0,0,2,0,0,0,3,2,4,0,0,4,5,0,0,0,0,0,2,0,0,11,0,0,0,0,0,0,0,1,0,0,0,0,1
Mason Mount,CHE,M,64,W (Thu),CHE 3<br/>@BHA 1 F,8.5,8.5,99%,0%,1,90,0,3,0,2,0,0,0,0,0,0,0,0,0,1,0,0,0,0,2,0,1,11,3,0,0,0,0,0,0,0,0,0,0,0,39,33,84.6,11,1,1,0,0,0,0,0,0,0,0,1,1,4,2,2,0,0,6,8,0,1,0,0,0,4,0,0,11,1,0,0,0,0,0,0,0,0,0,0,0,1
N'Golo Kante,CHE,M,65,W (Thu),CHE 3<br/>@BHA 1 F,8.5,8.5,89%,0%,1,90,0,3,0,0,0,0,0,0,0,0,0,0,0,0,0,0,0,0,2,0,0,5,0,0,0,0,0,0,0,0,0,0,0,0,38,35,92.1,6,1,0,1,0,0,0,0,0,6,0,1,1,0,0,0,0,0,4,1,1,1,0,0,0,5,0,0,5,2,1,0,0,0,0,0,0,0,0,0,0,1
Ross Barkley,CHE,M,106,W (Thu),CHE 3<br/>@BHA 1 F,4.5,4.5,7%,0%,1,29,0,1,0,1,0,0,0,0,0,0,0,0,0,1,1,1,0,0,0,0,1,5,2,2,0,0,0,0,0,0,0,0,0,1,23,20,87,5,0,0,0,0,0,0,0,0,0,0,0,0,0,0,2,0,0,4,4,2,1,0,0,0,4,0,0,5,2,2,1,0,0,0,0,0,0,0,0,0,1
Marcos Alonso,CHE,D,113,W (Thu),CHE 3<br/>@BHA 1 F,3.75,3.75,92%,0%,1,90,0,3,0,0,0,0,0,0,0,0,0,0,0,0,0,0,0,0,0,0,1,18,1,1,0,0,0,0,0,0,0,0,0,0,68,55,80.9,10,1,0,1,0,0,0,0,0,5,0,5,5,0,0,1,0,0,1,3,0,1,0,0,0,4,0,0,18,8,2,0,0,0,0,0,0,0,1,0,0,1
Kai Havertz,CHE,M,115,W (Thu),CHE 3<br/>@BHA 1 F,3.5,3.5,95%,0%,1,80,0,3,0,1,0,0,0,0,0,0,0,0,0,0,0,0,0,0,2,0,3,8,1,0,0,0,0,0,0,0,0,0,0,0,27,24,88.9,8,0,0,0,0,0,0,0,0,0,0,0,0,2,1,1,0,0,4,8,0,1,0,0,0,7,0,0,8,2,1,0,1,0,0,0,0,0,0,0,0,1
Andreas Christensen,CHE,D,119,W (Thu),CHE 3<br/>@BHA 1 F,3.5,3.5,15%,0%,1,90,0,3,0,0,0,0,0,0,0,0,0,0,0,0,0,0,0,0,1,0,0,5,0,0,0,0,0,0,0,0,0,0,0,0,47,44,93.6,3,0,0,0,0,0,0,1,0,3,1,2,2,0,0,0,0,1,3,0,1,0,0,0,0,2,0,0,5,8,6,0,0,0,0,0,0,0,1,0,0,1
Christian Pulisic,CHE,M,180,W (Thu),CHE 3<br/>@BHA 1 F,0,0,100%,0%,0,0,0,3,0,0,0,0,0,0,0,0,0,0,0,0,0,0,0,0,0,0,0,0,0,0,0,0,0,0,0,0,0,0,0,0,0,0,0,0,0,0,0,0,0,0,0,0,0,0,0,0,0,0,0,0,0,0,0,0,0,0,0,0,0,0,0,0,0,0,0,0,0,0,0,0,0,0,0,0,1
Hakim Ziyech,CHE,M,188,W (Thu),CHE 3<br/>@BHA 1 F,0,0,99%,0%,0,0,0,3,0,0,0,0,0,0,0,0,0,0,0,0,0,0,0,0,0,0,0,0,0,0,0,0,0,0,0,0,0,0,0,0,0,0,0,0,0,0,0,0,0,0,0,0,0,0,0,0,0,0,0,0,0,0,0,0,0,0,0,0,0,0,0,0,0,0,0,0,0,0,0,0,0,0,0,0,1
Ben Chilwell,CHE,D,190,W (Thu),CHE 3<br/>@BHA 1 F,0,0,99%,0%,0,0,0,3,0,0,0,0,0,0,0,0,0,0,0,0,0,0,0,0,0,0,0,0,0,0,0,0,0,0,0,0,0,0,0,0,0,0,0,0,0,0,0,0,0,0,0,0,0,0,0,0,0,0,0,0,0,0,0,0,0,0,0,0,0,0,0,0,0,0,0,0,0,0,0,0,0,0,0,0,1
Cesar Azpilicueta,CHE,D,192,W (Thu),CHE 3<br/>@BHA 1 F,0,0,98%,0%,1,5,0,0,0,0,0,0,0,0,0,0,0,0,0,0,0,0,0,0,0,0,0,3,0,0,0,0,0,0,0,0,0,0,0,0,6,4,66.7,1,1,0,1,0,0,0,0,0,0,0,0,0,0,0,0,0,0,0,0,0,0,0,0,0,2,0,0,3,1,0,1,0,0,0,0,0,0,0,0,0,1
Thiago Silva,CHE,D,203,W (Thu),CHE 3<br/>@BHA 1 F,0,0,92%,0%,0,0,0,3,0,0,0,0,0,0,0,0,0,0,0,0,0,0,0,0,0,0,0,0,0,0,0,0,0,0,0,0,0,0,0,0,0,0,0,0,0,0,0,0,0,0,0,0,0,0,0,0,0,0,0,0,0,0,0,0,0,0,0,0,0,0,0,0,0,0,0,0,0,0,0,0,0,0,0,0,1
Tammy Abraham,CHE,F,207,W (Thu),CHE 3<br/>@BHA 1 F,0,0,83%,0%,0,0,0,3,0,0,0,0,0,0,0,0,0,0,0,0,0,0,0,0,0,0,0,0,0,0,0,0,0,0,0,0,0,0,0,0,0,0,0,0,0,0,0,0,0,0,0,0,0,0,0,0,0,0,0,0,0,0,0,0,0,0,0,0,0,0,0,0,0,0,0,0,0,0,0,0,0,0,0,0,1
Mateo Kovacic,CHE,M,223,W (Thu),CHE 3<br/>@BHA 1 F,0,0,50%,0%,0,0,0,3,0,0,0,0,0,0,0,0,0,0,0,0,0,0,0,0,0,0,0,0,0,0,0,0,0,0,0,0,0,0,0,0,0,0,0,0,0,0,0,0,0,0,0,0,0,0,0,0,0,0,0,0,0,0,0,0,0,0,0,0,0,0,0,0,0,0,0,0,0,0,0,0,0,0,0,0,1
Antonio Rudiger,CHE,D,229,W (Thu),CHE 3<br/>@BHA 1 F,0,0,41%,0%,0,0,0,3,0,0,0,0,0,0,0,0,0,0,0,0,0,0,0,0,0,0,0,0,0,0,0,0,0,0,0,0,0,0,0,0,0,0,0,0,0,0,0,0,0,0,0,0,0,0,0,0,0,0,0,0,0,0,0,0,0,0,0,0,0,0,0,0,0,0,0,0,0,0,0,0,0,0,0,0,1
Callum Hudson-Odoi,CHE,F,233,W (Thu),CHE 3<br/>@BHA 1 F,0,0,35%,0%,1,10,0,0,0,0,0,0,0,0,0,0,0,0,0,0,0,0,0,0,0,0,0,0,0,0,0,0,0,0,0,0,0,0,0,0,6,6,100,6,0,0,0,0,0,0,0,0,0,0,0,0,0,0,0,0,0,0,0,0,0,0,0,0,1,0,0,0,1,1,1,0,0,0,0,0,0,0,0,0,1
Olivier Giroud,CHE,F,235,W (Thu),CHE 3<br/>@BHA 1 F,0,0,34%,0%,0,0,0,3,0,0,0,0,0,0,0,0,0,0,0,0,0,0,0,0,0,0,0,0,0,0,0,0,0,0,0,0,0,0,0,0,0,0,0,0,0,0,0,0,0,0,0,0,0,0,0,0,0,0,0,0,0,0,0,0,0,0,0,0,0,0,0,0,0,0,0,0,0,0,0,0,0,0,0,0,1
Ruben Loftus-Cheek,CHE,M,240,W (Thu),CHE 3<br/>@BHA 1 F,0,0,27%,0%,1,61,0,2,0,0,0,0,0,0,0,0,0,0,0,0,0,0,0,0,0,0,1,12,1,2,0,0,0,0,0,0,0,0,0,0,17,11,64.7,4,0,0,0,0,0,0,0,0,0,0,0,0,3,0,2,0,0,3,10,1,5,0,0,0,4,0,0,12,0,0,0,1,0,0,0,0,0,0,0,0,1
Fikayo Tomori,CHE,D,298,W (Thu),CHE 3<br/>@BHA 1 F,0,0,3%,0%,0,0,0,3,0,0,0,0,0,0,0,0,0,0,0,0,0,0,0,0,0,0,0,0,0,0,0,0,0,0,0,0,0,0,0,0,0,0,0,0,0,0,0,0,0,0,0,0,0,0,0,0,0,0,0,0,0,0,0,0,0,0,0,0,0,0,0,0,0,0,0,0,0,0,0,0,0,0,0,0,1
Billy Gilmour,CHE,M,309,W (Thu),CHE 3<br/>@BHA 1 F,0,0,2%,0%,0,0,0,3,0,0,0,0,0,0,0,0,0,0,0,0,0,0,0,0,0,0,0,0,0,0,0,0,0,0,0,0,0,0,0,0,0,0,0,0,0,0,0,0,0,0,0,0,0,0,0,0,0,0,0,0,0,0,0,0,0,0,0,0,0,0,0,0,0,0,0,0,0,0,0,0,0,0,0,0,1
Emerson,CHE,D,340,W (Thu),CHE 3<br/>@BHA 1 F,0,0,1%,0%,0,0,0,3,0,0,0,0,0,0,0,0,0,0,0,0,0,0,0,0,0,0,0,0,0,0,0,0,0,0,0,0,0,0,0,0,0,0,0,0,0,0,0,0,0,0,0,0,0,0,0,0,0,0,0,0,0,0,0,0,0,0,0,0,0,0,0,0,0,0,0,0,0,0,0,0,0,0,0,0,1
Scott Dann,CRY,D,10,FA,SOU 0<br/>@CRY 1 F,21,21,3%,0%,1,90,0,1,0,0,0,0,0,0,0,0,0,0,0,0,0,0,0,0,0,0,0,13,0,0,0,0,0,0,0,0,0,0,0,0,26,14,53.8,1,0,0,0,0,0,0,1,0,2,0,8,8,0,0,0,0,0,11,2,11,2,0,0,0,3,0,0,13,3,1,0,0,0,0,0,0,0,0,1,90,1
Andros Townsend,CRY,M,21,FA,SOU 0<br/>@CRY 1 F,16.5,16.5,27%,0%,1,90,0,1,0,2,0,0,0,0,0,0,0,0,1,0,0,0,0,0,1,0,2,22,1,1,0,0,0,0,0,0,0,0,0,1,27,11,40.7,5,3,2,1,1,0,1,0,0,1,0,0,0,2,2,3,1,0,6,9,1,3,2,0,0,11,0,0,22,6,0,0,0,0,0,0,0,0,0,1,90,1
Joel Ward,CRY,D,39,FA,SOU 0<br/>@CRY 1 F,12.5,12.5,4%,0%,1,90,0,1,0,0,0,0,0,0,0,0,0,0,0,0,0,0,0,0,0,0,0,14,1,0,0,0,0,0,0,0,0,0,0,0,21,12,57.1,3,0,0,0,0,0,0,1,0,1,0,6,6,0,0,0,0,0,4,4,4,2,0,0,0,7,0,0,14,6,2,0,0,0,0,0,0,0,0,1,90,1
Wilfried Zaha,CRY,M,48,FA,SOU 0<br/>@CRY 1 F,11,11,100%,0%,1,90,1,1,0,0,0,0,0,0,0,0,0,0,0,2,1,0.5,0,0,0,0,4,13,2,2,0,0,0,0,0,0,0,0,0,1,10,8,80,5,0,0,0,0,0,0,0,0,0,0,0,0,1,1,3,1,0,3,9,0,3,0,1,1,4,0,0,13,1,1,0,0,0,0,0,0,0,0,1,90,1
Tyrick Mitchell,CRY,D,51,FA,SOU 0<br/>@CRY 1 F,11,11,5%,0%,1,90,0,1,0,0,0,0,0,0,0,0,0,0,0,0,0,0,0,0,4,0,1,23,0,1,0,0,0,0,0,0,0,0,0,0,23,14,60.9,6,1,0,1,0,0,1,0,0,1,0,2,2,1,0,1,0,0,7,5,0,3,0,0,0,7,0,0,23,9,2,0,0,0,0,0,0,0,0,1,90,1
James McArthur,CRY,M,58,FA,SOU 0<br/>@CRY 1 F,9.5,9.5,30%,0%,1,90,0,1,0,1,0,0,0,0,0,0,0,0,0,1,0,0,0,0,1,0,0,19,1,2,0,0,0,0,0,0,0,0,0,0,31,15,48.4,2,0,0,0,0,0,0,1,0,3,0,2,2,1,1,3,0,0,8,2,3,1,1,0,0,9,0,0,19,8,2,0,0,0,0,0,0,0,0,1,90,1
Luka Milivojevic,CRY,M,94,FA,SOU 0<br/>@CRY 1 F,5.5,5.5,55%,0%,1,16,0,0,0,2,0,0,0,0,0,0,0,0,0,0,0,0,0,0,0,0,0,3,1,1,0,0,0,0,0,0,0,0,0,0,10,7,70,2,2,1,0,1,1,0,0,0,0,0,1,1,0,0,1,0,0,2,2,1,1,0,0,0,3,0,0,3,2,1,1,0,0,0,0,0,0,0,0,16,1
Cheikhou Kouyate,CRY,M,120,FA,SOU 0<br/>@CRY 1 F,3.5,3.5,3%,0%,1,90,0,1,0,0,0,0,0,0,0,0,0,0,0,1,1,1,0,0,0,0,0,9,2,1,0,0,0,0,0,0,0,0,0,0,18,11,61.1,1,0,0,0,0,0,0,0,0,0,0,2,2,0,0,1,0,1,3,4,1,3,0,1,0,3,0,0,9,7,2,0,0,0,0,0,0,0,0,1,90,1
Eberechi Eze,CRY,M,127,W (Thu),SOU 0<br/>@CRY 1 F,2.5,2.5,85%,0%,1,9,0,0,0,0,0,0,0,0,0,0,0,0,0,0,0,0,0,0,0,0,1,6,0,0,0,0,0,0,0,0,0,0,0,0,7,6,85.7,4,3,1,1,2,1,2,0,0,0,0,0,0,5,2,2,0,0,2,5,0,1,0,0,0,3,0,0,6,1,0,1,0,0,0,0,0,0,0,0,9,1
Jeffrey Schlupp,CRY,M,128,FA,SOU 0<br/>@CRY 1 F,2.5,2.5,9%,0%,1,81,0,1,0,0,0,0,0,0,0,0,0,0,0,0,0,0,0,0,1,0,2,16,1,0,0,0,1,0,0,0,0,0,0,0,10,1,10,0,3,0,3,0,0,2,0,0,2,0,0,0,0,0,0,0,0,6,6,5,2,0,0,0,0,0,0,16,1,1,0,1,0,0,0,0,0,0,1,81,1
James McCarthy,CRY,M,140,FA,SOU 0<br/>@CRY 1 F,2,2,1%,0%,1,74,0,1,0,0,0,0,0,0,0,0,0,0,0,0,0,0,0,0,1,0,0,12,3,1,0,0,1,0,0,0,0,0,0,0,19,12,63.2,2,4,0,2,3,2,0,0,0,2,0,0,0,0,0,1,0,0,4,5,2,2,0,0,0,6,0,0,12,4,1,0,1,0,0,0,0,0,0,1,74,1
Jordan Ayew,CRY,F,144,FA,SOU 0<br/>@CRY 1 F,1.5,1.5,90%,0%,1,90,0,1,0,0,0,0,0,0,0,0,0,0,0,1,1,1,0,0,1,0,13,25,2,1,0,0,0,0,0,0,0,0,0,2,8,4,50,3,0,0,0,0,0,1,0,0,0,0,0,0,5,4,5,0,0,9,24,2,7,0,0,0,5,0,0,25,0,0,0,0,0,0,0,0,0,0,1,90,1
Patrick van Aanholt,CRY,D,220,FA,SOU 0<br/>@CRY 1 F,0,0,57%,0%,0,0,0,0,0,0,0,0,0,0,0,0,0,0,0,0,0,0,0,0,0,0,0,0,0,0,0,0,0,0,0,0,0,0,0,0,0,0,0,0,0,0,0,0,0,0,0,0,0,0,0,0,0,0,0,0,0,0,0,0,0,0,0,0,0,0,0,0,0,0,0,0,0,0,0,0,0,0,0,0,1
Michy Batshuayi,CRY,F,225,FA,SOU 0<br/>@CRY 1 F,0,0,45%,0%,0,0,0,0,0,0,0,0,0,0,0,0,0,0,0,0,0,0,0,0,0,0,0,0,0,0,0,0,0,0,0,0,0,0,0,0,0,0,0,0,0,0,0,0,0,0,0,0,0,0,0,0,0,0,0,0,0,0,0,0,0,0,0,0,0,0,0,0,0,0,0,0,0,0,0,0,0,0,0,0,1
Christian Benteke,CRY,F,246,FA,SOU 0<br/>@CRY 1 F,0,0,22%,0%,0,0,0,0,0,0,0,0,0,0,0,0,0,0,0,0,0,0,0,0,0,0,0,0,0,0,0,0,0,0,0,0,0,0,0,0,0,0,0,0,0,0,0,0,0,0,0,0,0,0,0,0,0,0,0,0,0,0,0,0,0,0,0,0,0,0,0,0,0,0,0,0,0,0,0,0,0,0,0,0,1
Nathan Ferguson,CRY,D,304,W (Thu),SOU 0<br/>@CRY 1 F,0,0,2%,0%,0,0,0,0,0,0,0,0,0,0,0,0,0,0,0,0,0,0,0,0,0,0,0,0,0,0,0,0,0,0,0,0,0,0,0,0,0,0,0,0,0,0,0,0,0,0,0,0,0,0,0,0,0,0,0,0,0,0,0,0,0,0,0,0,0,0,0,0,0,0,0,0,0,0,0,0,0,0,0,0,1
Gary Cahill,CRY,D,317,FA,SOU 0<br/>@CRY 1 F,0,0,1%,0%,0,0,0,0,0,0,0,0,0,0,0,0,0,0,0,0,0,0,0,0,0,0,0,0,0,0,0,0,0,0,0,0,0,0,0,0,0,0,0,0,0,0,0,0,0,0,0,0,0,0,0,0,0,0,0,0,0,0,0,0,0,0,0,0,0,0,0,0,0,0,0,0,0,0,0,0,0,0,0,0,1
James Tomkins,CRY,D,342,FA,SOU 0<br/>@CRY 1 F,0,0,1%,0%,0,0,0,0,0,0,0,0,0,0,0,0,0,0,0,0,0,0,0,0,0,0,0,0,0,0,0,0,0,0,0,0,0,0,0,0,0,0,0,0,0,0,0,0,0,0,0,0,0,0,0,0,0,0,0,0,0,0,0,0,0,0,0,0,0,0,0,0,0,0,0,0,0,0,0,0,0,0,0,0,1
Mamadou Sakho,CRY,D,348,FA,SOU 0<br/>@CRY 1 F,0,0,1%,0%,0,0,0,0,0,0,0,0,0,0,0,0,0,0,0,0,0,0,0,0,0,0,0,0,0,0,0,0,0,0,0,0,0,0,0,0,0,0,0,0,0,0,0,0,0,0,0,0,0,0,0,0,0,0,0,0,0,0,0,0,0,0,0,0,0,0,0,0,0,0,0,0,0,0,0,0,0,0,0,0,1
Martin Kelly,CRY,D,364,FA,SOU 0<br/>@CRY 1 F,0,0,1%,0%,0,0,0,0,0,0,0,0,0,0,0,0,0,0,0,0,0,0,0,0,0,0,0,0,0,0,0,0,0,0,0,0,0,0,0,0,0,0,0,0,0,0,0,0,0,0,0,0,0,0,0,0,0,0,0,0,0,0,0,0,0,0,0,0,0,0,0,0,0,0,0,0,0,0,0,0,0,0,0,0,1
Max Meyer,CRY,M,375,FA,SOU 0<br/>@CRY 1 F,0,0,1%,0%,0,0,0,0,0,0,0,0,0,0,0,0,0,0,0,0,0,0,0,0,0,0,0,0,0,0,0,0,0,0,0,0,0,0,0,0,0,0,0,0,0,0,0,0,0,0,0,0,0,0,0,0,0,0,0,0,0,0,0,0,0,0,0,0,0,0,0,0,0,0,0,0,0,0,0,0,0,0,0,0,1
Brandon Pierrick,CRY,F,398,FA,SOU 0<br/>@CRY 1 F,0,0,0%,0%,0,0,0,0,0,0,0,0,0,0,0,0,0,0,0,0,0,0,0,0,0,0,0,0,0,0,0,0,0,0,0,0,0,0,0,0,0,0,0,0,0,0,0,0,0,0,0,0,0,0,0,0,0,0,0,0,0,0,0,0,0,0,0,0,0,0,0,0,0,0,0,0,0,0,0,0,0,0,0,0,1
Jairo Riedewald,CRY,M,399,FA,SOU 0<br/>@CRY 1 F,0,0,0%,0%,0,0,0,0,0,0,0,0,0,0,0,0,0,0,0,0,0,0,0,0,0,0,0,0,0,0,0,0,0,0,0,0,0,0,0,0,0,0,0,0,0,0,0,0,0,0,0,0,0,0,0,0,0,0,0,0,0,0,0,0,0,0,0,0,0,0,0,0,0,0,0,0,0,0,0,0,0,0,0,0,1
Connor Wickham,CRY,F,414,W (Thu),SOU 0<br/>@CRY 1 F,0,0,0%,0%,0,0,0,0,0,0,0,0,0,0,0,0,0,0,0,0,0,0,0,0,0,0,0,0,0,0,0,0,0,0,0,0,0,0,0,0,0,0,0,0,0,0,0,0,0,0,0,0,0,0,0,0,0,0,0,0,0,0,0,0,0,0,0,0,0,0,0,0,0,0,0,0,0,0,0,0,0,0,0,0,1
Jaroslaw Jach,CRY,D,446,W (Thu),SOU 0<br/>@CRY 1 F,0,0,0%,0%,0,0,0,0,0,0,0,0,0,0,0,0,0,0,0,0,0,0,0,0,0,0,0,0,0,0,0,0,0,0,0,0,0,0,0,0,0,0,0,0,0,0,0,0,0,0,0,0,0,0,0,0,0,0,0,0,0,0,0,0,0,0,0,0,0,0,0,0,0,0,0,0,0,0,0,0,0,0,0,0,1
Sam Woods,CRY,D,447,FA,SOU 0<br/>@CRY 1 F,0,0,0%,0%,0,0,0,0,0,0,0,0,0,0,0,0,0,0,0,0,0,0,0,0,0,0,0,0,0,0,0,0,0,0,0,0,0,0,0,0,0,0,0,0,0,0,0,0,0,0,0,0,0,0,0,0,0,0,0,0,0,0,0,0,0,0,0,0,0,0,0,0,0,0,0,0,0,0,0,0,0,0,0,0,1
Lucas Digne,EVE,D,6,FA,EVE 1<br/>@TOT 0 F,24.75,24.75,100%,0%,1,90,0,1,0,1,0,0,0,0,0,0,0,0,1,0,0,0,0,0,1,0,0,14,0,0,0,0,0,0,0,0,0,0,0,0,63,55,87.3,6,7,2,5,2,0,1,0,0,2,0,7,7,0,0,0,0,0,5,3,2,2,0,0,0,2,0,0,14,8,4,0,0,0,0,0,0,0,0,1,90,1
Dominic Calvert-Lewin,EVE,F,12,FA,EVE 1<br/>@TOT 0 F,18.5,18.5,98%,0%,1,89,1,1,0,1,0,0,0,0,0,0,0,0,0,2,2,1,0,0,0,0,0,3,0,2,0,0,0,0,0,0,0,0,0,1,15,13,86.7,6,0,0,0,0,0,0,0,0,0,0,0,0,1,1,3,0,0,7,7,5,7,0,0,0,1,0,0,3,0,0,0,1,0,0,0,0,0,0,1,89,1
Richarlison,EVE,F,14,FA,EVE 1<br/>@TOT 0 F,18,18,100%,0%,1,90,0,1,0,1,0,0,0,0,0,0,0,0,0,7,1,0.1,0,2,3,0,3,14,1,6,0,0,0,0,0,1,0,0,0,0,40,33,82.5,7,2,0,2,0,0,1,0,0,1,0,1,1,11,11,17,0,1,23,3,1,0,0,2,0,13,0,0,14,1,1,0,0,0,0,0,0,0,0,1,90,1
James Rodriguez,EVE,M,22,W (Thu),EVE 1<br/>@TOT 0 F,16,16,90%,0%,1,89,0,1,0,5,0,0,0,0,0,0,0,0,0,3,0,0,0,1,0,0,1,13,1,2,0,0,0,0,0,0,0,0,0,0,56,47,83.9,11,1,0,1,1,0,0,0,0,3,0,0,0,2,2,4,0,0,7,5,1,3,1,0,0,5,0,0,13,12,11,0,1,0,0,0,0,0,0,1,89,1
Abdoulaye Doucoure,EVE,M,26,FA,EVE 1<br/>@TOT 0 F,15.5,15.5,66%,0%,1,90,0,1,0,4,0,0,0,0,0,0,0,0,0,0,0,0,0,0,2,0,0,10,1,0,0,0,0,0,0,0,0,0,0,0,57,48,84.2,4,0,0,0,0,0,0,0,0,2,0,1,1,2,2,2,0,0,5,1,1,0,0,0,0,2,0,0,10,4,3,0,0,0,0,0,0,0,0,1,90,1
Seamus Coleman,EVE,D,28,FA,EVE 1<br/>@TOT 0 F,14.75,14.75,27%,0%,1,90,0,1,0,1,0,0,0,0,0,0,0,0,0,1,1,1,0,0,0,0,1,9,0,0,0,0,0,0,0,0,0,0,0,0,41,38,92.7,2,0,0,0,0,0,0,2,0,1,0,5,5,1,0,0,1,1,4,3,3,1,0,0,0,8,0,0,9,4,4,0,0,0,0,0,0,0,0,1,90,1
Yerry Mina,EVE,D,43,FA,EVE 1<br/>@TOT 0 F,11.75,11.75,26%,0%,1,90,0,1,0,0,0,0,0,0,0,0,0,0,0,1,0,0,0,0,0,0,0,5,0,0,0,0,0,0,0,0,0,0,0,0,57,52,91.2,1,0,0,0,0,0,0,0,0,3,0,7,7,0,0,0,0,1,1,1,1,1,0,0,0,4,0,0,5,4,2,0,0,0,0,0,0,0,0,1,90,1
Michael Keane,EVE,D,46,FA,EVE 1<br/>@TOT 0 F,11.25,11.25,70%,0%,1,90,0,1,0,0,0,0,0,0,0,0,0,0,0,0,0,0,0,0,0,0,0,4,0,0,0,0,0,0,0,0,0,0,0,0,61,57,93.4,1,0,0,0,0,0,0,1,0,2,0,9,9,0,0,0,0,0,2,2,1,2,0,0,0,2,0,0,4,3,2,0,0,0,0,0,0,0,0,1,90,1
Allan,EVE,M,84,W (Thu),EVE 1<br/>@TOT 0 F,6.5,6.5,69%,0%,1,90,0,1,0,0,0,0,0,0,0,0,0,0,0,0,0,0,0,0,3,0,1,11,2,3,0,0,0,0,0,0,0,0,0,0,55,46,83.6,1,1,0,1,0,0,0,1,0,2,0,3,3,1,1,4,1,0,8,9,0,2,0,0,0,8,0,0,11,7,3,0,0,0,0,0,0,0,0,1,90,1
Tom Davies,EVE,M,139,FA,EVE 1<br/>@TOT 0 F,2,2,1%,0%,1,1,0,0,0,0,0,0,0,0,0,0,0,0,0,0,0,0,0,0,0,0,0,1,0,0,0,0,0,0,0,0,0,0,0,0,1,0,0,0,0,0,0,0,0,0,0,0,2,0,0,0,0,0,0,0,0,0,0,0,0,0,0,0,1,0,0,1,1,0,1,0,0,0,0,0,0,0,0,1,1
Andre Gomes,EVE,M,148,FA,EVE 1<br/>@TOT 0 F,1.5,1.5,10%,0%,1,68,0,1,0,0,0,0,0,0,0,0,0,0,0,1,0,0,0,1,0,0,1,8,1,0,0,0,0,0,0,0,0,0,0,0,39,37,94.9,7,0,0,0,0,0,1,0,0,0,0,1,1,1,1,1,0,0,1,2,0,0,0,0,0,2,0,0,8,5,5,0,1,0,0,0,0,0,0,1,68,1
Gylfi Sigurdsson,EVE,M,156,FA,EVE 1<br/>@TOT 0 F,1,1,79%,0%,1,22,0,0,0,0,0,0,0,0,0,0,0,0,0,0,0,0,0,0,0,0,0,5,1,1,0,0,0,0,0,0,0,0,0,0,12,9,75,0,1,0,1,0,0,0,0,0,1,0,0,0,0,0,1,0,0,2,1,0,0,0,0,0,3,0,0,5,1,0,1,0,0,0,0,0,0,0,0,22,1
Moise Kean,EVE,F,269,FA,EVE 1<br/>@TOT 0 F,0,0,9%,0%,1,1,0,0,0,0,0,0,0,0,0,0,0,0,0,0,0,0,0,0,0,0,0,2,0,0,0,0,0,0,0,0,0,0,0,0,0,0,0,0,0,0,0,0,0,0,0,0,0,0,0,0,1,0,0,0,0,0,1,0,0,0,0,0,1,0,0,2,0,0,1,0,0,0,0,0,0,0,0,1,1
Mason Holgate,EVE,D,273,FA,EVE 1<br/>@TOT 0 F,0,0,6%,0%,0,0,0,1,0,0,0,0,0,0,0,0,0,0,0,0,0,0,0,0,0,0,0,0,0,0,0,0,0,0,0,0,0,0,0,0,0,0,0,0,0,0,0,0,0,0,0,0,0,0,0,0,0,0,0,0,0,0,0,0,0,0,0,0,0,0,0,0,0,0,0,0,0,0,0,0,0,0,0,0,1
Alex Iwobi,EVE,M,284,FA,EVE 1<br/>@TOT 0 F,0,0,5%,0%,0,0,0,1,0,0,0,0,0,0,0,0,0,0,0,0,0,0,0,0,0,0,0,0,0,0,0,0,0,0,0,0,0,0,0,0,0,0,0,0,0,0,0,0,0,0,0,0,0,0,0,0,0,0,0,0,0,0,0,0,0,0,0,0,0,0,0,0,0,0,0,0,0,0,0,0,0,0,0,0,1
Theo Walcott,EVE,M,287,FA,EVE 1<br/>@TOT 0 F,0,0,5%,0%,0,0,0,1,0,0,0,0,0,0,0,0,0,0,0,0,0,0,0,0,0,0,0,0,0,0,0,0,0,0,0,0,0,0,0,0,0,0,0,0,0,0,0,0,0,0,0,0,0,0,0,0,0,0,0,0,0,0,0,0,0,0,0,0,0,0,0,0,0,0,0,0,0,0,0,0,0,0,0,0,1
Bernard,EVE,M,301,FA,EVE 1<br/>@TOT 0 F,0,0,3%,0%,0,0,0,1,0,0,0,0,0,0,0,0,0,0,0,0,0,0,0,0,0,0,0,0,0,0,0,0,0,0,0,0,0,0,0,0,0,0,0,0,0,0,0,0,0,0,0,0,0,0,0,0,0,0,0,0,0,0,0,0,0,0,0,0,0,0,0,0,0,0,0,0,0,0,0,0,0,0,0,0,1
Anthony Gordon,EVE,F,321,FA,EVE 1<br/>@TOT 0 F,0,0,1%,0%,0,0,0,1,0,0,0,0,0,0,0,0,0,0,0,0,0,0,0,0,0,0,0,0,0,0,0,0,0,0,0,0,0,0,0,0,0,0,0,0,0,0,0,0,0,0,0,0,0,0,0,0,0,0,0,0,0,0,0,0,0,0,0,0,0,0,0,0,0,0,0,0,0,0,0,0,0,0,0,0,1
Jean-Philippe Gbamin,EVE,M,357,FA,EVE 1<br/>@TOT 0 F,0,0,1%,0%,0,0,0,1,0,0,0,0,0,0,0,0,0,0,0,0,0,0,0,0,0,0,0,0,0,0,0,0,0,0,0,0,0,0,0,0,0,0,0,0,0,0,0,0,0,0,0,0,0,0,0,0,0,0,0,0,0,0,0,0,0,0,0,0,0,0,0,0,0,0,0,0,0,0,0,0,0,0,0,0,1
Cenk Tosun,EVE,F,359,FA,EVE 1<br/>@TOT 0 F,0,0,1%,0%,0,0,0,1,0,0,0,0,0,0,0,0,0,0,0,0,0,0,0,0,0,0,0,0,0,0,0,0,0,0,0,0,0,0,0,0,0,0,0,0,0,0,0,0,0,0,0,0,0,0,0,0,0,0,0,0,0,0,0,0,0,0,0,0,0,0,0,0,0,0,0,0,0,0,0,0,0,0,0,0,1
Fabian Delph,EVE,M,370,FA,EVE 1<br/>@TOT 0 F,0,0,1%,0%,0,0,0,1,0,0,0,0,0,0,0,0,0,0,0,0,0,0,0,0,0,0,0,0,0,0,0,0,0,0,0,0,0,0,0,0,0,0,0,0,0,0,0,0,0,0,0,0,0,0,0,0,0,0,0,0,0,0,0,0,0,0,0,0,0,0,0,0,0,0,0,0,0,0,0,0,0,0,0,0,1
Yannick Bolasie,EVE,F,382,FA,EVE 1<br/>@TOT 0 F,0,0,0%,0%,0,0,0,1,0,0,0,0,0,0,0,0,0,0,0,0,0,0,0,0,0,0,0,0,0,0,0,0,0,0,0,0,0,0,0,0,0,0,0,0,0,0,0,0,0,0,0,0,0,0,0,0,0,0,0,0,0,0,0,0,0,0,0,0,0,0,0,0,0,0,0,0,0,0,0,0,0,0,0,0,1
Jarrad Branthwaite,EVE,D,383,FA,EVE 1<br/>@TOT 0 F,0,0,0%,0%,0,0,0,1,0,0,0,0,0,0,0,0,0,0,0,0,0,0,0,0,0,0,0,0,0,0,0,0,0,0,0,0,0,0,0,0,0,0,0,0,0,0,0,0,0,0,0,0,0,0,0,0,0,0,0,0,0,0,0,0,0,0,0,0,0,0,0,0,0,0,0,0,0,0,0,0,0,0,0,0,1
Beni Baningime,EVE,M,415,FA,EVE 1<br/>@TOT 0 F,0,0,0%,0%,0,0,0,1,0,0,0,0,0,0,0,0,0,0,0,0,0,0,0,0,0,0,0,0,0,0,0,0,0,0,0,0,0,0,0,0,0,0,0,0,0,0,0,0,0,0,0,0,0,0,0,0,0,0,0,0,0,0,0,0,0,0,0,0,0,0,0,0,0,0,0,0,0,0,0,0,0,0,0,0,1
Sandro Ramirez,EVE,F,439,W (Thu),EVE 1<br/>@TOT 0 F,0,0,0%,0%,0,0,0,1,0,0,0,0,0,0,0,0,0,0,0,0,0,0,0,0,0,0,0,0,0,0,0,0,0,0,0,0,0,0,0,0,0,0,0,0,0,0,0,0,0,0,0,0,0,0,0,0,0,0,0,0,0,0,0,0,0,0,0,0,0,0,0,0,0,0,0,0,0,0,0,0,0,0,0,0,1
Muhamed Besic,EVE,M,445,W (Thu),EVE 1<br/>@TOT 0 F,0,0,0%,0%,0,0,0,1,0,0,0,0,0,0,0,0,0,0,0,0,0,0,0,0,0,0,0,0,0,0,0,0,0,0,0,0,0,0,0,0,0,0,0,0,0,0,0,0,0,0,0,0,0,0,0,0,0,0,0,0,0,0,0,0,0,0,0,0,0,0,0,0,0,0,0,0,0,0,0,0,0,0,0,0,1
Niels Nkounkou,EVE,D,461,W (Thu),EVE 1<br/>@TOT 0 F,0,0,0%,0%,0,0,0,1,0,0,0,0,0,0,0,0,0,0,0,0,0,0,0,0,0,0,0,0,0,0,0,0,0,0,0,0,0,0,0,0,0,0,0,0,0,0,0,0,0,0,0,0,0,0,0,0,0,0,0,0,0,0,0,0,0,0,0,0,0,0,0,0,0,0,0,0,0,0,0,0,0,0,0,0,1
Ivan Cavaleiro,FUL,F,87,W (Thu),ARS 3<br/>@FUL 0 F,6,6,12%,0%,1,90,0,0,0,2,0,0,0,0,0,0,0,0,0,0,0,0,0,0,0,0,0,15,1,4,0,0,0,0,0,0,0,0,0,0,32,24,75,7,2,1,1,0,0,0,0,0,1,0,0,0,2,0,4,0,0,4,4,0,1,0,0,0,7,0,0,15,6,3,0,0,0,0,0,0,0,0,0,0,1
Andre-Frank Zambo Anguissa,FUL,M,107,W (Thu),ARS 3<br/>@FUL 0 F,4.5,4.5,1%,0%,1,27,0,0,0,1,0,0,0,0,0,0,0,0,0,0,0,0,0,0,1,0,1,3,0,0,0,0,0,0,0,0,0,0,0,0,17,16,94.1,7,0,0,0,0,0,0,0,0,0,0,0,0,3,2,2,0,1,4,4,0,1,0,0,0,2,0,0,3,0,0,1,0,0,0,0,0,0,0,0,0,1
Aleksandar Mitrovic,FUL,F,123,W (Thu),ARS 3<br/>@FUL 0 F,3,3,97%,0%,1,27,0,0,0,0,0,0,0,0,0,0,0,0,0,1,1,1,0,0,0,0,0,4,1,1,0,0,0,0,0,0,0,0,0,0,4,3,75,1,1,0,1,0,0,0,0,0,0,0,0,0,1,1,2,0,0,2,1,0,0,0,0,0,0,0,0,4,0,0,1,0,0,0,0,0,0,0,0,0,1
Harrison Reed,FUL,M,126,W (Thu),ARS 3<br/>@FUL 0 F,3,3,3%,0%,1,90,0,0,0,0,0,0,0,0,0,0,0,0,0,0,0,0,0,0,0,0,0,3,0,1,0,0,0,0,0,0,0,0,0,0,72,69,95.8,16,0,0,0,0,0,0,0,0,3,0,0,0,0,0,1,0,0,3,1,0,0,0,0,0,4,0,0,3,3,2,0,0,0,0,0,0,0,0,0,0,1
Neeskens Kebano,FUL,M,146,W (Thu),ARS 3<br/>@FUL 0 F,1.5,1.5,14%,0%,1,63,0,0,0,0,0,0,0,0,0,0,0,0,0,1,0,0,0,1,0,0,1,9,1,1,0,0,0,0,0,0,0,0,0,1,23,19,82.6,8,2,0,2,0,0,0,0,0,0,0,0,0,2,2,3,0,0,3,2,0,1,0,0,0,6,0,0,9,1,0,0,1,0,0,0,0,0,0,0,0,1
Josh Onomah,FUL,M,159,W (Thu),ARS 3<br/>@FUL 0 F,1,1,8%,0%,1,75,0,0,0,0,0,0,0,0,0,0,0,0,0,0,0,0,0,0,1,0,2,10,2,0,0,0,0,0,0,0,0,0,0,0,24,19,79.2,7,0,0,0,0,0,0,0,0,0,0,0,0,1,1,1,0,1,3,4,0,0,0,0,0,2,0,0,10,0,0,0,1,0,0,0,0,0,0,0,0,1
Bobby De Cordova-Reid,FUL,F,162,W (Thu),ARS 3<br/>@FUL 0 F,1,1,1%,0%,1,15,0,0,0,0,0,0,0,0,0,0,0,0,0,1,0,0,0,0,1,0,0,4,0,0,0,0,0,0,0,0,0,0,0,0,4,3,75,0,1,0,1,0,0,0,0,0,0,0,0,0,0,0,0,0,0,1,1,0,0,0,0,0,0,0,0,4,0,0,1,0,0,0,0,0,0,0,0,0,1
Tom Cairney,FUL,M,241,W (Thu),ARS 3<br/>@FUL 0 F,0,0,27%,0%,1,90,0,0,0,0,0,0,0,0,0,0,0,0,0,0,0,0,0,0,1,0,0,3,2,1,0,0,1,0,0,0,0,0,0,0,75,74,98.7,14,3,1,2,1,0,0,0,0,0,0,0,0,0,0,1,0,0,4,3,2,1,0,0,0,5,0,0,3,3,3,0,0,0,0,0,0,0,0,0,0,1
Anthony Knockaert,FUL,M,260,W (Thu),ARS 3<br/>@FUL 0 F,0,0,14%,0%,0,0,0,0,0,0,0,0,0,0,0,0,0,0,0,0,0,0,0,0,0,0,0,0,0,0,0,0,0,0,0,0,0,0,0,0,0,0,0,0,0,0,0,0,0,0,0,0,0,0,0,0,0,0,0,0,0,0,0,0,0,0,0,0,0,0,0,0,0,0,0,0,0,0,0,0,0,0,0,0,1
Aboubakar Kamara,FUL,F,289,W (Thu),ARS 3<br/>@FUL 0 F,0,0,5%,0%,1,63,0,0,0,0,0,0,0,0,0,0,0,0,0,1,0,0,0,0,0,0,2,12,2,1,0,0,0,0,0,0,0,0,0,0,16,12,75,4,0,0,0,0,0,1,0,0,0,0,0,0,3,0,1,0,0,3,9,2,1,0,0,0,1,0,0,12,0,0,0,1,0,0,0,0,0,0,0,0,1
Mario Lemina,FUL,M,303,W (Thu),ARS 3<br/>@FUL 0 F,0,0,2%,0%,0,0,0,0,0,0,0,0,0,0,0,0,0,0,0,0,0,0,0,0,0,0,0,0,0,0,0,0,0,0,0,0,0,0,0,0,0,0,0,0,0,0,0,0,0,0,0,0,0,0,0,0,0,0,0,0,0,0,0,0,0,0,0,0,0,0,0,0,0,0,0,0,0,0,0,0,0,0,0,0,1
Antonee Robinson,FUL,D,312,W (Thu),ARS 3<br/>@FUL 0 F,0,0,2%,0%,0,0,0,0,0,0,0,0,0,0,0,0,0,0,0,0,0,0,0,0,0,0,0,0,0,0,0,0,0,0,0,0,0,0,0,0,0,0,0,0,0,0,0,0,0,0,0,0,0,0,0,0,0,0,0,0,0,0,0,0,0,0,0,0,0,0,0,0,0,0,0,0,0,0,0,0,0,0,0,0,1
Kenny Tete,FUL,D,338,W (Thu),ARS 3<br/>@FUL 0 F,0,0,1%,0%,0,0,0,0,0,0,0,0,0,0,0,0,0,0,0,0,0,0,0,0,0,0,0,0,0,0,0,0,0,0,0,0,0,0,0,0,0,0,0,0,0,0,0,0,0,0,0,0,0,0,0,0,0,0,0,0,0,0,0,0,0,0,0,0,0,0,0,0,0,0,0,0,0,0,0,0,0,0,0,0,1
Jean Michael Seri,FUL,M,354,W (Thu),ARS 3<br/>@FUL 0 F,0,0,1%,0%,0,0,0,0,0,0,0,0,0,0,0,0,0,0,0,0,0,0,0,0,0,0,0,0,0,0,0,0,0,0,0,0,0,0,0,0,0,0,0,0,0,0,0,0,0,0,0,0,0,0,0,0,0,0,0,0,0,0,0,0,0,0,0,0,0,0,0,0,0,0,0,0,0,0,0,0,0,0,0,0,1
Cyrus Christie,FUL,D,402,W (Thu),ARS 3<br/>@FUL 0 F,0,0,0%,0%,0,0,0,0,0,0,0,0,0,0,0,0,0,0,0,0,0,0,0,0,0,0,0,0,0,0,0,0,0,0,0,0,0,0,0,0,0,0,0,0,0,0,0,0,0,0,0,0,0,0,0,0,0,0,0,0,0,0,0,0,0,0,0,0,0,0,0,0,0,0,0,0,0,0,0,0,0,0,0,0,1
Maxime Le Marchand,FUL,D,428,W (Thu),ARS 3<br/>@FUL 0 F,0,0,0%,0%,0,0,0,0,0,0,0,0,0,0,0,0,0,0,0,0,0,0,0,0,0,0,0,0,0,0,0,0,0,0,0,0,0,0,0,0,0,0,0,0,0,0,0,0,0,0,0,0,0,0,0,0,0,0,0,0,0,0,0,0,0,0,0,0,0,0,0,0,0,0,0,0,0,0,0,0,0,0,0,0,1
Ola Aina,FUL,D,443,W (Thu),ARS 3<br/>@FUL 0 F,0,0,0%,0%,0,0,0,0,0,0,0,0,0,0,0,0,0,0,0,0,0,0,0,0,0,0,0,0,0,0,0,0,0,0,0,0,0,0,0,0,0,0,0,0,0,0,0,0,0,0,0,0,0,0,0,0,0,0,0,0,0,0,0,0,0,0,0,0,0,0,0,0,0,0,0,0,0,0,0,0,0,0,0,0,1
Stefan Johansen,FUL,M,452,W (Thu),ARS 3<br/>@FUL 0 F,0,0,0%,0%,0,0,0,0,0,0,0,0,0,0,0,0,0,0,0,0,0,0,0,0,0,0,0,0,0,0,0,0,0,0,0,0,0,0,0,0,0,0,0,0,0,0,0,0,0,0,0,0,0,0,0,0,0,0,0,0,0,0,0,0,0,0,0,0,0,0,0,0,0,0,0,0,0,0,0,0,0,0,0,0,1
Kevin McDonald,FUL,M,459,W (Thu),ARS 3<br/>@FUL 0 F,0,0,0%,0%,0,0,0,0,0,0,0,0,0,0,0,0,0,0,0,0,0,0,0,0,0,0,0,0,0,0,0,0,0,0,0,0,0,0,0,0,0,0,0,0,0,0,0,0,0,0,0,0,0,0,0,0,0,0,0,0,0,0,0,0,0,0,0,0,0,0,0,0,0,0,0,0,0,0,0,0,0,0,0,0,1
Denis Odoi,FUL,D,472,W (Thu),ARS 3<br/>@FUL 0 F,-0.5,-0.5,1%,0%,1,90,0,0,0,0,0,0,0,0,0,0,0,0,0,1,1,1,0,0,0,0,0,11,0,1,0,0,0,0,0,0,0,0,0,1,49,41,83.7,7,2,0,2,0,0,0,0,0,2,1,2,2,0,0,1,0,0,2,1,1,1,0,0,0,3,0,0,11,2,1,0,0,0,0,0,0,0,3,0,0,1
Joe Bryan,FUL,D,475,W (Thu),ARS 3<br/>@FUL 0 F,-1,-1,55%,0%,1,90,0,0,0,0,0,0,0,0,0,0,0,0,0,0,0,0,0,0,0,0,0,13,0,0,0,0,0,0,0,0,0,0,0,0,50,42,84,16,4,0,4,1,0,1,0,0,4,0,0,0,0,0,0,3,0,1,0,1,0,0,0,0,2,0,0,13,8,6,0,0,0,0,0,0,0,3,0,0,1
Tim Ream,FUL,D,481,W (Thu),ARS 3<br/>@FUL 0 F,-3.5,-3.5,2%,0%,1,90,0,0,0,0,0,0,0,0,0,0,0,0,0,0,0,0,0,0,1,0,0,4,0,0,1,0,0,0,0,0,0,0,0,0,67,64,95.5,3,0,0,0,0,0,0,2,0,0,0,2,2,0,0,0,1,1,2,0,1,0,0,0,0,7,0,0,4,7,4,0,0,0,0,0,0,0,3,0,0,1
Michael Hector,FUL,D,483,W (Thu),ARS 3<br/>@FUL 0 F,-5.25,-5.25,3%,0%,1,90,0,0,0,0,0,0,0,0,0,0,0,0,0,0,0,0,0,0,2,0,0,10,3,1,0,0,1,0,0,0,0,0,0,0,65,56,86.2,4,0,0,0,0,0,0,1,0,0,0,3,3,0,0,1,0,1,4,5,1,1,0,0,0,7,0,0,10,11,5,0,0,0,0,0,0,0,3,0,0,1
Jack Harrison,LEE,M,19,W (Thu),LEE 3<br/>@LIV 4 F,16.5,16.5,66%,0%,1,90,1,3,0,0,0,0,0,0,0,0,0,0,0,1,1,1,0,0,1,0,3,15,0,1,0,0,0,0,0,0,0,0,0,3,26,20,76.9,3,2,1,1,0,0,0,0,0,1,0,0,0,3,3,4,0,0,8,5,2,0,0,0,0,5,0,0,15,1,0,0,0,0,0,0,0,0,0,0,0,1
Mateusz Klich,LEE,M,20,W (Thu),LEE 3<br/>@LIV 4 F,16.5,16.5,62%,0%,1,81,1,3,0,0,0,0,0,0,0,0,0,0,0,1,1,1,0,0,3,0,0,10,2,0,0,0,0,0,0,0,0,0,0,0,30,26,86.7,7,1,0,1,0,0,0,1,0,1,0,2,2,2,1,1,0,2,6,10,1,2,0,0,0,4,0,0,10,1,0,0,1,0,0,0,0,0,0,0,0,1
Kalvin Phillips,LEE,M,25,W (Thu),LEE 3<br/>@LIV 4 F,15.5,15.5,78%,0%,1,90,0,3,0,2,0,0,0,0,0,0,0,0,1,1,0,0,0,0,1,0,1,18,0,0,0,0,0,0,0,0,0,0,0,0,51,41,80.4,4,1,1,0,0,0,0,0,1,3,0,2,2,1,0,0,1,1,4,4,2,1,0,0,0,7,0,0,18,7,4,0,0,0,0,0,0,0,0,0,0,1
Patrick Bamford,LEE,F,55,W (Thu),LEE 3<br/>@LIV 4 F,10.5,10.5,67%,0%,1,62,1,2,0,0,0,0,0,0,0,0,0,0,0,2,1,0.5,0,1,0,0,1,5,1,1,0,0,0,0,0,0,0,0,0,1,10,6,60,1,0,0,0,0,0,0,1,0,0,0,2,2,0,0,1,0,1,1,5,0,2,0,0,0,2,0,0,5,0,0,0,1,0,0,0,0,0,0,0,0,1
Helder Costa,LEE,F,56,W (Thu),LEE 3<br/>@LIV 4 F,10,10,20%,0%,1,90,0,3,0,1,0,0,0,0,0,0,0,0,1,0,0,0,0,0,0,0,2,13,0,1,0,0,0,0,0,0,0,0,0,1,13,9,69.2,3,2,1,1,0,0,0,0,0,0,0,1,1,2,2,3,0,0,4,6,0,3,0,0,0,7,0,0,13,2,0,0,0,0,0,0,0,0,0,0,0,1
Stuart Dallas,LEE,M,118,W (Thu),LEE 3<br/>@LIV 4 F,3.5,3.5,34%,0%,1,90,0,3,0,0,0,0,0,0,1,0,0,0,1,0,0,0,0,0,4,0,1,21,0,2,0,0,0,0,0,0,0,0,0,0,55,38,69.1,5,0,0,0,0,0,0,0,0,2,0,5,5,0,0,2,0,0,9,3,0,0,0,0,0,7,0,0,21,9,3,0,0,0,0,0,0,0,4,0,0,1
Pablo Hernandez,LEE,M,135,W (Thu),LEE 3<br/>@LIV 4 F,2,2,89%,0%,1,62,0,2,0,0,0,0,0,0,0,0,0,0,0,0,0,0,0,0,2,0,0,19,0,1,0,0,0,0,0,0,0,0,0,0,38,24,63.2,5,2,0,2,0,0,0,1,0,0,0,0,0,1,0,1,0,0,4,4,0,0,0,0,0,3,0,0,19,4,1,0,1,0,0,0,0,0,0,0,0,1
Jamie Shackleton,LEE,M,141,W (Thu),LEE 3<br/>@LIV 4 F,2,2,0%,0%,1,9,0,0,0,0,0,0,0,0,0,0,0,0,0,0,0,0,0,0,1,0,0,1,0,0,0,0,0,0,0,0,0,0,0,0,3,3,100,1,0,0,0,0,0,0,1,0,0,0,0,0,1,1,1,0,0,2,0,0,0,0,0,0,1,0,0,1,0,0,1,0,0,0,0,0,0,0,0,0,1
Tyler Roberts,LEE,F,153,W (Thu),LEE 3<br/>@LIV 4 F,1.5,1.5,1%,0%,1,28,0,1,0,0,0,0,0,0,0,0,0,0,0,0,0,0,0,0,1,0,0,8,0,0,0,0,0,0,0,0,0,0,0,0,10,3,30,0,1,0,1,0,0,0,0,0,0,0,0,0,0,0,0,0,1,2,1,1,0,0,0,0,0,0,0,8,0,0,1,0,0,0,0,0,0,0,0,0,1
Rodrigo Moreno,LEE,F,165,W (Thu),LEE 3<br/>@LIV 4 F,0.5,0.5,93%,0%,1,28,0,1,0,0,0,0,0,0,0,0,0,0,0,0,0,0,0,0,0,0,0,1,1,1,0,0,0,0,0,0,1,0,0,0,3,2,66.7,1,0,0,0,0,0,0,0,0,0,0,2,2,0,0,1,0,0,2,7,1,5,0,0,0,2,0,0,1,0,0,1,0,0,0,0,0,0,0,0,0,1
Liam Cooper,LEE,D,257,W (Thu),LEE 3<br/>@LIV 4 F,0,0,15%,0%,0,0,0,0,0,0,0,0,0,0,0,0,0,0,0,0,0,0,0,0,0,0,0,0,0,0,0,0,0,0,0,0,0,0,0,0,0,0,0,0,0,0,0,0,0,0,0,0,0,0,0,0,0,0,0,0,0,0,0,0,0,0,0,0,0,0,0,0,0,0,0,0,0,0,0,0,0,0,0,0,1
Robin Koch,LEE,D,265,W (Thu),LEE 3<br/>@LIV 4 F,0,0,12%,0%,1,90,0,3,0,0,0,0,0,0,0,0,0,0,0,1,0,0,0,1,2,0,0,12,1,1,0,0,0,0,0,1,1,0,0,0,60,50,83.3,2,0,0,0,0,0,0,1,0,2,0,4,4,1,0,1,0,2,7,2,3,1,0,0,0,9,0,0,12,8,2,0,0,0,0,0,0,0,4,0,0,1
Ezgjan Alioski,LEE,M,295,W (Thu),LEE 3<br/>@LIV 4 F,0,0,4%,0%,0,0,0,0,0,0,0,0,0,0,0,0,0,0,0,0,0,0,0,0,0,0,0,0,0,0,0,0,0,0,0,0,0,0,0,0,0,0,0,0,0,0,0,0,0,0,0,0,0,0,0,0,0,0,0,0,0,0,0,0,0,0,0,0,0,0,0,0,0,0,0,0,0,0,0,0,0,0,0,0,1
Barry Douglas,LEE,D,344,W (Thu),LEE 3<br/>@LIV 4 F,0,0,1%,0%,0,0,0,0,0,0,0,0,0,0,0,0,0,0,0,0,0,0,0,0,0,0,0,0,0,0,0,0,0,0,0,0,0,0,0,0,0,0,0,0,0,0,0,0,0,0,0,0,0,0,0,0,0,0,0,0,0,0,0,0,0,0,0,0,0,0,0,0,0,0,0,0,0,0,0,0,0,0,0,0,1
Ian Poveda-Ocampo,LEE,F,376,W (Thu),LEE 3<br/>@LIV 4 F,0,0,1%,0%,0,0,0,0,0,0,0,0,0,0,0,0,0,0,0,0,0,0,0,0,0,0,0,0,0,0,0,0,0,0,0,0,0,0,0,0,0,0,0,0,0,0,0,0,0,0,0,0,0,0,0,0,0,0,0,0,0,0,0,0,0,0,0,0,0,0,0,0,0,0,0,0,0,0,0,0,0,0,0,0,1
Adam Forshaw,LEE,M,417,W (Thu),LEE 3<br/>@LIV 4 F,0,0,0%,0%,0,0,0,0,0,0,0,0,0,0,0,0,0,0,0,0,0,0,0,0,0,0,0,0,0,0,0,0,0,0,0,0,0,0,0,0,0,0,0,0,0,0,0,0,0,0,0,0,0,0,0,0,0,0,0,0,0,0,0,0,0,0,0,0,0,0,0,0,0,0,0,0,0,0,0,0,0,0,0,0,1
Leif Davis,LEE,D,450,W (Thu),LEE 3<br/>@LIV 4 F,0,0,0%,0%,0,0,0,0,0,0,0,0,0,0,0,0,0,0,0,0,0,0,0,0,0,0,0,0,0,0,0,0,0,0,0,0,0,0,0,0,0,0,0,0,0,0,0,0,0,0,0,0,0,0,0,0,0,0,0,0,0,0,0,0,0,0,0,0,0,0,0,0,0,0,0,0,0,0,0,0,0,0,0,0,1
Jordan Stevens,LEE,M,462,W (Thu),LEE 3<br/>@LIV 4 F,0,0,0%,0%,0,0,0,0,0,0,0,0,0,0,0,0,0,0,0,0,0,0,0,0,0,0,0,0,0,0,0,0,0,0,0,0,0,0,0,0,0,0,0,0,0,0,0,0,0,0,0,0,0,0,0,0,0,0,0,0,0,0,0,0,0,0,0,0,0,0,0,0,0,0,0,0,0,0,0,0,0,0,0,0,1
Oliver Casey,LEE,D,463,W (Thu),LEE 3<br/>@LIV 4 F,0,0,0%,0%,0,0,0,0,0,0,0,0,0,0,0,0,0,0,0,0,0,0,0,0,0,0,0,0,0,0,0,0,0,0,0,0,0,0,0,0,0,0,0,0,0,0,0,0,0,0,0,0,0,0,0,0,0,0,0,0,0,0,0,0,0,0,0,0,0,0,0,0,0,0,0,0,0,0,0,0,0,0,0,0,1
Pascal Struijk,LEE,D,467,W (Thu),LEE 3<br/>@LIV 4 F,-0.25,-0.25,2%,0%,1,90,0,3,0,0,0,0,0,0,0,0,0,0,0,0,0,0,0,0,1,0,0,7,0,0,0,0,0,0,0,0,0,0,0,0,59,52,88.1,2,0,0,0,0,0,0,2,0,3,0,11,11,0,0,0,0,2,5,0,1,0,0,0,0,4,0,0,7,12,8,0,0,0,0,0,0,0,4,0,0,1
Luke Ayling,LEE,D,477,W (Thu),LEE 3<br/>@LIV 4 F,-1.75,-1.75,78%,0%,1,90,0,3,0,0,0,0,0,0,0,0,0,0,0,0,0,0,0,0,4,0,1,20,1,1,0,0,0,0,0,0,0,0,0,0,54,38,70.4,6,0,0,0,0,0,0,1,0,0,0,3,3,2,2,3,1,3,9,4,0,0,0,0,0,2,0,0,20,6,2,0,0,0,0,0,0,0,4,0,0,1
Timothy Castagne,LEI,D,4,W (Thu),LEI 3<br/>@WBA 0 F,27.5,27.5,87%,0%,1,90,1,3,0,0,0,0,0,0,0,0,0,0,0,1,1,1,0,0,1,0,0,21,1,0,0,0,0,0,0,0,0,0,0,0,66,49,74.2,7,2,0,2,0,0,3,0,0,2,0,2,2,1,1,1,0,0,9,2,5,1,0,0,1,4,0,0,21,3,0,0,0,0,0,0,0,0,0,1,90,1
Jamie Vardy,LEI,F,7,FA,LEI 3<br/>@WBA 0 F,24,24,100%,0%,1,90,2,3,0,1,0,0,0,0,0,0,0,0,0,2,2,1,0,0,0,0,0,7,1,1,0,0,0,0,0,0,0,0,0,3,8,4,50,1,0,0,0,0,0,0,0,0,0,0,2,2,0,0,1,0,0,1,2,0,1,0,0,2,1,0,0,7,0,0,0,0,2,2,0,1,0,0,1,90,1
James Justin,LEI,D,13,FA,LEI 3<br/>@WBA 0 F,18.25,18.25,59%,0%,1,90,0,3,1,1,0,0,0,0,0,1,0,0,1,0,0,0,0,0,2,0,1,17,1,2,0,0,1,0,0,0,0,0,0,0,46,38,82.6,6,4,0,4,0,0,0,0,0,3,0,3,3,2,0,2,0,1,5,8,0,4,0,0,0,8,0,0,17,7,3,0,0,0,0,0,1,0,0,1,90,1
Dennis Praet,LEI,M,33,FA,LEI 3<br/>@WBA 0 F,13.5,13.5,9%,0%,1,75,0,2,0,1,0,0,0,0,0,0,0,0,1,2,1,0.5,0,1,0,0,1,8,1,1,0,0,0,0,0,0,0,0,0,0,35,30,85.7,7,1,1,0,0,0,1,0,0,1,0,0,0,1,1,2,0,0,4,2,0,0,1,0,0,8,0,0,8,1,0,0,1,0,0,0,0,0,0,1,75,1
Harvey Barnes,LEI,M,41,FA,LEI 3<br/>@WBA 0 F,12,12,99%,0%,1,90,0,3,0,1,0,0,0,0,0,0,0,0,0,5,2,0.4,0,1,2,0,1,11,0,1,0,0,0,0,0,0,0,0,0,0,28,21,75,10,1,0,1,0,0,0,1,0,0,0,0,0,4,3,4,0,1,7,3,1,1,0,1,0,4,0,0,11,4,3,0,0,0,0,0,0,0,0,1,90,1
Youri Tielemans,LEI,M,53,FA,LEI 3<br/>@WBA 0 F,10.5,10.5,99%,0%,1,90,0,3,0,0,0,0,0,0,0,0,0,0,0,1,1,1,0,0,1,0,0,20,0,2,1,0,0,0,0,0,0,0,0,0,87,73,83.9,15,5,0,5,4,0,1,0,1,3,0,0,0,3,3,5,0,0,7,2,1,2,0,0,0,7,0,0,20,6,4,0,0,0,0,0,0,0,0,1,90,1
Caglar Soyuncu,LEI,D,54,FA,LEI 3<br/>@WBA 0 F,10.5,10.5,99%,0%,1,90,0,3,0,0,0,0,0,0,0,0,0,0,0,1,0,0,0,0,2,0,0,8,0,0,0,0,0,0,0,0,0,0,0,0,88,80,90.9,5,0,0,0,0,0,0,0,0,1,0,2,2,0,0,0,0,0,3,1,1,1,0,0,0,3,0,0,8,7,1,0,0,0,0,0,0,0,0,1,90,1
Wilfred Ndidi,LEI,M,101,FA,LEI 3<br/>@WBA 0 F,4.5,4.5,92%,0%,1,90,0,3,0,0,0,0,0,0,0,0,0,0,0,0,0,0,0,0,1,0,0,12,0,1,0,0,0,0,0,0,0,0,0,0,93,82,88.2,2,0,0,0,0,0,0,1,0,2,1,4,4,0,0,1,0,1,4,3,1,3,0,0,0,7,0,0,12,10,5,0,0,0,0,0,0,0,0,1,90,1
Nampalys Mendy,LEI,M,111,FA,LEI 3<br/>@WBA 0 F,4,4,2%,0%,1,90,0,3,0,0,0,0,0,0,0,0,0,0,0,0,0,0,0,0,1,0,0,8,3,2,0,0,0,0,0,0,0,0,0,0,72,67,93.1,7,0,0,0,0,0,0,0,0,2,0,0,0,0,0,2,1,0,4,6,0,2,0,0,0,4,0,0,8,3,2,0,0,0,0,0,0,0,0,1,90,1
James Maddison,LEI,M,132,FA,LEI 3<br/>@WBA 0 F,2,2,100%,0%,1,15,0,1,0,1,0,0,0,0,0,0,0,0,0,0,0,0,0,0,0,0,0,1,0,1,0,0,0,0,0,0,0,0,0,0,18,18,100,4,1,0,1,1,0,0,0,0,0,0,0,0,0,0,1,0,0,1,1,0,0,0,0,0,1,0,0,1,1,1,1,0,0,0,0,0,0,0,0,15,1
Ayoze Perez,LEI,M,143,FA,LEI 3<br/>@WBA 0 F,1.5,1.5,94%,0%,1,67,0,1,0,0,0,0,0,0,0,0,0,0,0,1,0,0,0,1,0,0,1,10,2,0,0,0,0,0,0,0,0,0,0,0,28,21,75,6,1,0,1,0,0,0,0,0,0,0,1,1,1,1,1,0,0,1,5,0,1,0,0,0,3,0,0,10,0,0,0,1,0,0,0,0,0,0,1,67,1
Ricardo Pereira,LEI,D,197,FA,LEI 3<br/>@WBA 0 F,0,0,96%,0%,0,0,0,0,0,0,0,0,0,0,0,0,0,0,0,0,0,0,0,0,0,0,0,0,0,0,0,0,0,0,0,0,0,0,0,0,0,0,0,0,0,0,0,0,0,0,0,0,0,0,0,0,0,0,0,0,0,0,0,0,0,0,0,0,0,0,0,0,0,0,0,0,0,0,0,0,0,0,0,0,1
Jonny Evans,LEI,D,211,FA,LEI 3<br/>@WBA 0 F,0,0,76%,0%,0,0,0,0,0,0,0,0,0,0,0,0,0,0,0,0,0,0,0,0,0,0,0,0,0,0,0,0,0,0,0,0,0,0,0,0,0,0,0,0,0,0,0,0,0,0,0,0,0,0,0,0,0,0,0,0,0,0,0,0,0,0,0,0,0,0,0,0,0,0,0,0,0,0,0,0,0,0,0,0,1
Luke Thomas,LEI,D,228,FA,LEI 3<br/>@WBA 0 F,0,0,42%,0%,0,0,0,0,0,0,0,0,0,0,0,0,0,0,0,0,0,0,0,0,0,0,0,0,0,0,0,0,0,0,0,0,0,0,0,0,0,0,0,0,0,0,0,0,0,0,0,0,0,0,0,0,0,0,0,0,0,0,0,0,0,0,0,0,0,0,0,0,0,0,0,0,0,0,0,0,0,0,0,0,1
Kelechi Iheanacho,LEI,F,247,FA,LEI 3<br/>@WBA 0 F,0,0,22%,0%,0,0,0,0,0,0,0,0,0,0,0,0,0,0,0,0,0,0,0,0,0,0,0,0,0,0,0,0,0,0,0,0,0,0,0,0,0,0,0,0,0,0,0,0,0,0,0,0,0,0,0,0,0,0,0,0,0,0,0,0,0,0,0,0,0,0,0,0,0,0,0,0,0,0,0,0,0,0,0,0,1
Demarai Gray,LEI,M,307,FA,LEI 3<br/>@WBA 0 F,0,0,2%,0%,0,0,0,0,0,0,0,0,0,0,0,0,0,0,0,0,0,0,0,0,0,0,0,0,0,0,0,0,0,0,0,0,0,0,0,0,0,0,0,0,0,0,0,0,0,0,0,0,0,0,0,0,0,0,0,0,0,0,0,0,0,0,0,0,0,0,0,0,0,0,0,0,0,0,0,0,0,0,0,0,1
Marc Albrighton,LEI,M,315,FA,LEI 3<br/>@WBA 0 F,0,0,1%,0%,1,23,0,2,0,0,0,0,0,0,0,0,0,0,0,0,0,0,0,0,0,0,0,4,0,0,0,0,0,0,0,0,0,0,0,0,8,6,75,2,2,0,2,0,0,0,0,0,0,0,0,0,0,0,0,0,0,0,0,0,0,0,0,0,0,0,0,4,0,0,1,0,0,0,0,0,0,0,0,23,1
Wes Morgan,LEI,D,366,FA,LEI 3<br/>@WBA 0 F,0,0,1%,0%,0,0,0,0,0,0,0,0,0,0,0,0,0,0,0,0,0,0,0,0,0,0,0,0,0,0,0,0,0,0,0,0,0,0,0,0,0,0,0,0,0,0,0,0,0,0,0,0,0,0,0,0,0,0,0,0,0,0,0,0,0,0,0,0,0,0,0,0,0,0,0,0,0,0,0,0,0,0,0,0,1
Hamza Choudhury,LEI,M,369,FA,LEI 3<br/>@WBA 0 F,0,0,1%,0%,0,0,0,0,0,0,0,0,0,0,0,0,0,0,0,0,0,0,0,0,0,0,0,0,0,0,0,0,0,0,0,0,0,0,0,0,0,0,0,0,0,0,0,0,0,0,0,0,0,0,0,0,0,0,0,0,0,0,0,0,0,0,0,0,0,0,0,0,0,0,0,0,0,0,0,0,0,0,0,0,1
Daniel Amartey,LEI,D,380,FA,LEI 3<br/>@WBA 0 F,0,0,0%,0%,0,0,0,0,0,0,0,0,0,0,0,0,0,0,0,0,0,0,0,0,0,0,0,0,0,0,0,0,0,0,0,0,0,0,0,0,0,0,0,0,0,0,0,0,0,0,0,0,0,0,0,0,0,0,0,0,0,0,0,0,0,0,0,0,0,0,0,0,0,0,0,0,0,0,0,0,0,0,0,0,1
Christian Fuchs,LEI,D,388,FA,LEI 3<br/>@WBA 0 F,0,0,0%,0%,0,0,0,0,0,0,0,0,0,0,0,0,0,0,0,0,0,0,0,0,0,0,0,0,0,0,0,0,0,0,0,0,0,0,0,0,0,0,0,0,0,0,0,0,0,0,0,0,0,0,0,0,0,0,0,0,0,0,0,0,0,0,0,0,0,0,0,0,0,0,0,0,0,0,0,0,0,0,0,0,1
Islam Slimani,LEI,F,412,FA,LEI 3<br/>@WBA 0 F,0,0,0%,0%,0,0,0,0,0,0,0,0,0,0,0,0,0,0,0,0,0,0,0,0,0,0,0,0,0,0,0,0,0,0,0,0,0,0,0,0,0,0,0,0,0,0,0,0,0,0,0,0,0,0,0,0,0,0,0,0,0,0,0,0,0,0,0,0,0,0,0,0,0,0,0,0,0,0,0,0,0,0,0,0,1
Adrien Silva,LEI,M,422,FA,LEI 3<br/>@WBA 0 F,0,0,0%,0%,0,0,0,0,0,0,0,0,0,0,0,0,0,0,0,0,0,0,0,0,0,0,0,0,0,0,0,0,0,0,0,0,0,0,0,0,0,0,0,0,0,0,0,0,0,0,0,0,0,0,0,0,0,0,0,0,0,0,0,0,0,0,0,0,0,0,0,0,0,0,0,0,0,0,0,0,0,0,0,0,1
Filip Benkovic,LEI,D,426,W (Thu),LEI 3<br/>@WBA 0 F,0,0,0%,0%,0,0,0,0,0,0,0,0,0,0,0,0,0,0,0,0,0,0,0,0,0,0,0,0,0,0,0,0,0,0,0,0,0,0,0,0,0,0,0,0,0,0,0,0,0,0,0,0,0,0,0,0,0,0,0,0,0,0,0,0,0,0,0,0,0,0,0,0,0,0,0,0,0,0,0,0,0,0,0,0,1
Fousseni Diabate,LEI,F,434,FA,LEI 3<br/>@WBA 0 F,0,0,0%,0%,0,0,0,0,0,0,0,0,0,0,0,0,0,0,0,0,0,0,0,0,0,0,0,0,0,0,0,0,0,0,0,0,0,0,0,0,0,0,0,0,0,0,0,0,0,0,0,0,0,0,0,0,0,0,0,0,0,0,0,0,0,0,0,0,0,0,0,0,0,0,0,0,0,0,0,0,0,0,0,0,1
Matty James,LEI,M,436,FA,LEI 3<br/>@WBA 0 F,0,0,0%,0%,0,0,0,0,0,0,0,0,0,0,0,0,0,0,0,0,0,0,0,0,0,0,0,0,0,0,0,0,0,0,0,0,0,0,0,0,0,0,0,0,0,0,0,0,0,0,0,0,0,0,0,0,0,0,0,0,0,0,0,0,0,0,0,0,0,0,0,0,0,0,0,0,0,0,0,0,0,0,0,0,1
Rachid Ghezzal,LEI,M,451,W (Thu),LEI 3<br/>@WBA 0 F,0,0,0%,0%,0,0,0,0,0,0,0,0,0,0,0,0,0,0,0,0,0,0,0,0,0,0,0,0,0,0,0,0,0,0,0,0,0,0,0,0,0,0,0,0,0,0,0,0,0,0,0,0,0,0,0,0,0,0,0,0,0,0,0,0,0,0,0,0,0,0,0,0,0,0,0,0,0,0,0,0,0,0,0,0,1
Mohamed Salah,LIV,F,1,FA,LEE 3<br/>@LIV 4 F,47,47,100%,0%,1,90,3,4,0,4,0,0,0,0,0,0,0,0,0,9,3,0.3,0,5,2,0,6,29,1,0,0,0,0,0,0,0,0,0,0,0,46,37,80.4,27,0,0,0,0,0,3,0,0,0,0,0,0,14,7,7,0,0,9,14,0,0,0,0,2,7,0,0,29,4,1,0,0,2,2,0,0,0,0,0,0,1
Sadio Mane,LIV,F,34,FA,LEE 3<br/>@LIV 4 F,13,13,100%,0%,1,90,0,4,0,4,0,0,0,0,0,0,0,0,0,5,0,0,0,4,0,0,3,16,1,3,0,0,0,0,0,0,0,0,0,1,37,30,81.1,16,1,0,1,0,0,1,0,0,1,0,0,0,6,5,8,0,0,9,9,1,2,0,0,0,5,0,0,16,2,2,0,0,0,0,0,0,0,0,0,0,1
Virgil van Dijk,LIV,D,52,FA,LEE 3<br/>@LIV 4 F,10.75,10.75,100%,0%,1,90,1,4,0,0,0,0,0,0,0,0,0,0,0,2,1,0.5,0,0,0,0,0,10,0,0,0,1,0,0,0,0,0,0,0,0,35,25,71.4,3,0,0,0,0,0,0,0,0,1,0,3,3,0,0,0,0,1,3,1,3,1,0,0,1,4,0,0,10,9,2,0,0,0,0,0,0,0,3,0,0,1
Georginio Wijnaldum,LIV,M,60,FA,LEE 3<br/>@LIV 4 F,9,9,58%,0%,1,90,0,4,0,2,0,0,0,0,0,0,0,0,0,2,1,0.5,0,1,2,0,2,9,0,0,0,0,0,0,0,0,0,0,0,0,21,17,81,4,0,0,0,0,0,0,0,0,1,0,0,0,3,1,1,0,0,4,7,0,1,0,0,0,7,0,0,9,0,0,0,0,0,0,0,0,0,0,0,0,1
Andrew Robertson,LIV,D,66,FA,LEE 3<br/>@LIV 4 F,8.25,8.25,100%,0%,1,90,0,4,0,1,0,0,0,0,0,0,0,0,1,0,0,0,0,0,0,0,0,27,0,0,0,0,0,0,0,0,0,0,0,1,43,27,62.8,8,9,0,7,5,2,2,0,0,2,1,1,1,2,0,0,0,0,2,2,2,0,1,0,0,11,0,0,27,5,0,0,0,0,0,0,0,0,3,0,0,1
Fabinho,LIV,M,75,FA,LEE 3<br/>@LIV 4 F,7.5,7.5,61%,0%,1,31,0,1,0,0,0,0,0,0,0,1,0,0,1,0,0,0,0,0,0,0,0,2,1,1,0,0,0,0,0,0,0,0,0,0,13,11,84.6,3,0,0,0,0,0,0,0,0,1,0,1,1,0,0,1,0,0,3,1,1,0,0,0,0,3,0,0,2,2,0,1,0,0,0,0,1,0,0,0,0,1
Jordan Henderson,LIV,M,79,FA,LEE 3<br/>@LIV 4 F,7,7,92%,0%,1,66,0,3,0,0,0,0,0,0,0,0,0,0,0,1,1,1,0,0,4,0,0,10,0,0,0,0,0,0,0,0,0,0,0,0,38,29,76.3,9,1,0,1,0,0,0,0,0,0,0,0,0,1,1,1,0,0,5,0,0,0,0,0,0,6,0,0,10,7,2,0,1,0,0,0,0,0,0,0,0,1
Naby Keita,LIV,M,124,FA,LEE 3<br/>@LIV 4 F,3,3,89%,0%,1,59,0,3,0,0,0,0,0,0,0,0,0,0,0,1,0,0,0,1,0,0,3,11,1,0,0,0,0,0,0,0,0,0,0,0,27,22,81.5,10,0,0,0,0,0,0,0,0,3,0,2,2,1,1,1,0,0,2,4,1,0,0,0,0,2,0,0,11,1,0,0,1,0,0,0,0,0,0,0,0,1
Joseph Gomez,LIV,D,133,FA,LEE 3<br/>@LIV 4 F,2,2,99%,0%,1,90,0,4,0,0,0,0,0,0,0,0,0,0,0,0,0,0,0,0,0,0,1,14,1,1,0,0,0,0,0,0,0,0,0,0,53,42,79.2,5,0,0,0,0,0,0,0,0,2,0,2,2,2,2,3,0,1,8,5,4,1,0,0,0,11,0,0,14,8,2,0,0,0,0,0,0,0,3,0,0,1
Trent Alexander-Arnold,LIV,D,154,FA,LEE 3<br/>@LIV 4 F,1,1,100%,0%,1,89,0,4,0,2,0,0,0,0,0,0,0,0,0,0,0,0,0,0,0,0,1,27,1,0,0,0,0,0,0,0,0,0,0,0,34,23,67.6,5,9,0,7,4,2,1,0,0,2,0,2,2,0,0,0,0,0,1,7,1,2,0,0,0,7,0,0,27,9,3,0,1,0,0,0,0,0,3,0,0,1
Curtis Jones,LIV,M,161,FA,LEE 3<br/>@LIV 4 F,1,1,3%,0%,1,24,0,1,0,1,0,0,0,0,0,0,0,0,0,0,0,0,0,0,0,0,2,8,1,0,0,0,0,0,0,0,0,0,0,0,20,16,80,10,0,0,0,0,0,0,0,0,0,0,0,0,1,0,0,0,0,0,6,0,2,0,0,0,3,0,0,8,0,0,1,0,0,0,0,0,0,0,0,0,1
Joel Matip,LIV,D,232,FA,LEE 3<br/>@LIV 4 F,0,0,37%,0%,1,1,0,0,0,0,0,0,0,0,0,0,0,0,0,0,0,0,0,0,0,0,0,1,1,0,0,0,0,0,0,0,0,0,0,0,1,0,0,0,0,0,0,0,0,0,0,0,0,0,0,0,0,0,0,0,0,0,1,0,0,0,0,0,0,0,0,1,1,0,1,0,0,0,0,0,0,0,0,0,1
Takumi Minamino,LIV,F,243,FA,LEE 3<br/>@LIV 4 F,0,0,25%,0%,0,0,0,4,0,0,0,0,0,0,0,0,0,0,0,0,0,0,0,0,0,0,0,0,0,0,0,0,0,0,0,0,0,0,0,0,0,0,0,0,0,0,0,0,0,0,0,0,0,0,0,0,0,0,0,0,0,0,0,0,0,0,0,0,0,0,0,0,0,0,0,0,0,0,0,0,0,0,0,0,1
Alex Oxlade-Chamberlain,LIV,M,249,FA,LEE 3<br/>@LIV 4 F,0,0,20%,0%,0,0,0,4,0,0,0,0,0,0,0,0,0,0,0,0,0,0,0,0,0,0,0,0,0,0,0,0,0,0,0,0,0,0,0,0,0,0,0,0,0,0,0,0,0,0,0,0,0,0,0,0,0,0,0,0,0,0,0,0,0,0,0,0,0,0,0,0,0,0,0,0,0,0,0,0,0,0,0,0,1
Rhian Brewster,LIV,F,270,W (Thu),LEE 3<br/>@LIV 4 F,0,0,8%,0%,0,0,0,4,0,0,0,0,0,0,0,0,0,0,0,0,0,0,0,0,0,0,0,0,0,0,0,0,0,0,0,0,0,0,0,0,0,0,0,0,0,0,0,0,0,0,0,0,0,0,0,0,0,0,0,0,0,0,0,0,0,0,0,0,0,0,0,0,0,0,0,0,0,0,0,0,0,0,0,0,1
James Milner,LIV,M,277,FA,LEE 3<br/>@LIV 4 F,0,0,6%,0%,0,0,0,4,0,0,0,0,0,0,0,0,0,0,0,0,0,0,0,0,0,0,0,0,0,0,0,0,0,0,0,0,0,0,0,0,0,0,0,0,0,0,0,0,0,0,0,0,0,0,0,0,0,0,0,0,0,0,0,0,0,0,0,0,0,0,0,0,0,0,0,0,0,0,0,0,0,0,0,0,1
Divock Origi,LIV,F,278,FA,LEE 3<br/>@LIV 4 F,0,0,6%,0%,0,0,0,4,0,0,0,0,0,0,0,0,0,0,0,0,0,0,0,0,0,0,0,0,0,0,0,0,0,0,0,0,0,0,0,0,0,0,0,0,0,0,0,0,0,0,0,0,0,0,0,0,0,0,0,0,0,0,0,0,0,0,0,0,0,0,0,0,0,0,0,0,0,0,0,0,0,0,0,0,1
Harry Wilson,LIV,M,288,FA,LEE 3<br/>@LIV 4 F,0,0,5%,0%,0,0,0,4,0,0,0,0,0,0,0,0,0,0,0,0,0,0,0,0,0,0,0,0,0,0,0,0,0,0,0,0,0,0,0,0,0,0,0,0,0,0,0,0,0,0,0,0,0,0,0,0,0,0,0,0,0,0,0,0,0,0,0,0,0,0,0,0,0,0,0,0,0,0,0,0,0,0,0,0,1
Konstantinos Tsimikas,LIV,D,308,W (Thu),LEE 3<br/>@LIV 4 F,0,0,2%,0%,0,0,0,4,0,0,0,0,0,0,0,0,0,0,0,0,0,0,0,0,0,0,0,0,0,0,0,0,0,0,0,0,0,0,0,0,0,0,0,0,0,0,0,0,0,0,0,0,0,0,0,0,0,0,0,0,0,0,0,0,0,0,0,0,0,0,0,0,0,0,0,0,0,0,0,0,0,0,0,0,1
Neco Williams,LIV,D,325,FA,LEE 3<br/>@LIV 4 F,0,0,1%,0%,0,0,0,4,0,0,0,0,0,0,0,0,0,0,0,0,0,0,0,0,0,0,0,0,0,0,0,0,0,0,0,0,0,0,0,0,0,0,0,0,0,0,0,0,0,0,0,0,0,0,0,0,0,0,0,0,0,0,0,0,0,0,0,0,0,0,0,0,0,0,0,0,0,0,0,0,0,0,0,0,1
Xherdan Shaqiri,LIV,M,326,FA,LEE 3<br/>@LIV 4 F,0,0,1%,0%,0,0,0,4,0,0,0,0,0,0,0,0,0,0,0,0,0,0,0,0,0,0,0,0,0,0,0,0,0,0,0,0,0,0,0,0,0,0,0,0,0,0,0,0,0,0,0,0,0,0,0,0,0,0,0,0,0,0,0,0,0,0,0,0,0,0,0,0,0,0,0,0,0,0,0,0,0,0,0,0,1
Harvey Elliott,LIV,M,334,FA,LEE 3<br/>@LIV 4 F,0,0,1%,0%,0,0,0,4,0,0,0,0,0,0,0,0,0,0,0,0,0,0,0,0,0,0,0,0,0,0,0,0,0,0,0,0,0,0,0,0,0,0,0,0,0,0,0,0,0,0,0,0,0,0,0,0,0,0,0,0,0,0,0,0,0,0,0,0,0,0,0,0,0,0,0,0,0,0,0,0,0,0,0,0,1
Taiwo Awoniyi,LIV,F,391,W (Thu),LEE 3<br/>@LIV 4 F,0,0,0%,0%,0,0,0,4,0,0,0,0,0,0,0,0,0,0,0,0,0,0,0,0,0,0,0,0,0,0,0,0,0,0,0,0,0,0,0,0,0,0,0,0,0,0,0,0,0,0,0,0,0,0,0,0,0,0,0,0,0,0,0,0,0,0,0,0,0,0,0,0,0,0,0,0,0,0,0,0,0,0,0,0,1
Ki-Jana Hoever,LIV,D,395,FA,LEE 3<br/>@LIV 4 F,0,0,0%,0%,0,0,0,4,0,0,0,0,0,0,0,0,0,0,0,0,0,0,0,0,0,0,0,0,0,0,0,0,0,0,0,0,0,0,0,0,0,0,0,0,0,0,0,0,0,0,0,0,0,0,0,0,0,0,0,0,0,0,0,0,0,0,0,0,0,0,0,0,0,0,0,0,0,0,0,0,0,0,0,0,1
Sepp van den Berg,LIV,D,401,FA,LEE 3<br/>@LIV 4 F,0,0,0%,0%,0,0,0,4,0,0,0,0,0,0,0,0,0,0,0,0,0,0,0,0,0,0,0,0,0,0,0,0,0,0,0,0,0,0,0,0,0,0,0,0,0,0,0,0,0,0,0,0,0,0,0,0,0,0,0,0,0,0,0,0,0,0,0,0,0,0,0,0,0,0,0,0,0,0,0,0,0,0,0,0,1
Marko Grujic,LIV,M,418,FA,LEE 3<br/>@LIV 4 F,0,0,0%,0%,0,0,0,4,0,0,0,0,0,0,0,0,0,0,0,0,0,0,0,0,0,0,0,0,0,0,0,0,0,0,0,0,0,0,0,0,0,0,0,0,0,0,0,0,0,0,0,0,0,0,0,0,0,0,0,0,0,0,0,0,0,0,0,0,0,0,0,0,0,0,0,0,0,0,0,0,0,0,0,0,1
Ben Woodburn,LIV,F,425,W (Thu),LEE 3<br/>@LIV 4 F,0,0,0%,0%,0,0,0,4,0,0,0,0,0,0,0,0,0,0,0,0,0,0,0,0,0,0,0,0,0,0,0,0,0,0,0,0,0,0,0,0,0,0,0,0,0,0,0,0,0,0,0,0,0,0,0,0,0,0,0,0,0,0,0,0,0,0,0,0,0,0,0,0,0,0,0,0,0,0,0,0,0,0,0,0,1
Nathaniel Phillips,LIV,D,455,FA,LEE 3<br/>@LIV 4 F,0,0,0%,0%,0,0,0,4,0,0,0,0,0,0,0,0,0,0,0,0,0,0,0,0,0,0,0,0,0,0,0,0,0,0,0,0,0,0,0,0,0,0,0,0,0,0,0,0,0,0,0,0,0,0,0,0,0,0,0,0,0,0,0,0,0,0,0,0,0,0,0,0,0,0,0,0,0,0,0,0,0,0,0,0,1
Roberto Firmino,LIV,F,468,FA,LEE 3<br/>@LIV 4 F,-0.5,-0.5,100%,0%,1,90,0,4,0,0,0,0,0,0,0,0,0,0,0,2,0,0,0,2,2,0,3,12,1,0,0,0,1,0,0,0,0,0,0,0,40,34,85,11,0,0,0,0,0,2,0,0,0,0,0,0,2,2,2,0,0,4,7,0,3,0,0,0,4,0,0,12,0,0,0,0,0,0,0,0,0,0,0,0,1
Jeff Hendrick,NEW,M,9,W (Thu),NEW 2<br/>@WHU 0 F,23,23,13%,0%,1,90,1,2,0,1,0,0,0,0,0,0,0,0,1,1,1,1,0,0,0,0,2,10,0,0,0,0,0,0,0,0,0,0,0,1,27,21,77.8,9,0,0,0,0,0,0,0,0,1,0,0,0,3,3,3,1,2,3,6,0,2,1,0,0,9,0,0,10,6,5,0,0,0,0,0,0,0,0,1,90,1
Jamal Lewis,NEW,D,18,FA,NEW 2<br/>@WHU 0 F,17.25,17.25,20%,0%,1,90,0,2,0,3,0,0,0,0,0,0,0,0,0,0,0,0,0,0,2,0,0,11,0,0,0,0,0,0,0,0,0,0,0,0,32,25,78.1,4,3,2,1,0,0,0,1,0,0,0,1,1,0,0,0,2,0,3,1,1,0,0,0,0,6,0,0,11,4,2,0,0,0,0,0,0,0,0,1,90,1
Callum Wilson,NEW,F,24,FA,NEW 2<br/>@WHU 0 F,15.5,15.5,82%,0%,1,85,1,1,0,2,0,0,0,0,0,0,0,0,0,4,1,0.3,0,0,0,0,1,10,0,0,0,0,0,0,0,0,0,0,0,1,21,16,76.2,7,1,0,1,0,0,2,0,0,1,0,0,0,0,0,0,0,0,0,2,0,1,0,0,1,6,0,0,10,1,0,0,1,0,0,0,0,0,0,1,85,1
Javier Manquillo,NEW,D,32,FA,NEW 2<br/>@WHU 0 F,13.75,13.75,3%,0%,1,90,0,2,0,1,0,0,0,0,0,0,0,0,0,0,0,0,0,0,3,0,0,17,1,0,0,0,1,0,0,0,0,0,0,0,25,16,64,6,6,2,4,0,0,1,0,0,1,0,3,3,1,0,0,0,0,7,4,2,1,0,0,0,8,0,0,17,10,3,0,0,0,0,0,0,0,0,1,90,1
Federico Fernandez,NEW,D,37,FA,NEW 2<br/>@WHU 0 F,12.75,12.75,13%,0%,1,90,0,2,0,0,0,0,0,0,0,0,0,0,0,0,0,0,0,0,1,0,0,10,0,0,0,0,0,0,0,0,0,0,0,0,36,28,77.8,1,1,0,1,0,0,0,3,0,0,0,7,7,0,0,0,0,2,5,3,4,3,0,0,0,4,0,0,10,8,3,0,0,0,0,0,0,0,0,1,90,1
Jamaal Lascelles,NEW,D,45,FA,NEW 2<br/>@WHU 0 F,11.5,11.5,12%,0%,1,90,0,2,0,0,0,0,0,0,0,0,0,0,0,0,0,0,0,0,0,0,0,5,2,1,0,0,0,0,0,0,0,0,0,0,22,19,86.4,4,0,0,0,0,0,0,2,0,0,0,6,6,2,2,3,1,2,4,4,2,2,0,0,0,2,0,0,5,5,3,0,0,0,0,0,0,0,0,1,90,1
Jonjo Shelvey,NEW,M,67,FA,NEW 2<br/>@WHU 0 F,8,8,89%,0%,1,90,0,2,0,3,0,0,0,0,0,0,0,0,0,3,0,0,0,2,0,0,0,18,0,0,0,0,0,0,0,0,0,0,0,0,46,34,73.9,16,8,1,5,7,2,0,1,1,0,0,1,1,0,0,0,0,0,1,0,0,0,0,0,0,4,0,0,18,14,6,0,0,0,0,0,0,0,0,1,90,1
Miguel Almiron,NEW,M,68,FA,NEW 2<br/>@WHU 0 F,8,8,83%,0%,1,5,0,1,0,1,0,0,0,0,0,0,0,0,1,1,0,0,0,1,0,0,0,1,0,0,0,0,0,0,0,0,0,0,0,0,10,10,100,4,0,0,0,0,0,1,0,0,0,0,0,0,0,0,0,0,0,0,0,0,0,0,0,0,2,0,0,1,0,0,1,0,0,0,0,0,0,0,0,5,1
Andy Carroll,NEW,F,69,FA,NEW 2<br/>@WHU 0 F,8,8,17%,0%,1,88,0,2,0,1,0,0,0,0,0,0,0,0,0,4,0,0,0,2,0,0,2,15,2,1,0,0,0,0,0,0,0,0,0,0,29,19,65.5,12,0,0,0,0,0,2,1,0,0,0,5,5,3,1,2,0,0,14,13,12,8,0,0,0,3,0,0,15,2,1,0,1,0,0,0,0,0,0,1,88,1
Joelinton,NEW,F,96,FA,NEW 2<br/>@WHU 0 F,5,5,25%,0%,1,15,0,1,0,1,0,0,0,0,0,0,0,0,0,1,0,0,0,1,1,0,0,2,0,0,0,0,0,0,0,0,0,0,0,2,9,8,88.9,2,0,0,0,0,0,0,0,0,0,0,1,1,2,1,1,0,0,4,1,2,0,0,0,0,2,0,0,2,0,0,1,0,0,0,0,0,0,0,0,15,1
Allan Saint-Maximin,NEW,M,122,FA,NEW 2<br/>@WHU 0 F,3,3,100%,0%,1,75,0,1,0,0,0,0,0,0,0,0,0,0,0,1,0,0,0,0,1,0,2,9,0,7,0,0,0,0,0,0,0,0,0,0,20,19,95,9,1,0,1,0,0,1,0,0,0,0,1,1,4,2,9,0,0,10,4,0,0,0,0,0,7,0,0,9,0,0,0,1,0,0,0,0,0,0,1,75,1
Isaac Hayden,NEW,M,130,FA,NEW 2<br/>@WHU 0 F,2.5,2.5,3%,0%,1,90,0,2,0,0,0,0,0,0,0,0,0,0,0,0,0,0,0,0,2,0,1,4,2,2,0,0,1,0,0,0,0,0,0,0,43,40,93,2,0,0,0,0,0,0,0,0,2,0,1,1,0,0,2,0,1,6,3,2,0,0,0,0,9,0,0,4,4,4,0,0,0,0,0,0,0,0,1,90,1
Ryan Fraser,NEW,M,217,W (Thu),NEW 2<br/>@WHU 0 F,0,0,60%,0%,0,0,0,0,0,0,0,0,0,0,0,0,0,0,0,0,0,0,0,0,0,0,0,0,0,0,0,0,0,0,0,0,0,0,0,0,0,0,0,0,0,0,0,0,0,0,0,0,0,0,0,0,0,0,0,0,0,0,0,0,0,0,0,0,0,0,0,0,0,0,0,0,0,0,0,0,0,0,0,0,1
Matt Ritchie,NEW,M,218,FA,NEW 2<br/>@WHU 0 F,0,0,59%,0%,0,0,0,0,0,0,0,0,0,0,0,0,0,0,0,0,0,0,0,0,0,0,0,0,0,0,0,0,0,0,0,0,0,0,0,0,0,0,0,0,0,0,0,0,0,0,0,0,0,0,0,0,0,0,0,0,0,0,0,0,0,0,0,0,0,0,0,0,0,0,0,0,0,0,0,0,0,0,0,0,1
Fabian Schar,NEW,D,302,FA,NEW 2<br/>@WHU 0 F,0,0,3%,0%,0,0,0,0,0,0,0,0,0,0,0,0,0,0,0,0,0,0,0,0,0,0,0,0,0,0,0,0,0,0,0,0,0,0,0,0,0,0,0,0,0,0,0,0,0,0,0,0,0,0,0,0,0,0,0,0,0,0,0,0,0,0,0,0,0,0,0,0,0,0,0,0,0,0,0,0,0,0,0,0,1
Dwight Gayle,NEW,F,314,FA,NEW 2<br/>@WHU 0 F,0,0,1%,0%,0,0,0,0,0,0,0,0,0,0,0,0,0,0,0,0,0,0,0,0,0,0,0,0,0,0,0,0,0,0,0,0,0,0,0,0,0,0,0,0,0,0,0,0,0,0,0,0,0,0,0,0,0,0,0,0,0,0,0,0,0,0,0,0,0,0,0,0,0,0,0,0,0,0,0,0,0,0,0,0,1
DeAndre Yedlin,NEW,D,320,FA,NEW 2<br/>@WHU 0 F,0,0,1%,0%,0,0,0,0,0,0,0,0,0,0,0,0,0,0,0,0,0,0,0,0,0,0,0,0,0,0,0,0,0,0,0,0,0,0,0,0,0,0,0,0,0,0,0,0,0,0,0,0,0,0,0,0,0,0,0,0,0,0,0,0,0,0,0,0,0,0,0,0,0,0,0,0,0,0,0,0,0,0,0,0,1
Sean Longstaff,NEW,M,328,FA,NEW 2<br/>@WHU 0 F,0,0,1%,0%,1,2,0,0,0,0,0,0,0,0,0,0,0,0,0,0,0,0,0,0,0,0,0,0,0,0,0,0,0,0,0,0,0,0,0,0,1,1,100,0,0,0,0,0,0,0,0,0,0,0,1,1,0,0,0,0,0,0,0,0,0,0,0,0,0,0,0,0,0,0,1,0,0,0,0,0,0,0,0,2,1
Ciaran Clark,NEW,D,333,FA,NEW 2<br/>@WHU 0 F,0,0,1%,0%,0,0,0,0,0,0,0,0,0,0,0,0,0,0,0,0,0,0,0,0,0,0,0,0,0,0,0,0,0,0,0,0,0,0,0,0,0,0,0,0,0,0,0,0,0,0,0,0,0,0,0,0,0,0,0,0,0,0,0,0,0,0,0,0,0,0,0,0,0,0,0,0,0,0,0,0,0,0,0,0,1
Matthew Longstaff,NEW,M,353,FA,NEW 2<br/>@WHU 0 F,0,0,1%,0%,0,0,0,0,0,0,0,0,0,0,0,0,0,0,0,0,0,0,0,0,0,0,0,0,0,0,0,0,0,0,0,0,0,0,0,0,0,0,0,0,0,0,0,0,0,0,0,0,0,0,0,0,0,0,0,0,0,0,0,0,0,0,0,0,0,0,0,0,0,0,0,0,0,0,0,0,0,0,0,0,1
Christian Atsu,NEW,M,368,FA,NEW 2<br/>@WHU 0 F,0,0,1%,0%,0,0,0,0,0,0,0,0,0,0,0,0,0,0,0,0,0,0,0,0,0,0,0,0,0,0,0,0,0,0,0,0,0,0,0,0,0,0,0,0,0,0,0,0,0,0,0,0,0,0,0,0,0,0,0,0,0,0,0,0,0,0,0,0,0,0,0,0,0,0,0,0,0,0,0,0,0,0,0,0,1
Emil Krafth,NEW,D,372,FA,NEW 2<br/>@WHU 0 F,0,0,1%,0%,0,0,0,0,0,0,0,0,0,0,0,0,0,0,0,0,0,0,0,0,0,0,0,0,0,0,0,0,0,0,0,0,0,0,0,0,0,0,0,0,0,0,0,0,0,0,0,0,0,0,0,0,0,0,0,0,0,0,0,0,0,0,0,0,0,0,0,0,0,0,0,0,0,0,0,0,0,0,0,0,1
Paul Dummett,NEW,D,393,FA,NEW 2<br/>@WHU 0 F,0,0,0%,0%,0,0,0,0,0,0,0,0,0,0,0,0,0,0,0,0,0,0,0,0,0,0,0,0,0,0,0,0,0,0,0,0,0,0,0,0,0,0,0,0,0,0,0,0,0,0,0,0,0,0,0,0,0,0,0,0,0,0,0,0,0,0,0,0,0,0,0,0,0,0,0,0,0,0,0,0,0,0,0,0,1
Jacob Murphy,NEW,M,396,W (Thu),NEW 2<br/>@WHU 0 F,0,0,0%,0%,0,0,0,0,0,0,0,0,0,0,0,0,0,0,0,0,0,0,0,0,0,0,0,0,0,0,0,0,0,0,0,0,0,0,0,0,0,0,0,0,0,0,0,0,0,0,0,0,0,0,0,0,0,0,0,0,0,0,0,0,0,0,0,0,0,0,0,0,0,0,0,0,0,0,0,0,0,0,0,0,1
Henri Saivet,NEW,M,411,W (Thu),NEW 2<br/>@WHU 0 F,0,0,0%,0%,0,0,0,0,0,0,0,0,0,0,0,0,0,0,0,0,0,0,0,0,0,0,0,0,0,0,0,0,0,0,0,0,0,0,0,0,0,0,0,0,0,0,0,0,0,0,0,0,0,0,0,0,0,0,0,0,0,0,0,0,0,0,0,0,0,0,0,0,0,0,0,0,0,0,0,0,0,0,0,0,1
Yoshinori Muto,NEW,F,421,FA,NEW 2<br/>@WHU 0 F,0,0,0%,0%,0,0,0,0,0,0,0,0,0,0,0,0,0,0,0,0,0,0,0,0,0,0,0,0,0,0,0,0,0,0,0,0,0,0,0,0,0,0,0,0,0,0,0,0,0,0,0,0,0,0,0,0,0,0,0,0,0,0,0,0,0,0,0,0,0,0,0,0,0,0,0,0,0,0,0,0,0,0,0,0,1
Daniel Barlaser,NEW,M,444,W (Thu),NEW 2<br/>@WHU 0 F,0,0,0%,0%,0,0,0,0,0,0,0,0,0,0,0,0,0,0,0,0,0,0,0,0,0,0,0,0,0,0,0,0,0,0,0,0,0,0,0,0,0,0,0,0,0,0,0,0,0,0,0,0,0,0,0,0,0,0,0,0,0,0,0,0,0,0,0,0,0,0,0,0,0,0,0,0,0,0,0,0,0,0,0,0,1
Oliver McBurnie,SHU,F,38,W (Thu),WOL 2<br/>@SHU 0 F,12.5,12.5,68%,0%,1,90,0,0,0,1,0,0,0,0,0,0,0,0,0,3,2,0.7,0,0,0,0,0,14,2,3,0,0,1,0,0,0,0,0,0,0,26,15,57.7,10,2,0,2,0,0,1,0,0,2,0,2,2,2,1,4,0,0,19,13,13,10,0,0,0,1,0,0,14,0,0,0,0,0,0,0,0,0,0,0,0,1
John Fleck,SHU,M,80,W (Thu),WOL 2<br/>@SHU 0 F,7,7,76%,0%,1,90,0,0,0,2,0,0,0,0,0,0,0,0,0,1,0,0,1,0,2,0,2,21,1,0,0,0,0,0,0,0,0,0,0,0,36,27,75,18,9,0,6,5,3,0,0,0,1,0,0,0,3,1,1,0,0,3,12,0,2,0,0,0,4,0,0,21,1,0,0,0,0,0,0,0,0,0,0,0,1
John Lundstram,SHU,M,85,W (Thu),WOL 2<br/>@SHU 0 F,6.5,6.5,37%,0%,1,90,0,0,0,2,0,0,0,0,0,0,0,0,0,0,0,0,0,0,1,0,0,19,1,1,0,0,0,0,0,0,0,0,0,0,47,39,83,25,11,1,10,2,0,2,0,0,0,0,0,0,0,0,1,0,0,3,7,1,3,0,0,0,5,0,0,19,3,2,0,0,0,0,0,0,0,0,0,0,1
Enda Stevens,SHU,D,98,W (Thu),WOL 2<br/>@SHU 0 F,4.75,4.75,97%,0%,1,90,0,0,0,0,0,0,0,0,0,0,0,0,0,1,0,0,0,0,1,0,1,10,1,0,0,0,0,0,0,0,0,0,0,0,50,46,92,21,1,0,1,0,0,0,1,0,1,0,1,1,3,2,2,1,0,6,7,1,1,0,0,0,8,0,0,10,8,6,0,0,0,0,0,0,0,0,0,0,1
Chris Basham,SHU,D,99,W (Thu),WOL 2<br/>@SHU 0 F,4.75,4.75,95%,0%,1,71,0,0,0,0,0,0,0,0,0,0,0,0,0,0,0,0,0,0,3,0,0,6,1,0,0,0,0,0,0,0,0,0,0,0,28,25,89.3,5,1,0,1,0,0,1,1,0,1,0,3,3,0,0,0,0,0,7,3,4,2,0,0,0,4,0,0,6,0,0,0,1,0,0,0,0,0,2,0,0,1
Oliver Norwood,SHU,M,103,W (Thu),WOL 2<br/>@SHU 0 F,4.5,4.5,66%,0%,1,76,0,0,0,1,0,0,0,0,0,0,0,0,0,0,0,0,0,0,0,0,0,12,0,0,0,0,0,0,0,0,0,0,0,0,55,49,89.1,15,7,0,5,5,2,1,0,0,2,0,1,1,0,0,0,0,0,1,1,1,0,0,0,0,5,0,0,12,9,8,0,1,0,0,0,0,0,0,0,0,1
Sander Berge,SHU,M,105,W (Thu),WOL 2<br/>@SHU 0 F,4.5,4.5,9%,0%,1,14,0,0,0,1,0,0,0,0,0,0,0,0,0,0,0,0,0,0,1,0,0,0,0,0,0,0,0,0,0,0,0,0,0,0,23,23,100,13,1,1,0,0,0,0,0,0,0,0,0,0,0,0,0,0,0,2,1,1,1,0,0,0,1,0,0,0,0,0,1,0,0,0,0,0,0,0,0,0,1
George Baldock,SHU,D,109,W (Thu),WOL 2<br/>@SHU 0 F,4,4,93%,0%,1,90,0,0,0,1,0,0,0,0,0,0,0,0,0,1,0,0,0,1,0,0,0,9,4,1,0,0,0,0,0,0,0,0,0,0,40,38,95,21,6,0,6,0,0,3,0,0,1,0,0,0,1,0,1,0,0,2,6,1,0,1,0,0,6,0,0,9,2,0,0,0,0,0,0,0,0,0,0,0,1
David McGoldrick,SHU,F,158,W (Thu),WOL 2<br/>@SHU 0 F,1,1,8%,0%,1,19,0,0,0,0,0,0,0,0,0,0,0,0,0,1,0,0,0,1,0,0,1,8,1,0,0,0,0,0,0,0,0,0,0,0,19,15,78.9,7,2,0,2,0,0,1,0,0,0,0,0,0,1,1,1,0,0,2,3,1,1,0,0,0,1,0,0,8,1,1,1,0,0,0,0,0,0,0,0,0,1
Billy Sharp,SHU,F,160,W (Thu),WOL 2<br/>@SHU 0 F,1,1,4%,0%,1,90,0,0,0,0,0,0,0,0,0,0,0,0,0,1,0,0,0,0,0,0,3,12,0,2,0,0,0,0,0,0,0,0,0,3,17,13,76.5,7,1,0,1,0,0,3,0,0,0,0,0,0,2,1,3,0,0,6,5,3,1,0,1,0,0,0,0,12,0,0,0,0,0,0,0,0,0,0,0,0,1
Lys Mousset,SHU,F,285,W (Thu),WOL 2<br/>@SHU 0 F,0,0,5%,0%,0,0,0,0,0,0,0,0,0,0,0,0,0,0,0,0,0,0,0,0,0,0,0,0,0,0,0,0,0,0,0,0,0,0,0,0,0,0,0,0,0,0,0,0,0,0,0,0,0,0,0,0,0,0,0,0,0,0,0,0,0,0,0,0,0,0,0,0,0,0,0,0,0,0,0,0,0,0,0,0,1
Ethan Ampadu,SHU,D,297,W (Thu),WOL 2<br/>@SHU 0 F,0,0,4%,0%,0,0,0,0,0,0,0,0,0,0,0,0,0,0,0,0,0,0,0,0,0,0,0,0,0,0,0,0,0,0,0,0,0,0,0,0,0,0,0,0,0,0,0,0,0,0,0,0,0,0,0,0,0,0,0,0,0,0,0,0,0,0,0,0,0,0,0,0,0,0,0,0,0,0,0,0,0,0,0,0,1
Oliver Burke,SHU,M,332,W (Thu),WOL 2<br/>@SHU 0 F,0,0,1%,0%,0,0,0,0,0,0,0,0,0,0,0,0,0,0,0,0,0,0,0,0,0,0,0,0,0,0,0,0,0,0,0,0,0,0,0,0,0,0,0,0,0,0,0,0,0,0,0,0,0,0,0,0,0,0,0,0,0,0,0,0,0,0,0,0,0,0,0,0,0,0,0,0,0,0,0,0,0,0,0,0,1
Jayden Bogle,SHU,D,381,W (Thu),WOL 2<br/>@SHU 0 F,0,0,0%,0%,0,0,0,0,0,0,0,0,0,0,0,0,0,0,0,0,0,0,0,0,0,0,0,0,0,0,0,0,0,0,0,0,0,0,0,0,0,0,0,0,0,0,0,0,0,0,0,0,0,0,0,0,0,0,0,0,0,0,0,0,0,0,0,0,0,0,0,0,0,0,0,0,0,0,0,0,0,0,0,0,1
Jack Robinson,SHU,D,390,W (Thu),WOL 2<br/>@SHU 0 F,0,0,0%,0%,0,0,0,0,0,0,0,0,0,0,0,0,0,0,0,0,0,0,0,0,0,0,0,0,0,0,0,0,0,0,0,0,0,0,0,0,0,0,0,0,0,0,0,0,0,0,0,0,0,0,0,0,0,0,0,0,0,0,0,0,0,0,0,0,0,0,0,0,0,0,0,0,0,0,0,0,0,0,0,0,1
Ben Osborn,SHU,M,397,W (Thu),WOL 2<br/>@SHU 0 F,0,0,0%,0%,0,0,0,0,0,0,0,0,0,0,0,0,0,0,0,0,0,0,0,0,0,0,0,0,0,0,0,0,0,0,0,0,0,0,0,0,0,0,0,0,0,0,0,0,0,0,0,0,0,0,0,0,0,0,0,0,0,0,0,0,0,0,0,0,0,0,0,0,0,0,0,0,0,0,0,0,0,0,0,0,1
Phil Jagielka,SHU,D,408,W (Thu),WOL 2<br/>@SHU 0 F,0,0,0%,0%,0,0,0,0,0,0,0,0,0,0,0,0,0,0,0,0,0,0,0,0,0,0,0,0,0,0,0,0,0,0,0,0,0,0,0,0,0,0,0,0,0,0,0,0,0,0,0,0,0,0,0,0,0,0,0,0,0,0,0,0,0,0,0,0,0,0,0,0,0,0,0,0,0,0,0,0,0,0,0,0,1
Max Lowe,SHU,D,420,W (Thu),WOL 2<br/>@SHU 0 F,0,0,0%,0%,0,0,0,0,0,0,0,0,0,0,0,0,0,0,0,0,0,0,0,0,0,0,0,0,0,0,0,0,0,0,0,0,0,0,0,0,0,0,0,0,0,0,0,0,0,0,0,0,0,0,0,0,0,0,0,0,0,0,0,0,0,0,0,0,0,0,0,0,0,0,0,0,0,0,0,0,0,0,0,0,1
Jack Rodwell,SHU,M,429,W (Thu),WOL 2<br/>@SHU 0 F,0,0,0%,0%,0,0,0,0,0,0,0,0,0,0,0,0,0,0,0,0,0,0,0,0,0,0,0,0,0,0,0,0,0,0,0,0,0,0,0,0,0,0,0,0,0,0,0,0,0,0,0,0,0,0,0,0,0,0,0,0,0,0,0,0,0,0,0,0,0,0,0,0,0,0,0,0,0,0,0,0,0,0,0,0,1
Regan Slater,SHU,M,431,W (Thu),WOL 2<br/>@SHU 0 F,0,0,0%,0%,0,0,0,0,0,0,0,0,0,0,0,0,0,0,0,0,0,0,0,0,0,0,0,0,0,0,0,0,0,0,0,0,0,0,0,0,0,0,0,0,0,0,0,0,0,0,0,0,0,0,0,0,0,0,0,0,0,0,0,0,0,0,0,0,0,0,0,0,0,0,0,0,0,0,0,0,0,0,0,0,1
Kean Bryan,SHU,D,433,W (Thu),WOL 2<br/>@SHU 0 F,0,0,0%,0%,0,0,0,0,0,0,0,0,0,0,0,0,0,0,0,0,0,0,0,0,0,0,0,0,0,0,0,0,0,0,0,0,0,0,0,0,0,0,0,0,0,0,0,0,0,0,0,0,0,0,0,0,0,0,0,0,0,0,0,0,0,0,0,0,0,0,0,0,0,0,0,0,0,0,0,0,0,0,0,0,1
Jack O'Connell,SHU,D,474,W (Thu),WOL 2<br/>@SHU 0 F,-1,-1,85%,0%,1,90,0,0,0,0,0,0,0,0,0,0,0,0,0,0,0,0,0,0,1,0,0,18,0,0,0,0,0,0,0,0,0,0,0,1,52,39,75,8,1,0,1,0,0,0,2,0,1,1,0,0,1,0,0,0,2,3,8,1,6,0,0,0,5,0,0,18,10,2,0,0,0,0,0,0,0,2,0,0,1
John Egan,SHU,D,479,W (Thu),WOL 2<br/>@SHU 0 F,-2.25,-2.25,97%,0%,1,90,0,0,0,0,0,0,0,0,0,0,0,0,0,1,0,0,0,0,0,0,0,15,2,0,0,0,1,0,0,0,0,0,0,0,46,33,71.7,7,1,0,1,0,0,0,0,0,0,0,3,3,0,0,0,0,0,5,3,4,1,0,0,0,4,0,0,15,8,3,0,0,0,0,0,0,0,2,0,0,1
Jannik Vestergaard,SOU,D,47,FA,SOU 0<br/>@CRY 1 F,11.25,11.25,5%,0%,1,45,0,0,0,1,0,0,0,0,0,0,0,0,0,0,0,0,0,0,2,0,0,8,1,0,0,0,0,0,0,1,0,0,0,0,42,35,83.3,3,0,0,0,0,0,0,2,0,1,0,5,5,1,1,1,0,0,7,0,4,0,1,0,0,4,0,0,8,5,3,1,0,0,0,0,0,0,0,0,0,1
Oriol Romeu,SOU,M,71,FA,SOU 0<br/>@CRY 1 F,8,8,3%,0%,1,90,0,0,0,0,0,0,0,0,0,0,0,0,0,0,0,0,0,0,3,0,1,19,1,0,0,0,0,0,0,0,0,0,0,0,77,59,76.6,10,0,0,0,0,0,0,1,0,2,0,0,0,1,1,1,2,0,10,7,5,4,0,0,0,3,0,0,19,13,8,0,0,0,0,0,0,0,0,0,0,1
Jack Stephens,SOU,D,76,FA,SOU 0<br/>@CRY 1 F,7.5,7.5,7%,0%,1,90,0,0,0,0,0,0,0,0,0,0,0,0,0,1,1,1,0,0,1,0,0,24,1,1,0,0,0,0,0,0,0,0,0,0,90,68,75.6,7,0,0,0,0,0,0,3,0,2,0,2,2,0,0,1,1,0,6,3,4,1,0,0,0,5,0,0,24,16,5,0,0,0,0,0,0,0,1,0,0,1
James Ward-Prowse,SOU,M,78,FA,SOU 0<br/>@CRY 1 F,7,7,100%,0%,1,90,0,0,0,1,0,0,0,0,0,0,0,0,0,2,0,0,0,0,3,0,0,16,1,3,0,0,0,0,0,0,0,0,0,0,62,53,85.5,9,5,0,4,3,1,0,0,2,0,0,0,0,1,0,3,0,0,10,8,4,4,0,0,0,7,0,0,16,4,3,0,0,0,0,0,0,0,0,0,0,1
Ryan Bertrand,SOU,D,82,FA,SOU 0<br/>@CRY 1 F,6.75,6.75,61%,0%,1,90,0,0,0,1,0,0,0,0,0,0,0,0,0,0,0,0,0,0,1,0,0,17,0,1,0,0,0,0,0,0,0,0,0,0,59,48,81.4,12,4,1,3,0,0,0,0,0,0,0,3,3,1,1,2,0,0,9,4,3,3,0,0,0,4,0,0,17,6,3,0,0,0,0,0,0,0,1,0,0,1
Danny Ings,SOU,F,90,FA,SOU 0<br/>@CRY 1 F,5.5,5.5,100%,0%,1,90,0,0,0,1,0,0,0,0,0,0,0,0,0,3,2,0.7,0,1,0,0,2,12,0,4,0,0,0,0,0,0,0,0,0,0,13,8,61.5,5,0,0,0,0,0,2,0,0,0,0,0,0,1,0,4,0,0,5,8,1,5,0,1,0,1,0,0,12,1,0,0,0,0,0,0,0,0,0,0,0,1
Kyle Walker-Peters,SOU,D,92,FA,SOU 0<br/>@CRY 1 F,5.5,5.5,70%,0%,1,90,0,0,0,1,0,0,0,0,0,0,0,0,0,0,0,0,0,0,4,0,3,26,2,1,0,0,1,0,0,0,0,0,0,0,59,44,74.6,16,3,1,2,0,0,0,0,0,2,0,4,4,1,0,1,0,0,9,11,2,4,1,0,0,3,0,0,26,4,1,0,0,0,0,0,0,0,1,0,0,1
Che Adams,SOU,F,93,FA,SOU 0<br/>@CRY 1 F,5.5,5.5,64%,0%,1,85,0,0,0,1,0,0,0,0,0,0,0,0,0,1,1,1,0,0,0,0,0,8,1,1,0,0,0,0,0,0,0,0,0,0,18,15,83.3,8,0,0,0,0,0,0,0,0,0,0,0,0,0,0,1,0,0,3,6,3,5,0,1,0,2,0,0,8,0,0,0,1,0,0,0,0,0,0,0,0,1
Nathan Redmond,SOU,M,114,FA,SOU 0<br/>@CRY 1 F,3.5,3.5,98%,0%,1,90,0,0,0,0,0,0,0,0,0,0,0,0,0,2,1,0.5,0,0,2,0,3,18,2,0,0,0,0,0,0,0,0,0,0,0,41,30,73.2,10,2,0,2,0,0,0,1,0,0,0,0,0,2,1,1,0,0,4,8,0,1,0,0,0,3,0,0,18,3,2,0,0,0,0,0,0,0,0,0,0,1
Jan Bednarek,SOU,D,131,FA,SOU 0<br/>@CRY 1 F,2.25,2.25,49%,0%,1,45,0,0,0,0,0,0,0,0,0,0,0,0,0,0,0,0,0,0,0,0,0,5,0,1,0,0,0,0,0,0,0,0,0,0,51,46,90.2,8,0,0,0,0,0,0,0,0,1,0,1,1,1,1,2,0,0,5,1,2,0,0,0,0,2,0,0,5,6,3,0,1,0,0,0,0,0,1,0,0,1
Moussa Djenepo,SOU,M,147,FA,SOU 0<br/>@CRY 1 F,1.5,1.5,11%,0%,1,13,0,0,0,0,0,0,0,0,0,0,0,0,0,0,0,0,0,0,0,0,0,3,0,1,0,0,0,0,0,0,0,0,0,0,7,5,71.4,0,0,0,0,0,0,0,0,0,0,0,0,0,1,1,2,0,0,4,1,1,1,0,0,0,1,0,0,3,0,0,1,0,0,0,0,0,0,0,0,0,1
Shane Long,SOU,F,149,FA,SOU 0<br/>@CRY 1 F,1.5,1.5,6%,0%,1,5,0,0,0,0,0,0,0,0,0,0,0,0,0,0,0,0,0,0,1,0,0,2,0,0,0,0,0,0,0,0,0,0,0,0,1,0,0,0,0,0,0,0,0,0,0,0,0,0,0,0,1,0,0,0,0,2,2,1,1,0,0,0,0,0,0,2,0,0,1,0,0,0,0,0,0,0,0,0,1
William Smallbone,SOU,M,150,FA,SOU 0<br/>@CRY 1 F,1.5,1.5,3%,0%,1,77,0,0,0,0,0,0,0,0,0,0,0,0,0,0,0,0,0,0,1,0,1,9,2,1,0,0,0,0,0,0,0,0,0,0,18,15,83.3,5,4,0,4,0,0,1,0,0,1,0,0,0,0,0,1,0,0,3,6,0,1,0,0,0,4,0,0,9,2,1,0,1,0,0,0,0,0,0,0,0,1
Stuart Armstrong,SOU,M,214,FA,SOU 0<br/>@CRY 1 F,0,0,69%,0%,0,0,0,0,0,0,0,0,0,0,0,0,0,0,0,0,0,0,0,0,0,0,0,0,0,0,0,0,0,0,0,0,0,0,0,0,0,0,0,0,0,0,0,0,0,0,0,0,0,0,0,0,0,0,0,0,0,0,0,0,0,0,0,0,0,0,0,0,0,0,0,0,0,0,0,0,0,0,0,0,1
Mohammed Salisu,SOU,D,290,W (Thu),SOU 0<br/>@CRY 1 F,0,0,5%,0%,0,0,0,0,0,0,0,0,0,0,0,0,0,0,0,0,0,0,0,0,0,0,0,0,0,0,0,0,0,0,0,0,0,0,0,0,0,0,0,0,0,0,0,0,0,0,0,0,0,0,0,0,0,0,0,0,0,0,0,0,0,0,0,0,0,0,0,0,0,0,0,0,0,0,0,0,0,0,0,0,1
Michael Obafemi,SOU,F,316,FA,SOU 0<br/>@CRY 1 F,0,0,1%,0%,0,0,0,0,0,0,0,0,0,0,0,0,0,0,0,0,0,0,0,0,0,0,0,0,0,0,0,0,0,0,0,0,0,0,0,0,0,0,0,0,0,0,0,0,0,0,0,0,0,0,0,0,0,0,0,0,0,0,0,0,0,0,0,0,0,0,0,0,0,0,0,0,0,0,0,0,0,0,0,0,1
Sofiane Boufal,SOU,M,361,FA,SOU 0<br/>@CRY 1 F,0,0,1%,0%,0,0,0,0,0,0,0,0,0,0,0,0,0,0,0,0,0,0,0,0,0,0,0,0,0,0,0,0,0,0,0,0,0,0,0,0,0,0,0,0,0,0,0,0,0,0,0,0,0,0,0,0,0,0,0,0,0,0,0,0,0,0,0,0,0,0,0,0,0,0,0,0,0,0,0,0,0,0,0,0,1
Yan Valery,SOU,D,367,FA,SOU 0<br/>@CRY 1 F,0,0,1%,0%,0,0,0,0,0,0,0,0,0,0,0,0,0,0,0,0,0,0,0,0,0,0,0,0,0,0,0,0,0,0,0,0,0,0,0,0,0,0,0,0,0,0,0,0,0,0,0,0,0,0,0,0,0,0,0,0,0,0,0,0,0,0,0,0,0,0,0,0,0,0,0,0,0,0,0,0,0,0,0,0,1
Nathan Tella,SOU,M,441,FA,SOU 0<br/>@CRY 1 F,0,0,0%,0%,0,0,0,0,0,0,0,0,0,0,0,0,0,0,0,0,0,0,0,0,0,0,0,0,0,0,0,0,0,0,0,0,0,0,0,0,0,0,0,0,0,0,0,0,0,0,0,0,0,0,0,0,0,0,0,0,0,0,0,0,0,0,0,0,0,0,0,0,0,0,0,0,0,0,0,0,0,0,0,0,1
Jake Vokins,SOU,D,456,FA,SOU 0<br/>@CRY 1 F,0,0,0%,0%,0,0,0,0,0,0,0,0,0,0,0,0,0,0,0,0,0,0,0,0,0,0,0,0,0,0,0,0,0,0,0,0,0,0,0,0,0,0,0,0,0,0,0,0,0,0,0,0,0,0,0,0,0,0,0,0,0,0,0,0,0,0,0,0,0,0,0,0,0,0,0,0,0,0,0,0,0,0,0,0,1
Son Heung-Min,TOT,F,59,FA,EVE 1<br/>@TOT 0 F,9,9,100%,0%,1,90,0,0,0,3,0,0,0,0,0,0,0,0,0,2,1,0.5,0,1,1,0,2,15,0,0,0,0,0,0,0,0,0,0,0,0,21,18,85.7,10,9,1,6,5,2,1,0,0,0,0,0,0,0,0,0,0,0,1,3,0,0,1,0,0,0,0,0,15,0,0,0,0,0,0,0,0,0,0,0,0,1
Ben Davies,TOT,D,74,FA,EVE 1<br/>@TOT 0 F,7.5,7.5,63%,0%,1,90,0,0,0,2,0,0,0,0,0,0,0,0,0,1,0,0,0,1,0,0,0,17,1,2,1,0,0,0,0,0,0,0,0,0,55,46,83.6,12,8,3,5,0,0,1,0,0,1,0,2,2,0,0,2,0,1,4,3,1,2,0,0,0,2,0,0,17,4,1,0,0,0,0,0,0,0,1,0,0,1
Harry Kane,TOT,F,77,FA,EVE 1<br/>@TOT 0 F,7,7,100%,0%,1,90,0,0,0,2,0,0,0,0,0,0,0,0,0,2,1,0.5,0,0,0,0,2,11,1,0,0,0,0,0,0,0,0,0,0,0,16,9,56.3,3,1,0,1,0,0,0,0,0,0,0,1,1,2,1,1,0,0,3,8,2,1,1,0,0,2,0,0,11,2,1,0,0,0,0,0,0,0,0,0,0,1
Toby Alderweireld,TOT,D,95,FA,EVE 1<br/>@TOT 0 F,5.25,5.25,77%,0%,1,90,0,0,0,1,0,0,0,0,0,0,0,0,0,0,0,0,0,0,0,0,0,12,2,0,0,0,0,0,0,0,0,0,0,0,79,68,86.1,6,0,0,0,0,0,1,1,0,1,1,1,1,1,1,1,0,1,4,3,3,0,0,0,0,4,0,0,12,13,4,0,0,0,0,0,0,0,1,0,0,1
Dele Alli,TOT,M,108,FA,EVE 1<br/>@TOT 0 F,4,4,100%,0%,1,45,0,0,0,1,0,0,0,0,0,0,0,0,0,1,1,1,0,0,0,0,1,7,0,1,0,0,0,0,0,0,0,0,0,0,17,13,76.5,4,0,0,0,0,0,1,0,0,0,0,1,1,0,0,1,0,0,3,3,1,2,0,1,0,2,0,0,7,0,0,0,1,0,0,0,0,0,0,0,0,1
Matt Doherty,TOT,D,112,FA,EVE 1<br/>@TOT 0 F,3.75,3.75,100%,0%,1,76,0,0,0,0,0,0,0,0,0,0,0,0,0,1,1,1,0,0,0,0,1,13,2,0,0,0,0,0,0,0,0,0,0,0,44,36,81.8,9,1,0,1,0,0,0,2,0,0,0,1,1,2,2,2,1,2,5,5,2,1,0,1,0,2,0,0,13,2,1,0,1,0,0,0,0,0,1,0,0,1
Eric Dier,TOT,D,117,FA,EVE 1<br/>@TOT 0 F,3.5,3.5,48%,0%,1,90,0,0,0,0,0,0,0,0,0,0,0,0,0,0,0,0,0,0,0,0,0,8,1,0,0,0,0,0,0,0,0,0,0,0,67,60,89.6,5,0,0,0,0,0,0,0,0,1,0,6,6,0,0,0,0,0,3,6,3,4,0,0,0,4,0,0,8,10,6,0,0,0,0,0,0,0,1,0,0,1
Moussa Sissoko,TOT,M,129,FA,EVE 1<br/>@TOT 0 F,2.5,2.5,7%,0%,1,45,0,0,0,0,0,0,0,0,0,0,0,0,0,0,0,0,0,0,1,0,0,8,2,0,0,0,0,0,0,1,0,0,0,0,29,22,75.9,11,0,0,0,0,0,0,0,0,0,0,0,0,1,1,1,0,0,3,3,1,0,0,0,0,3,0,0,8,1,1,1,0,0,0,0,0,0,0,0,0,1
Lucas Moura,TOT,M,155,FA,EVE 1<br/>@TOT 0 F,1,1,99%,0%,1,90,0,0,0,0,0,0,0,0,0,0,0,0,0,2,1,0.5,0,1,0,0,7,21,2,2,0,0,0,0,0,0,0,0,0,0,35,27,77.1,7,2,0,2,0,0,1,0,0,1,0,0,0,2,0,2,0,0,5,17,3,3,0,0,0,5,0,0,21,2,1,0,0,0,0,0,0,0,0,0,0,1
Harry Winks,TOT,M,168,FA,EVE 1<br/>@TOT 0 F,0.5,0.5,8%,0%,1,60,0,0,0,0,0,0,0,0,0,0,0,0,0,0,0,0,0,0,0,0,0,8,0,1,0,0,0,0,0,0,0,0,0,0,52,46,88.5,5,1,0,1,0,0,0,0,0,0,0,0,0,0,0,1,0,0,2,2,1,1,0,0,0,3,0,0,8,3,1,0,1,0,0,0,0,0,0,0,0,1
Giovani Lo Celso,TOT,M,208,FA,EVE 1<br/>@TOT 0 F,0,0,82%,0%,0,0,0,0,0,0,0,0,0,0,0,0,0,0,0,0,0,0,0,0,0,0,0,0,0,0,0,0,0,0,0,0,0,0,0,0,0,0,0,0,0,0,0,0,0,0,0,0,0,0,0,0,0,0,0,0,0,0,0,0,0,0,0,0,0,0,0,0,0,0,0,0,0,0,0,0,0,0,0,0,1
Serge Aurier,TOT,D,209,FA,EVE 1<br/>@TOT 0 F,0,0,82%,0%,0,0,0,0,0,0,0,0,0,0,0,0,0,0,0,0,0,0,0,0,0,0,0,0,0,0,0,0,0,0,0,0,0,0,0,0,0,0,0,0,0,0,0,0,0,0,0,0,0,0,0,0,0,0,0,0,0,0,0,0,0,0,0,0,0,0,0,0,0,0,0,0,0,0,0,0,0,0,0,0,1
Davinson Sanchez,TOT,D,262,FA,EVE 1<br/>@TOT 0 F,0,0,13%,0%,0,0,0,0,0,0,0,0,0,0,0,0,0,0,0,0,0,0,0,0,0,0,0,0,0,0,0,0,0,0,0,0,0,0,0,0,0,0,0,0,0,0,0,0,0,0,0,0,0,0,0,0,0,0,0,0,0,0,0,0,0,0,0,0,0,0,0,0,0,0,0,0,0,0,0,0,0,0,0,0,1
Tanguy Ndombele,TOT,M,267,FA,EVE 1<br/>@TOT 0 F,0,0,9%,0%,1,14,0,0,0,0,0,0,0,0,0,0,0,0,0,0,0,0,0,0,0,0,0,4,0,0,0,0,0,0,0,0,0,0,0,0,18,15,83.3,5,1,0,1,0,0,0,0,0,0,0,1,1,0,0,0,0,0,0,1,0,0,0,0,0,1,0,0,4,0,0,1,0,0,0,0,0,0,0,0,0,1
Erik Lamela,TOT,M,280,FA,EVE 1<br/>@TOT 0 F,0,0,6%,0%,0,0,0,0,0,0,0,0,0,0,0,0,0,0,0,0,0,0,0,0,0,0,0,0,0,0,0,0,0,0,0,0,0,0,0,0,0,0,0,0,0,0,0,0,0,0,0,0,0,0,0,0,0,0,0,0,0,0,0,0,0,0,0,0,0,0,0,0,0,0,0,0,0,0,0,0,0,0,0,0,1
Japhet Tanganga,TOT,D,293,FA,EVE 1<br/>@TOT 0 F,0,0,4%,0%,0,0,0,0,0,0,0,0,0,0,0,0,0,0,0,0,0,0,0,0,0,0,0,0,0,0,0,0,0,0,0,0,0,0,0,0,0,0,0,0,0,0,0,0,0,0,0,0,0,0,0,0,0,0,0,0,0,0,0,0,0,0,0,0,0,0,0,0,0,0,0,0,0,0,0,0,0,0,0,0,1
Ryan Sessegnon,TOT,M,299,FA,EVE 1<br/>@TOT 0 F,0,0,3%,0%,0,0,0,0,0,0,0,0,0,0,0,0,0,0,0,0,0,0,0,0,0,0,0,0,0,0,0,0,0,0,0,0,0,0,0,0,0,0,0,0,0,0,0,0,0,0,0,0,0,0,0,0,0,0,0,0,0,0,0,0,0,0,0,0,0,0,0,0,0,0,0,0,0,0,0,0,0,0,0,0,1
Gedson Fernandes,TOT,M,343,FA,EVE 1<br/>@TOT 0 F,0,0,1%,0%,0,0,0,0,0,0,0,0,0,0,0,0,0,0,0,0,0,0,0,0,0,0,0,0,0,0,0,0,0,0,0,0,0,0,0,0,0,0,0,0,0,0,0,0,0,0,0,0,0,0,0,0,0,0,0,0,0,0,0,0,0,0,0,0,0,0,0,0,0,0,0,0,0,0,0,0,0,0,0,0,1
Harvey White,TOT,M,378,FA,EVE 1<br/>@TOT 0 F,0,0,1%,0%,0,0,0,0,0,0,0,0,0,0,0,0,0,0,0,0,0,0,0,0,0,0,0,0,0,0,0,0,0,0,0,0,0,0,0,0,0,0,0,0,0,0,0,0,0,0,0,0,0,0,0,0,0,0,0,0,0,0,0,0,0,0,0,0,0,0,0,0,0,0,0,0,0,0,0,0,0,0,0,0,1
Juan Foyth,TOT,D,387,FA,EVE 1<br/>@TOT 0 F,0,0,0%,0%,0,0,0,0,0,0,0,0,0,0,0,0,0,0,0,0,0,0,0,0,0,0,0,0,0,0,0,0,0,0,0,0,0,0,0,0,0,0,0,0,0,0,0,0,0,0,0,0,0,0,0,0,0,0,0,0,0,0,0,0,0,0,0,0,0,0,0,0,0,0,0,0,0,0,0,0,0,0,0,0,1
Jack Clarke,TOT,F,403,W (Thu),EVE 1<br/>@TOT 0 F,0,0,0%,0%,0,0,0,0,0,0,0,0,0,0,0,0,0,0,0,0,0,0,0,0,0,0,0,0,0,0,0,0,0,0,0,0,0,0,0,0,0,0,0,0,0,0,0,0,0,0,0,0,0,0,0,0,0,0,0,0,0,0,0,0,0,0,0,0,0,0,0,0,0,0,0,0,0,0,0,0,0,0,0,0,1
Dennis Cirkin,TOT,D,458,FA,EVE 1<br/>@TOT 0 F,0,0,0%,0%,0,0,0,0,0,0,0,0,0,0,0,0,0,0,0,0,0,0,0,0,0,0,0,0,0,0,0,0,0,0,0,0,0,0,0,0,0,0,0,0,0,0,0,0,0,0,0,0,0,0,0,0,0,0,0,0,0,0,0,0,0,0,0,0,0,0,0,0,0,0,0,0,0,0,0,0,0,0,0,0,1
Steven Bergwijn,TOT,F,469,FA,EVE 1<br/>@TOT 0 F,-0.5,-0.5,84%,0%,1,30,0,0,0,0,0,0,0,0,0,0,0,0,0,0,0,0,0,0,0,0,1,3,0,0,0,0,0,0,0,0,0,0,0,0,17,16,94.1,8,0,0,0,0,0,0,0,0,0,0,0,0,0,0,0,0,0,0,2,0,1,0,0,0,2,0,0,3,0,0,1,0,0,0,0,0,0,0,0,0,1
Pierre-Emile Hojbjerg,TOT,M,476,FA,EVE 1<br/>@TOT 0 F,-1.5,-1.5,85%,0%,1,90,0,0,0,0,0,0,0,0,0,0,0,0,0,0,0,0,0,0,2,0,2,9,4,0,0,0,1,0,0,0,0,0,0,0,79,73,92.4,17,1,0,1,0,0,0,0,0,0,0,4,4,0,0,0,0,0,5,8,1,0,0,0,0,9,0,0,9,4,2,0,0,0,0,0,0,0,0,0,0,1
Matheus Pereira,WBA,M,73,W (Thu),LEI 3<br/>@WBA 0 F,7.5,7.5,98%,0%,1,90,0,0,0,1,0,0,0,0,0,0,0,0,0,3,1,0.3,0,1,1,0,1,16,1,2,0,0,0,0,0,0,0,0,0,0,31,26,83.9,10,4,0,4,2,0,1,0,1,1,0,0,0,5,1,3,0,0,6,6,2,0,0,0,0,7,0,0,16,2,2,0,0,0,0,0,0,0,0,0,0,1
Darnell Furlong,WBA,D,89,W (Thu),LEI 3<br/>@WBA 0 F,6,6,1%,0%,1,69,0,0,0,1,0,0,0,0,0,0,0,0,0,1,0,0,0,1,0,0,1,14,0,1,0,0,0,0,0,0,0,0,0,1,19,13,68.4,5,3,0,3,0,0,1,0,0,0,0,2,2,0,0,1,1,0,7,1,6,0,0,0,0,2,0,0,14,3,0,0,1,0,0,0,0,0,1,0,0,1
Jake Livermore,WBA,M,97,W (Thu),LEI 3<br/>@WBA 0 F,5,5,2%,0%,1,90,0,0,0,1,0,0,0,0,0,0,0,0,0,0,0,0,0,0,2,0,0,8,3,0,0,0,0,0,0,0,0,0,0,0,27,20,74.1,4,0,0,0,0,0,0,1,0,1,0,2,2,0,0,0,0,0,2,3,0,0,0,0,0,7,0,0,8,2,2,0,0,0,0,0,0,0,0,0,0,1
Grady Diangana,WBA,M,116,W (Thu),LEI 3<br/>@WBA 0 F,3.5,3.5,54%,0%,1,90,0,0,0,1,0,0,0,0,0,0,0,0,0,1,0,0,0,0,0,0,4,21,0,2,0,0,0,0,0,0,0,0,0,1,32,22,68.8,10,0,0,0,0,0,0,0,0,2,0,0,0,2,1,3,0,0,4,9,1,2,0,0,0,5,0,0,21,0,0,0,0,0,0,0,0,0,0,0,0,1
Rekeem Harper,WBA,M,142,W (Thu),LEI 3<br/>@WBA 0 F,2,2,0%,0%,1,21,0,0,0,0,0,0,0,0,0,0,0,0,0,0,0,0,0,0,0,0,0,5,1,0,0,0,0,0,0,0,0,0,0,0,13,10,76.9,2,0,0,0,0,0,0,0,0,1,0,0,0,1,1,1,0,0,1,1,0,0,0,0,0,0,0,0,5,1,1,1,0,0,0,0,0,0,0,0,0,1
Romaine Sawyers,WBA,M,152,W (Thu),LEI 3<br/>@WBA 0 F,1.5,1.5,2%,0%,1,68,0,0,0,0,0,0,0,0,0,0,0,0,0,0,0,0,0,0,0,0,0,6,1,2,0,0,0,0,0,0,0,0,0,0,19,15,78.9,4,0,0,0,0,0,0,0,0,1,0,0,0,2,0,2,0,0,3,6,1,0,0,0,0,5,0,0,6,4,2,0,1,0,0,0,0,0,0,0,0,1
Kyle Edwards,WBA,F,164,W (Thu),LEI 3<br/>@WBA 0 F,1,1,0%,0%,1,22,0,0,0,0,0,0,0,0,0,0,0,0,0,1,0,0,0,1,1,0,0,0,0,0,0,0,0,0,0,0,0,0,0,0,5,5,100,2,0,0,0,0,0,0,0,0,0,0,0,0,0,0,0,0,0,2,0,0,0,0,0,0,1,0,0,0,0,0,1,0,0,0,0,0,0,0,0,0,1
Hal Robson-Kanu,WBA,F,169,W (Thu),LEI 3<br/>@WBA 0 F,0.5,0.5,3%,0%,1,30,0,0,0,0,0,0,0,0,0,0,0,0,0,1,0,0,0,0,0,0,0,2,0,0,0,0,0,0,0,0,0,0,0,0,3,1,33.3,0,0,0,0,0,0,0,0,0,0,0,2,2,0,0,0,0,0,1,2,1,2,0,0,0,1,0,0,2,0,0,1,0,0,0,0,0,0,0,0,0,1
Kyle Bartley,WBA,D,171,W (Thu),LEI 3<br/>@WBA 0 F,0.25,0.25,6%,0%,1,90,0,0,0,0,0,0,0,0,0,0,0,0,0,0,0,0,0,0,0,0,0,10,1,0,0,0,0,0,0,0,1,0,0,0,44,34,77.3,3,0,0,0,0,0,0,1,0,2,0,5,5,0,0,0,0,1,3,2,3,0,0,0,0,10,0,0,10,10,5,0,0,0,0,0,0,0,3,0,0,1
Charlie Austin,WBA,F,248,W (Thu),LEI 3<br/>@WBA 0 F,0,0,21%,0%,0,0,0,0,0,0,0,0,0,0,0,0,0,0,0,0,0,0,0,0,0,0,0,0,0,0,0,0,0,0,0,0,0,0,0,0,0,0,0,0,0,0,0,0,0,0,0,0,0,0,0,0,0,0,0,0,0,0,0,0,0,0,0,0,0,0,0,0,0,0,0,0,0,0,0,0,0,0,0,0,1
Matt Phillips,WBA,M,268,W (Thu),LEI 3<br/>@WBA 0 F,0,0,9%,0%,0,0,0,0,0,0,0,0,0,0,0,0,0,0,0,0,0,0,0,0,0,0,0,0,0,0,0,0,0,0,0,0,0,0,0,0,0,0,0,0,0,0,0,0,0,0,0,0,0,0,0,0,0,0,0,0,0,0,0,0,0,0,0,0,0,0,0,0,0,0,0,0,0,0,0,0,0,0,0,0,1
Kamil Grosicki,WBA,M,305,W (Thu),LEI 3<br/>@WBA 0 F,0,0,2%,0%,0,0,0,0,0,0,0,0,0,0,0,0,0,0,0,0,0,0,0,0,0,0,0,0,0,0,0,0,0,0,0,0,0,0,0,0,0,0,0,0,0,0,0,0,0,0,0,0,0,0,0,0,0,0,0,0,0,0,0,0,0,0,0,0,0,0,0,0,0,0,0,0,0,0,0,0,0,0,0,0,1
Ahmed Hegazi,WBA,D,330,W (Thu),LEI 3<br/>@WBA 0 F,0,0,1%,0%,0,0,0,0,0,0,0,0,0,0,0,0,0,0,0,0,0,0,0,0,0,0,0,0,0,0,0,0,0,0,0,0,0,0,0,0,0,0,0,0,0,0,0,0,0,0,0,0,0,0,0,0,0,0,0,0,0,0,0,0,0,0,0,0,0,0,0,0,0,0,0,0,0,0,0,0,0,0,0,0,1
Cedric Kipre,WBA,D,365,W (Thu),LEI 3<br/>@WBA 0 F,0,0,1%,0%,0,0,0,0,0,0,0,0,0,0,0,0,0,0,0,0,0,0,0,0,0,0,0,0,0,0,0,0,0,0,0,0,0,0,0,0,0,0,0,0,0,0,0,0,0,0,0,0,0,0,0,0,0,0,0,0,0,0,0,0,0,0,0,0,0,0,0,0,0,0,0,0,0,0,0,0,0,0,0,0,1
Lee Peltier,WBA,D,410,W (Thu),LEI 3<br/>@WBA 0 F,0,0,0%,0%,0,0,0,0,0,0,0,0,0,0,0,0,0,0,0,0,0,0,0,0,0,0,0,0,0,0,0,0,0,0,0,0,0,0,0,0,0,0,0,0,0,0,0,0,0,0,0,0,0,0,0,0,0,0,0,0,0,0,0,0,0,0,0,0,0,0,0,0,0,0,0,0,0,0,0,0,0,0,0,0,1
Sam Field,WBA,M,435,W (Thu),LEI 3<br/>@WBA 0 F,0,0,0%,0%,0,0,0,0,0,0,0,0,0,0,0,0,0,0,0,0,0,0,0,0,0,0,0,0,0,0,0,0,0,0,0,0,0,0,0,0,0,0,0,0,0,0,0,0,0,0,0,0,0,0,0,0,0,0,0,0,0,0,0,0,0,0,0,0,0,0,0,0,0,0,0,0,0,0,0,0,0,0,0,0,1
Conor Townsend,WBA,D,442,W (Thu),LEI 3<br/>@WBA 0 F,0,0,0%,0%,0,0,0,0,0,0,0,0,0,0,0,0,0,0,0,0,0,0,0,0,0,0,0,0,0,0,0,0,0,0,0,0,0,0,0,0,0,0,0,0,0,0,0,0,0,0,0,0,0,0,0,0,0,0,0,0,0,0,0,0,0,0,0,0,0,0,0,0,0,0,0,0,0,0,0,0,0,0,0,0,1
Kenneth Zohore,WBA,F,457,W (Thu),LEI 3<br/>@WBA 0 F,0,0,0%,0%,0,0,0,0,0,0,0,0,0,0,0,0,0,0,0,0,0,0,0,0,0,0,0,0,0,0,0,0,0,0,0,0,0,0,0,0,0,0,0,0,0,0,0,0,0,0,0,0,0,0,0,0,0,0,0,0,0,0,0,0,0,0,0,0,0,0,0,0,0,0,0,0,0,0,0,0,0,0,0,0,1
Branislav Ivanovic,WBA,D,465,W (Thu),LEI 3<br/>@WBA 0 F,0,0,-,-,0,0,0,0,0,0,0,0,0,0,0,0,0,0,0,0,0,0,0,0,0,0,0,0,0,0,0,0,0,0,0,0,0,0,0,0,0,0,0,0,0,0,0,0,0,0,0,0,0,0,0,0,0,0,0,0,0,0,0,0,0,0,0,0,0,0,0,0,0,0,0,0,0,0,0,0,0,0,0,0,1
Callum Robinson,WBA,F,471,W (Thu),LEI 3<br/>@WBA 0 F,-0.5,-0.5,6%,0%,1,60,0,0,0,0,0,0,0,0,0,0,0,0,0,0,0,0,0,0,0,0,2,5,2,0,0,0,0,0,0,1,0,0,0,2,8,7,87.5,2,1,0,1,0,0,0,0,0,0,0,0,0,0,0,0,0,0,1,4,1,1,0,0,0,0,0,0,5,0,0,0,1,0,0,0,0,0,0,0,0,1
Dara O'Shea,WBA,D,480,W (Thu),LEI 3<br/>@WBA 0 F,-2.75,-2.75,1%,0%,1,90,0,0,0,0,0,0,0,0,0,0,0,0,0,0,0,0,0,0,1,0,0,11,1,0,0,0,0,0,0,0,1,0,0,0,38,33,86.8,4,0,0,0,0,0,0,0,0,1,0,1,1,0,0,0,0,1,3,4,1,2,0,0,0,5,0,0,11,9,8,0,0,0,0,0,0,0,3,0,0,1
Kieran Gibbs,WBA,D,482,W (Thu),LEI 3<br/>@WBA 0 F,-4.75,-4.75,4%,0%,1,90,0,0,0,0,0,0,0,0,0,0,0,0,0,0,0,0,0,0,0,0,0,12,0,1,0,0,0,0,0,0,0,0,0,0,37,30,81.1,4,1,0,1,0,0,0,2,0,1,0,1,1,0,0,1,1,0,1,2,0,2,0,0,0,5,0,0,12,7,3,0,0,0,0,0,0,0,3,0,0,1
Semi Ajayi,WBA,D,484,W (Thu),LEI 3<br/>@WBA 0 F,-9,-9,19%,0%,1,90,0,0,0,0,0,0,0,0,0,0,0,0,0,0,0,0,0,0,0,0,0,12,2,0,0,0,1,0,0,0,0,0,0,0,32,23,71.9,3,0,0,0,0,0,0,0,0,0,0,0,0,2,0,0,0,0,0,6,0,0,0,0,0,5,0,0,12,7,3,0,0,0,0,0,0,0,3,0,0,1
Ryan Fredericks,WHU,D,62,FA,NEW 2<br/>@WHU 0 F,8.75,8.75,10%,0%,1,90,0,0,0,5,0,0,0,0,0,0,0,0,0,0,0,0,0,0,0,0,0,10,3,1,0,0,1,0,0,0,0,0,0,1,36,32,88.9,11,6,2,4,0,0,1,2,0,2,1,3,3,1,0,1,0,0,2,7,1,3,0,0,0,3,0,0,10,2,2,0,0,0,0,0,0,0,2,0,0,1
Michail Antonio,WHU,M,83,FA,NEW 2<br/>@WHU 0 F,6.5,6.5,99%,0%,1,90,0,0,0,1,0,0,0,0,0,0,0,0,0,4,1,0.3,0,3,0,0,3,20,2,3,0,0,0,0,0,2,0,0,0,0,12,8,66.7,5,6,0,6,0,0,4,0,0,1,0,0,0,4,1,4,0,0,8,9,4,3,0,0,0,1,0,0,20,0,0,0,0,0,0,0,0,0,0,0,0,1
Tomas Soucek,WHU,M,91,FA,NEW 2<br/>@WHU 0 F,5.5,5.5,94%,0%,1,90,0,0,0,2,0,0,0,0,0,0,0,0,0,3,0,0,0,2,0,0,0,5,3,2,0,0,0,0,0,0,0,0,0,0,30,26,86.7,5,0,0,0,0,0,0,0,0,0,0,3,3,0,0,2,0,0,7,7,3,3,0,0,0,7,0,0,5,1,1,0,0,0,0,0,0,0,0,0,0,1
Declan Rice,WHU,M,100,FA,NEW 2<br/>@WHU 0 F,4.5,4.5,95%,0%,1,90,0,0,0,1,0,0,0,0,0,0,0,0,0,0,0,0,0,0,0,0,1,15,0,0,0,0,0,0,0,0,0,0,0,0,67,57,85.1,14,2,0,2,0,0,0,0,0,1,0,1,1,3,2,2,0,1,4,6,0,2,0,0,0,6,0,0,15,8,3,0,0,0,0,0,0,0,0,0,0,1
Sebastien Haller,WHU,F,102,FA,NEW 2<br/>@WHU 0 F,4.5,4.5,84%,0%,1,23,0,0,0,1,0,0,0,0,0,0,0,0,0,2,1,0.5,0,0,0,0,0,3,1,0,0,0,0,0,0,0,0,0,0,1,9,6,66.7,2,0,0,0,0,0,0,0,0,0,0,0,0,0,0,0,0,0,1,4,1,4,0,0,0,3,0,0,3,0,0,1,0,0,0,0,0,0,0,0,0,1
Angelo Ogbonna,WHU,D,121,FA,NEW 2<br/>@WHU 0 F,3.25,3.25,6%,0%,1,90,0,0,0,0,0,0,0,0,0,0,0,0,0,1,0,0,1,0,0,0,0,9,1,0,0,0,0,0,0,0,0,0,0,0,63,54,85.7,2,0,0,0,0,0,0,3,0,1,0,5,5,0,0,0,0,3,6,7,5,5,0,0,0,7,0,0,9,6,3,0,0,0,0,0,0,0,2,0,0,1
Pablo Fornals,WHU,M,138,FA,NEW 2<br/>@WHU 0 F,2,2,16%,0%,1,67,0,0,0,0,0,0,0,0,0,0,0,0,0,1,0,0,0,1,0,0,0,4,0,0,0,0,0,0,0,0,0,0,0,0,18,15,83.3,5,1,0,1,0,0,1,0,0,1,0,0,0,1,1,1,0,0,2,2,0,0,0,0,0,4,0,0,4,2,0,0,1,0,0,0,0,0,0,0,0,1
Mark Noble,WHU,M,145,FA,NEW 2<br/>@WHU 0 F,1.5,1.5,32%,0%,1,67,0,0,0,1,0,0,0,0,0,0,0,0,0,0,0,0,0,0,0,0,1,8,2,0,0,0,0,0,0,0,0,0,0,0,44,38,86.4,8,1,0,1,1,0,1,0,0,0,0,0,0,0,0,0,0,0,1,3,0,0,0,0,0,1,0,0,8,2,2,0,1,0,0,0,0,0,0,0,0,1
Felipe Anderson,WHU,M,157,FA,NEW 2<br/>@WHU 0 F,1,1,77%,0%,1,1,0,0,0,0,0,0,0,0,0,0,0,0,0,0,0,0,0,0,1,0,0,1,0,0,0,0,0,0,0,0,0,0,0,0,3,2,66.7,1,0,0,0,0,0,0,0,0,0,0,0,0,0,0,0,0,0,1,0,0,0,0,0,0,0,0,0,1,0,0,1,0,0,0,0,0,0,0,0,0,1
Jarrod Bowen,WHU,M,193,FA,NEW 2<br/>@WHU 0 F,0,0,98%,0%,1,89,0,0,0,0,0,0,0,0,0,0,0,0,0,1,0,0,0,0,0,0,2,15,0,1,0,0,0,0,0,0,0,0,0,0,25,19,76,5,5,0,5,2,0,0,0,0,0,0,0,0,1,1,2,1,0,3,6,0,2,0,0,0,3,0,0,15,1,0,0,1,0,0,0,0,0,0,0,0,1
Robert Snodgrass,WHU,M,256,FA,NEW 2<br/>@WHU 0 F,0,0,15%,0%,0,0,0,0,0,0,0,0,0,0,0,0,0,0,0,0,0,0,0,0,0,0,0,0,0,0,0,0,0,0,0,0,0,0,0,0,0,0,0,0,0,0,0,0,0,0,0,0,0,0,0,0,0,0,0,0,0,0,0,0,0,0,0,0,0,0,0,0,0,0,0,0,0,0,0,0,0,0,0,0,1
Manuel Lanzini,WHU,M,261,FA,NEW 2<br/>@WHU 0 F,0,0,13%,0%,0,0,0,0,0,0,0,0,0,0,0,0,0,0,0,0,0,0,0,0,0,0,0,0,0,0,0,0,0,0,0,0,0,0,0,0,0,0,0,0,0,0,0,0,0,0,0,0,0,0,0,0,0,0,0,0,0,0,0,0,0,0,0,0,0,0,0,0,0,0,0,0,0,0,0,0,0,0,0,0,1
Fabian Balbuena,WHU,D,360,FA,NEW 2<br/>@WHU 0 F,0,0,1%,0%,0,0,0,0,0,0,0,0,0,0,0,0,0,0,0,0,0,0,0,0,0,0,0,0,0,0,0,0,0,0,0,0,0,0,0,0,0,0,0,0,0,0,0,0,0,0,0,0,0,0,0,0,0,0,0,0,0,0,0,0,0,0,0,0,0,0,0,0,0,0,0,0,0,0,0,0,0,0,0,0,1
Ben Johnson,WHU,D,363,FA,NEW 2<br/>@WHU 0 F,0,0,1%,0%,0,0,0,0,0,0,0,0,0,0,0,0,0,0,0,0,0,0,0,0,0,0,0,0,0,0,0,0,0,0,0,0,0,0,0,0,0,0,0,0,0,0,0,0,0,0,0,0,0,0,0,0,0,0,0,0,0,0,0,0,0,0,0,0,0,0,0,0,0,0,0,0,0,0,0,0,0,0,0,0,1
Arthur Masuaku,WHU,D,374,FA,NEW 2<br/>@WHU 0 F,0,0,1%,0%,0,0,0,0,0,0,0,0,0,0,0,0,0,0,0,0,0,0,0,0,0,0,0,0,0,0,0,0,0,0,0,0,0,0,0,0,0,0,0,0,0,0,0,0,0,0,0,0,0,0,0,0,0,0,0,0,0,0,0,0,0,0,0,0,0,0,0,0,0,0,0,0,0,0,0,0,0,0,0,0,1
Goncalo Cardoso,WHU,D,377,FA,NEW 2<br/>@WHU 0 F,0,0,1%,0%,0,0,0,0,0,0,0,0,0,0,0,0,0,0,0,0,0,0,0,0,0,0,0,0,0,0,0,0,0,0,0,0,0,0,0,0,0,0,0,0,0,0,0,0,0,0,0,0,0,0,0,0,0,0,0,0,0,0,0,0,0,0,0,0,0,0,0,0,0,0,0,0,0,0,0,0,0,0,0,0,1
Jack Wilshere,WHU,M,379,FA,NEW 2<br/>@WHU 0 F,0,0,1%,0%,0,0,0,0,0,0,0,0,0,0,0,0,0,0,0,0,0,0,0,0,0,0,0,0,0,0,0,0,0,0,0,0,0,0,0,0,0,0,0,0,0,0,0,0,0,0,0,0,0,0,0,0,0,0,0,0,0,0,0,0,0,0,0,0,0,0,0,0,0,0,0,0,0,0,0,0,0,0,0,0,1
Xande Silva,WHU,F,448,FA,NEW 2<br/>@WHU 0 F,0,0,0%,0%,0,0,0,0,0,0,0,0,0,0,0,0,0,0,0,0,0,0,0,0,0,0,0,0,0,0,0,0,0,0,0,0,0,0,0,0,0,0,0,0,0,0,0,0,0,0,0,0,0,0,0,0,0,0,0,0,0,0,0,0,0,0,0,0,0,0,0,0,0,0,0,0,0,0,0,0,0,0,0,0,1
Josh Cullen,WHU,M,449,W (Thu),NEW 2<br/>@WHU 0 F,0,0,0%,0%,0,0,0,0,0,0,0,0,0,0,0,0,0,0,0,0,0,0,0,0,0,0,0,0,0,0,0,0,0,0,0,0,0,0,0,0,0,0,0,0,0,0,0,0,0,0,0,0,0,0,0,0,0,0,0,0,0,0,0,0,0,0,0,0,0,0,0,0,0,0,0,0,0,0,0,0,0,0,0,0,1
Issa Diop,WHU,D,466,FA,NEW 2<br/>@WHU 0 F,-0.25,-0.25,6%,0%,1,90,0,0,0,0,0,0,0,0,0,0,0,0,0,0,0,0,0,0,0,0,0,11,0,0,0,0,0,0,0,0,0,0,0,0,77,67,87,5,0,0,0,0,0,0,2,0,1,0,3,3,0,0,0,0,2,2,1,2,1,0,0,0,8,0,0,11,11,5,0,0,0,0,0,0,0,2,0,0,1
Andriy Yarmolenko,WHU,F,470,FA,NEW 2<br/>@WHU 0 F,-0.5,-0.5,15%,0%,1,23,0,0,0,0,0,0,0,0,0,0,0,0,0,3,1,0.3,0,1,1,0,1,6,1,0,0,0,1,0,0,0,0,0,0,0,16,14,87.5,9,3,0,3,3,0,1,0,0,0,0,0,0,0,0,0,0,0,1,2,0,0,0,0,0,1,0,0,6,0,0,1,0,0,0,0,0,0,0,0,0,1
Aaron Cresswell,WHU,D,478,FA,NEW 2<br/>@WHU 0 F,-1.75,-1.75,25%,0%,1,90,0,0,0,0,0,0,0,0,0,0,0,0,0,0,0,0,0,0,0,0,0,18,0,0,0,0,0,0,0,0,0,0,0,0,51,39,76.5,9,6,1,4,2,1,0,0,0,0,0,1,1,0,0,0,0,0,3,3,1,2,0,0,0,7,0,0,18,8,1,0,0,0,0,0,0,0,2,0,0,1
Romain Saiss,WOL,D,3,W (Thu),WOL 2<br/>@SHU 0 F,28.75,28.75,96%,0%,1,90,1,2,0,0,0,0,0,0,0,0,0,0,0,3,2,0.7,0,0,0,0,0,5,1,1,0,0,0,0,0,0,0,0,0,0,45,40,88.9,2,0,0,0,0,0,0,3,0,1,1,7,7,0,0,1,2,2,7,11,6,9,0,1,0,2,0,0,5,12,8,0,0,0,0,0,0,0,0,1,90,1
Willy Boly,WOL,D,16,W (Thu),WOL 2<br/>@SHU 0 F,17.25,17.25,99%,0%,1,90,0,2,0,0,0,0,0,0,0,0,0,0,0,0,0,0,0,0,2,0,1,16,1,1,0,0,0,0,0,0,0,0,0,0,44,29,65.9,0,0,0,0,0,0,0,1,0,2,1,7,7,0,0,1,0,0,9,5,6,2,0,0,0,3,0,0,16,9,4,0,0,0,0,0,0,0,0,1,90,1
Raul Jimenez,WOL,F,23,W (Thu),WOL 2<br/>@SHU 0 F,15.5,15.5,100%,0%,1,90,1,2,0,0,0,0,0,0,0,0,0,0,0,5,2,0.4,1,0,0,0,3,19,0,4,0,0,0,0,0,0,0,0,0,0,41,32,78,12,1,1,0,0,0,1,1,0,1,0,3,3,3,1,5,1,0,7,10,2,5,0,1,1,3,0,0,19,4,3,0,0,0,0,0,0,0,0,1,90,1
Marcal,WOL,D,36,W (Thu),WOL 2<br/>@SHU 0 F,12.75,12.75,31%,0%,1,90,0,2,0,0,0,0,0,0,0,0,0,0,0,0,0,0,0,0,0,0,0,10,1,1,0,0,1,0,0,0,0,0,0,0,33,26,78.8,2,1,0,1,0,0,0,1,0,2,0,3,3,3,2,3,2,1,8,5,5,3,0,0,0,4,0,0,10,6,2,0,0,0,0,0,0,0,0,1,90,1
Conor Coady,WOL,D,40,W (Thu),WOL 2<br/>@SHU 0 F,12.25,12.25,50%,0%,1,90,0,2,0,0,0,0,0,0,0,0,0,0,0,0,0,0,0,0,3,0,1,9,0,0,0,0,0,0,0,0,0,0,0,0,36,28,77.8,1,0,0,0,0,0,0,3,0,2,2,7,7,0,0,0,0,0,3,3,0,2,0,0,0,1,0,0,9,14,8,0,0,0,0,0,0,0,0,1,90,1
Daniel Podence,WOL,M,42,W (Thu),WOL 2<br/>@SHU 0 F,12,12,59%,0%,1,76,0,2,0,1,0,0,0,0,0,0,0,0,1,0,0,0,0,0,0,0,0,10,0,2,0,0,0,0,0,0,0,0,0,0,26,18,69.2,4,1,1,0,0,0,0,0,0,0,0,0,0,2,2,4,0,0,5,2,0,2,1,0,0,3,0,0,10,5,3,0,1,0,0,0,0,0,0,1,76,1
Joao Moutinho,WOL,M,44,W (Thu),WOL 2<br/>@SHU 0 F,11.5,11.5,99%,0%,1,86,0,2,0,4,0,0,0,0,0,0,0,0,0,0,0,0,0,0,1,0,0,10,2,1,0,0,0,0,0,0,0,0,0,0,45,38,84.4,2,4,0,2,3,2,0,1,0,1,0,2,2,1,0,1,0,0,4,7,1,4,0,0,0,12,0,0,10,10,5,0,1,0,0,0,0,0,0,1,86,1
Pedro Neto,WOL,F,50,W (Thu),WOL 2<br/>@SHU 0 F,11,11,20%,0%,1,68,0,2,0,1,0,0,0,0,0,0,0,0,1,0,0,0,0,0,0,0,0,10,0,1,0,0,0,0,0,0,0,0,0,0,23,19,82.6,5,3,0,2,1,1,1,0,0,2,0,0,0,2,1,2,0,0,2,5,0,4,0,0,0,5,0,0,10,1,0,0,1,0,0,0,0,0,0,1,68,1
Leander Dendoncker,WOL,M,61,W (Thu),WOL 2<br/>@SHU 0 F,9,9,20%,0%,1,90,0,2,0,1,0,0,0,0,0,0,0,0,0,0,0,0,0,0,1,0,0,8,0,0,0,0,0,0,0,0,0,0,0,0,34,27,79.4,2,1,1,0,0,0,0,0,0,1,0,2,2,0,0,0,1,0,9,0,6,0,0,0,0,2,0,0,8,1,0,0,0,0,0,0,0,0,0,1,90,1
Adama Traore,WOL,F,63,W (Thu),WOL 2<br/>@SHU 0 F,8.5,8.5,100%,0%,1,90,0,2,0,0,0,0,0,0,0,0,0,0,0,3,0,0,0,2,1,0,2,23,2,2,0,0,0,0,0,0,0,0,0,0,20,14,70,1,4,0,4,0,0,3,0,0,1,0,2,2,10,7,9,0,0,13,7,1,0,0,0,0,2,0,0,23,6,1,0,0,0,0,0,0,0,0,1,90,1
Ruben Neves,WOL,M,136,W (Thu),WOL 2<br/>@SHU 0 F,2,2,76%,0%,1,14,0,0,0,1,0,0,0,0,0,0,0,0,0,0,0,0,0,0,0,0,0,1,0,0,0,0,0,0,0,0,0,0,0,0,8,7,87.5,1,0,0,0,0,0,0,1,0,0,0,1,1,0,0,0,1,0,0,1,0,0,0,0,0,1,0,0,1,3,2,1,0,0,0,0,0,0,0,0,14,1
Vitinha,WOL,M,163,W (Thu),WOL 2<br/>@SHU 0 F,1,1,1%,0%,1,4,0,0,0,0,0,0,0,0,0,0,0,0,0,0,0,0,0,0,0,0,0,0,0,0,0,0,0,0,0,0,0,0,0,0,5,5,100,2,0,0,0,1,0,0,0,0,0,0,0,0,1,1,1,0,0,1,0,0,0,0,0,0,1,0,0,0,0,0,1,0,0,0,0,0,0,0,0,4,1
Oskar Buur,WOL,D,170,W (Thu),WOL 2<br/>@SHU 0 F,0.5,0.5,0%,0%,1,22,0,0,0,0,0,0,0,0,0,0,0,0,0,0,0,0,0,0,0,0,1,2,0,0,0,0,0,0,0,0,0,0,0,0,14,13,92.9,0,0,0,0,0,0,0,0,0,0,0,0,0,0,0,0,0,0,1,3,1,0,0,0,0,0,0,0,2,1,0,1,0,0,0,0,0,0,0,0,22,1
Diogo Jota,WOL,F,201,W (Thu),WOL 2<br/>@SHU 0 F,0,0,92%,0%,0,0,0,0,0,0,0,0,0,0,0,0,0,0,0,0,0,0,0,0,0,0,0,0,0,0,0,0,0,0,0,0,0,0,0,0,0,0,0,0,0,0,0,0,0,0,0,0,0,0,0,0,0,0,0,0,0,0,0,0,0,0,0,0,0,0,0,0,0,0,0,0,0,0,0,0,0,0,0,0,1
Ruben Vinagre,WOL,D,222,W (Thu),WOL 2<br/>@SHU 0 F,0,0,54%,0%,0,0,0,0,0,0,0,0,0,0,0,0,0,0,0,0,0,0,0,0,0,0,0,0,0,0,0,0,0,0,0,0,0,0,0,0,0,0,0,0,0,0,0,0,0,0,0,0,0,0,0,0,0,0,0,0,0,0,0,0,0,0,0,0,0,0,0,0,0,0,0,0,0,0,0,0,0,0,0,0,1
Jonny,WOL,D,227,W (Thu),WOL 2<br/>@SHU 0 F,0,0,43%,0%,0,0,0,0,0,0,0,0,0,0,0,0,0,0,0,0,0,0,0,0,0,0,0,0,0,0,0,0,0,0,0,0,0,0,0,0,0,0,0,0,0,0,0,0,0,0,0,0,0,0,0,0,0,0,0,0,0,0,0,0,0,0,0,0,0,0,0,0,0,0,0,0,0,0,0,0,0,0,0,0,1
Fabio Silva,WOL,F,242,W (Thu),WOL 2<br/>@SHU 0 F,0,0,26%,0%,0,0,0,0,0,0,0,0,0,0,0,0,0,0,0,0,0,0,0,0,0,0,0,0,0,0,0,0,0,0,0,0,0,0,0,0,0,0,0,0,0,0,0,0,0,0,0,0,0,0,0,0,0,0,0,0,0,0,0,0,0,0,0,0,0,0,0,0,0,0,0,0,0,0,0,0,0,0,0,0,1
Leonardo Campana,WOL,F,384,W (Thu),WOL 2<br/>@SHU 0 F,0,0,0%,0%,0,0,0,0,0,0,0,0,0,0,0,0,0,0,0,0,0,0,0,0,0,0,0,0,0,0,0,0,0,0,0,0,0,0,0,0,0,0,0,0,0,0,0,0,0,0,0,0,0,0,0,0,0,0,0,0,0,0,0,0,0,0,0,0,0,0,0,0,0,0,0,0,0,0,0,0,0,0,0,0,1
Maximilian Kilman,WOL,D,453,W (Thu),WOL 2<br/>@SHU 0 F,0,0,0%,0%,0,0,0,0,0,0,0,0,0,0,0,0,0,0,0,0,0,0,0,0,0,0,0,0,0,0,0,0,0,0,0,0,0,0,0,0,0,0,0,0,0,0,0,0,0,0,0,0,0,0,0,0,0,0,0,0,0,0,0,0,0,0,0,0,0,0,0,0,0,0,0,0,0,0,0,0,0,0,0,0,1