,Player,#,Nation,Pos,Min,Gls,Ast,PK,PKatt,Sh,SoT,CrdY,CrdR,Touches,Press,Tkl,Int,Blocks,xG,npxG,xA,SCA,GCA,Cmp,Att,Cmp%,PrgDist,Carries,PrgDist.1,Succ,Att.1,Date,Team,Opponent
0,Josip Drmic,20.0,ch SUI,FW,44,0,0,0,0,0,0,0,1,11,2,0,0,0,0.0,0.0,0.0,0,0,3,5,60.0,5,5,8,0,1,07/18/20,Norwich City,Burnley
1,Onel Hernandez,11.0,cu CUB,"LW,CM",85,0,0,0,0,1,1,0,0,32,6,1,1,1,0.1,0.1,0.0,2,0,20,21,95.2,44,24,182,0,1,07/18/20,Norwich City,Burnley
2,Adam Idah,35.0,ie IRL,CM,5,0,0,0,0,0,0,0,0,1,1,0,0,0,0.0,0.0,0.0,0,0,1,1,100.0,0,0,0,0,0,07/18/20,Norwich City,Burnley
3,Emiliano Buendia,17.0,ar ARG,"FW,RW",34,0,0,0,0,0,0,0,1,13,3,0,0,0,0.0,0.0,0.0,2,0,8,13,61.5,48,4,8,0,0,07/18/20,Norwich City,Burnley
4,Todd Cantwell,14.0,eng ENG,"AM,CM",75,0,0,0,0,1,0,0,0,29,6,0,0,1,0.0,0.0,0.0,0,0,19,21,90.5,16,24,91,3,4,07/18/20,Norwich City,Burnley
5,Lukas Rupp,7.0,de GER,CM,15,0,0,0,0,0,0,0,0,8,3,1,0,1,0.0,0.0,0.0,0,0,6,6,100.0,15,5,0,0,0,07/18/20,Norwich City,Burnley
6,Kenny McLean,23.0,sco SCO,DM,90,0,0,0,0,0,0,0,0,52,9,0,1,0,0.0,0.0,0.0,2,0,35,44,79.5,201,36,121,2,4,07/18/20,Norwich City,Burnley
7,Alexander Tettey,27.0,no NOR,DM,89,0,0,0,0,1,0,0,0,47,5,1,1,1,0.1,0.1,0.0,1,0,34,40,85.0,72,30,47,1,1,07/18/20,Norwich City,Burnley
8,Mario Vrancic,8.0,ba BIH,DM,1,0,0,0,0,0,0,0,0,3,0,0,0,0,0.0,0.0,0.0,0,0,3,3,100.0,0,2,0,0,0,07/18/20,Norwich City,Burnley
9,Jamal Lewis,12.0,nir NIR,LB,90,0,0,0,0,0,0,0,0,66,9,1,3,1,0.0,0.0,0.0,0,0,45,54,83.3,246,40,100,1,3,07/18/20,Norwich City,Burnley
10,Timm Klose,15.0,ch SUI,CB,45,0,0,0,0,0,0,0,0,28,4,0,2,0,0.0,0.0,0.0,0,0,16,22,72.7,80,17,30,0,0,07/18/20,Norwich City,Burnley
11,Christoph Zimmermann,6.0,de GER,CB,45,0,0,0,0,0,0,0,0,20,1,1,0,5,0.0,0.0,0.1,1,0,6,8,75.0,62,6,24,0,1,07/18/20,Norwich City,Burnley
12,Ben Godfrey,4.0,eng ENG,CB,90,0,0,0,0,3,1,0,0,52,5,0,1,3,0.1,0.1,0.0,1,0,26,32,81.3,95,26,43,0,0,07/18/20,Norwich City,Burnley
13,Max Aarons,2.0,eng ENG,RB,90,0,0,0,0,0,0,0,0,47,3,0,1,7,0.0,0.0,0.0,0,0,24,33,72.7,132,32,114,1,2,07/18/20,Norwich City,Burnley
14,Tim Krul,1.0,nl NED,GK,90,0,0,0,0,0,0,0,0,71,1,0,1,0,0.0,0.0,0.0,0,0,37,65,56.9,957,31,110,0,0,07/18/20,Norwich City,Burnley
15,Jay Rodriguez,19.0,eng ENG,FW,90,0,0,0,0,7,3,0,0,38,23,1,0,1,0.7,0.7,0.0,2,0,16,22,72.7,38,18,52,1,1,07/18/20,Burnley,Norwich City
16,Chris Wood,9.0,nz NZL,FW,78,1,0,0,0,3,1,0,0,21,4,0,0,0,0.4,0.4,0.0,1,0,8,12,66.7,17,9,8,0,0,07/18/20,Burnley,Norwich City
17,Matej Vydra,27.0,cz CZE,FW,12,0,0,0,0,1,1,0,0,9,4,0,0,0,0.3,0.3,0.0,1,0,7,7,100.0,8,2,3,0,0,07/18/20,Burnley,Norwich City
18,Dwight McNeil,11.0,eng ENG,CM,90,0,0,0,0,3,1,0,0,70,15,2,1,2,0.1,0.1,0.3,8,0,45,61,73.8,266,54,297,0,0,07/18/20,Burnley,Norwich City
19,Johann Gudmundsson,7.0,is ISL,CM,59,0,1,0,0,0,0,0,0,29,17,1,1,1,0.0,0.0,0.2,2,1,19,23,82.6,96,21,65,1,1,07/18/20,Burnley,Norwich City
20,Robbie Brady,12.0,ie IRL,CM,31,0,0,0,0,2,0,0,0,34,4,1,1,1,0.1,0.1,0.1,2,0,25,29,86.2,115,21,64,0,0,07/18/20,Burnley,Norwich City
21,Josh Brownhill,8.0,eng ENG,DM,90,0,0,0,0,1,0,0,0,50,16,0,0,0,0.0,0.0,0.1,6,0,46,49,93.9,192,34,40,0,0,07/18/20,Burnley,Norwich City
22,Ashley Westwood,18.0,eng ENG,DM,90,0,0,0,0,0,0,0,0,96,10,0,1,1,0.0,0.0,0.4,10,0,77,94,81.9,555,74,247,0,0,07/18/20,Burnley,Norwich City
23,Erik Pieters,23.0,nl NED,LB,90,0,0,0,0,3,1,0,0,62,14,2,1,0,0.1,0.1,0.3,5,0,50,58,86.2,194,34,238,0,0,07/18/20,Burnley,Norwich City
24,James Tarkowski,5.0,eng ENG,CB,90,0,0,0,0,1,0,0,0,54,8,2,1,2,0.2,0.2,0.0,2,1,38,44,86.4,348,24,48,0,0,07/18/20,Burnley,Norwich City
25,Kevin Long,28.0,ie IRL,CB,90,0,0,0,0,0,0,0,0,42,6,1,0,1,0.0,0.0,0.0,1,0,32,38,84.2,274,21,42,1,1,07/18/20,Burnley,Norwich City
26,Phil Bardsley,26.0,sco SCO,RB,90,0,0,0,0,2,1,0,0,70,13,2,2,1,0.1,0.1,0.3,1,0,51,59,86.4,286,31,47,0,1,07/18/20,Burnley,Norwich City
27,Nick Pope,1.0,eng ENG,GK,90,0,0,0,0,0,0,0,0,26,0,0,0,0,0.0,0.0,0.0,0,0,18,24,75.0,482,18,67,0,0,07/18/20,Burnley,Norwich City
28,Joshua King,7.0,no NOR,FW,68,0,0,0,0,0,0,0,0,26,10,0,0,1,0.0,0.0,0.1,1,0,11,16,68.8,28,14,139,1,4,07/19/20,Bournemouth,Southampton
29,Lewis Cook,16.0,eng ENG,"CM,FW",22,0,0,0,0,0,0,1,0,13,7,1,0,0,0.0,0.0,0.0,0,0,8,10,80.0,48,9,9,2,2,07/19/20,Bournemouth,Southampton
30,Callum Wilson,13.0,eng ENG,"FW,LW",90,0,0,0,0,2,0,0,0,32,19,1,0,2,0.3,0.3,0.1,1,0,10,18,55.6,69,13,34,1,2,07/19/20,Bournemouth,Southampton
31,Junior Stanislas,19.0,eng ENG,CM,69,0,0,0,0,0,0,0,0,29,13,2,1,0,0.0,0.0,0.2,3,0,13,23,56.5,105,14,64,0,0,07/19/20,Bournemouth,Southampton
32,Dominic Solanke,9.0,eng ENG,"FW,CM",21,0,0,0,0,2,0,0,0,8,7,0,0,1,0.4,0.4,0.0,2,0,1,1,100.0,1,5,22,0,0,07/19/20,Bournemouth,Southampton
33,Philip Billing,29.0,dk DEN,CM,86,0,0,0,0,0,0,1,0,44,26,1,1,6,0.0,0.0,0.1,4,0,16,31,51.6,93,15,58,0,0,07/19/20,Bournemouth,Southampton
34,Dan Gosling,4.0,eng ENG,CM,4,0,0,0,0,0,0,0,0,4,4,0,0,0,0.0,0.0,0.0,0,0,1,1,100.0,0,1,2,0,0,07/19/20,Bournemouth,Southampton
35,Jefferson Lerma,8.0,co COL,CM,81,0,0,0,0,1,0,0,0,42,26,4,1,1,0.0,0.0,0.0,2,0,18,28,64.3,208,10,19,0,0,07/19/20,Bournemouth,Southampton
36,Sam Surridge,44.0,eng ENG,"RW,CM",9,0,0,0,0,0,0,0,0,8,7,0,1,1,0.0,0.0,0.0,0,0,0,4,0.0,0,3,2,0,0,07/19/20,Bournemouth,Southampton
37,David Brooks,20.0,wal WAL,CM,45,0,0,0,0,0,0,0,0,14,6,0,2,1,0.0,0.0,0.0,0,0,4,11,36.4,48,6,29,0,0,07/19/20,Bournemouth,Southampton
38,Harry Wilson,22.0,wal WAL,"CM,WB",45,0,0,0,0,4,2,0,0,27,11,2,3,3,0.3,0.3,0.0,1,0,8,15,53.3,79,15,64,3,3,07/19/20,Bournemouth,Southampton
39,Diego Rico,21.0,es ESP,"LB,CB",90,0,0,0,0,1,0,0,0,73,18,1,1,1,0.0,0.0,0.1,3,0,37,64,57.8,502,18,43,0,0,07/19/20,Bournemouth,Southampton
40,Lloyd Kelly,26.0,eng ENG,CB,90,0,0,0,0,1,0,0,0,42,9,2,0,4,0.0,0.0,0.0,0,0,16,28,57.1,147,18,38,0,0,07/19/20,Bournemouth,Southampton
41,Steve Cook,3.0,eng ENG,CB,90,0,0,0,0,1,1,0,0,35,8,0,1,2,0.1,0.1,0.0,0,0,15,24,62.5,179,9,36,0,0,07/19/20,Bournemouth,Southampton
42,Jack Stacey,17.0,eng ENG,"RB,WB",90,0,0,0,0,0,0,0,0,47,10,1,2,2,0.0,0.0,0.0,0,0,20,38,52.6,232,12,23,0,2,07/19/20,Bournemouth,Southampton
43,Aaron Ramsdale,12.0,eng ENG,GK,90,0,0,0,0,0,0,0,0,35,2,0,0,0,0.0,0.0,0.0,0,0,15,30,50.0,523,14,37,0,0,07/19/20,Bournemouth,Southampton
44,Danny Ings,9.0,eng ENG,FW,89,1,0,0,1,2,1,0,0,32,14,0,0,1,0.8,0.1,0.1,2,0,13,21,61.9,111,22,75,3,6,07/19/20,Southampton,Bournemouth
45,Michael Obafemi,20.0,ie IRL,FW,1,0,1,0,0,0,0,0,0,3,0,0,0,0,0.0,0.0,0.2,1,1,1,3,33.3,5,2,7,0,0,07/19/20,Southampton,Bournemouth
46,Shane Long,7.0,ie IRL,FW,65,0,0,0,0,0,0,0,0,27,8,2,0,1,0.0,0.0,0.0,0,0,10,19,52.6,46,12,30,0,1,07/19/20,Southampton,Bournemouth
47,Che Adams,10.0,eng ENG,FW,25,1,0,0,0,3,2,0,0,18,2,0,0,3,0.4,0.4,0.4,2,1,4,8,50.0,31,8,21,1,1,07/19/20,Southampton,Bournemouth
48,Nathan Redmond,22.0,eng ENG,CM,90,0,1,0,0,2,2,0,0,50,10,1,0,1,0.4,0.4,0.1,5,1,24,33,72.7,75,45,144,4,7,07/19/20,Southampton,Bournemouth
49,Oriol Romeu,14.0,es ESP,CM,76,0,0,0,0,1,0,0,0,50,13,2,1,4,0.0,0.0,0.3,5,0,23,37,62.2,125,27,50,0,0,07/19/20,Southampton,Bournemouth
50,Pierre-Emile Hojbjerg,23.0,dk DEN,CM,14,0,0,0,0,1,0,0,0,13,1,0,0,0,0.1,0.1,0.0,1,0,9,12,75.0,49,9,7,0,0,07/19/20,Southampton,Bournemouth
51,James Ward-Prowse,16.0,eng ENG,CM,90,0,0,0,0,2,2,1,0,62,12,2,1,0,0.2,0.2,0.2,4,0,41,52,78.8,285,32,46,0,0,07/19/20,Southampton,Bournemouth
52,Stuart Armstrong,17.0,sco SCO,CM,90,0,0,0,0,2,0,0,0,44,12,2,0,1,0.1,0.1,0.1,4,1,24,34,70.6,117,34,136,1,2,07/19/20,Southampton,Bournemouth
53,Ryan Bertrand,21.0,eng ENG,LB,90,0,0,0,0,1,0,0,0,65,8,0,3,2,0.0,0.0,0.1,1,0,43,56,76.8,240,33,97,2,3,07/19/20,Southampton,Bournemouth
54,Jannik Vestergaard,4.0,dk DEN,CB,90,0,0,0,0,1,0,1,0,71,8,2,1,3,0.1,0.1,0.0,0,0,27,42,64.3,256,26,25,0,0,07/19/20,Southampton,Bournemouth
55,Jack Stephens,5.0,eng ENG,CB,90,0,0,0,0,0,0,0,0,54,8,4,2,3,0.0,0.0,0.0,0,0,30,38,78.9,238,24,31,0,0,07/19/20,Southampton,Bournemouth
56,Kyle Walker-Peters,24.0,eng ENG,RB,90,0,0,0,0,0,0,0,0,60,11,4,2,3,0.0,0.0,0.0,0,0,37,46,80.4,223,35,121,3,3,07/19/20,Southampton,Bournemouth
57,Alex McCarthy,1.0,eng ENG,GK,90,0,0,0,0,0,0,0,0,45,1,0,0,0,0.0,0.0,0.0,0,0,21,40,52.5,704,20,48,0,0,07/19/20,Southampton,Bournemouth
58,Harry Kane,10.0,eng ENG,FW,90,2,0,0,0,4,2,0,0,23,3,1,0,1,0.3,0.3,0.1,1,0,6,12,50.0,78,14,51,0,0,07/19/20,Tottenham,Leicester City
59,Son Heung-Min,7.0,kr KOR,LW,88,0,0,0,0,2,1,0,0,28,7,0,0,1,0.1,0.1,0.0,2,1,12,15,80.0,49,21,131,2,2,07/19/20,Tottenham,Leicester City
60,Gedson Fernandes,30.0,pt POR,LW,2,0,0,0,0,0,0,0,0,3,1,0,0,0,0.0,0.0,0.0,0,0,2,2,100.0,17,3,7,0,0,07/19/20,Tottenham,Leicester City
61,Lucas Moura,27.0,br BRA,RW,76,0,2,0,0,0,0,1,0,22,18,2,0,1,0.0,0.0,0.3,5,2,11,13,84.6,170,15,110,2,3,07/19/20,Tottenham,Leicester City
62,Steven Bergwijn,23.0,nl NED,RW,14,0,0,0,0,0,0,0,0,10,2,0,0,0,0.0,0.0,0.0,0,0,6,9,66.7,9,6,37,0,0,07/19/20,Tottenham,Leicester City
63,Giovani Lo Celso,18.0,ar ARG,CM,76,0,0,0,0,0,0,0,0,41,19,5,1,2,0.0,0.0,0.0,3,1,19,28,67.9,73,23,133,2,2,07/19/20,Tottenham,Leicester City
64,Erik Lamela,11.0,ar ARG,CM,14,0,0,0,0,0,0,0,0,7,2,0,0,0,0.0,0.0,0.0,0,0,3,5,60.0,3,3,5,0,0,07/19/20,Tottenham,Leicester City
65,Moussa Sissoko,17.0,fr FRA,CM,90,0,0,0,0,0,0,0,0,40,10,0,1,1,0.0,0.0,0.0,0,0,20,31,64.5,69,27,41,3,3,07/19/20,Tottenham,Leicester City
66,Harry Winks,8.0,eng ENG,DM,89,0,0,0,0,0,0,0,0,34,9,1,1,0,0.0,0.0,0.1,1,0,23,31,74.2,160,26,93,0,0,07/19/20,Tottenham,Leicester City
67,Oliver Skipp,29.0,eng ENG,DM,1,0,0,0,0,0,0,0,0,0,1,0,0,0,0.0,0.0,0.0,0,0,0,0,,0,0,0,0,0,07/19/20,Tottenham,Leicester City
68,Ben Davies,33.0,wal WAL,LB,90,0,0,0,0,0,0,0,0,47,9,3,1,4,0.0,0.0,0.0,0,0,22,34,64.7,195,19,92,0,0,07/19/20,Tottenham,Leicester City
69,Toby Alderweireld,4.0,be BEL,CB,90,0,0,0,0,1,0,0,0,35,4,1,0,1,0.0,0.0,0.0,0,0,17,25,68.0,72,13,21,0,0,07/19/20,Tottenham,Leicester City
70,Davinson Sanchez,6.0,co COL,CB,90,0,0,0,0,0,0,1,0,39,7,1,1,4,0.0,0.0,0.0,0,0,23,29,79.3,152,21,40,0,0,07/19/20,Tottenham,Leicester City
71,Serge Aurier,24.0,ci CIV,RB,90,0,0,0,0,0,0,0,0,55,17,3,2,3,0.0,0.0,0.0,1,0,35,45,77.8,263,20,45,0,0,07/19/20,Tottenham,Leicester City
72,Hugo Lloris,1.0,fr FRA,GK,90,0,0,0,0,0,0,0,0,32,0,0,0,0,0.0,0.0,0.0,0,0,14,25,56.0,360,10,30,0,0,07/19/20,Tottenham,Leicester City
73,Jamie Vardy,9.0,eng ENG,FW,90,0,0,0,0,6,1,0,0,30,9,1,0,3,0.9,0.9,0.0,2,0,9,17,52.9,7,11,16,0,0,07/19/20,Leicester City,Tottenham
74,Harvey Barnes,15.0,eng ENG,LW,82,0,0,0,0,1,1,0,0,56,10,0,0,2,0.0,0.0,0.1,4,0,40,44,90.9,118,43,215,1,2,07/19/20,Leicester City,Tottenham
75,George Hirst,45.0,eng ENG,LW,8,0,0,0,0,2,0,0,0,9,3,0,0,0,0.1,0.1,0.0,1,0,4,6,66.7,16,4,5,0,0,07/19/20,Leicester City,Tottenham
76,Ayoze Perez,17.0,es ESP,RW,58,0,0,0,0,3,2,0,0,34,16,1,0,2,0.2,0.2,0.2,3,0,21,22,95.5,45,19,55,2,3,07/19/20,Leicester City,Tottenham
77,Kelechi Iheanacho,14.0,ng NGA,RW,32,0,0,0,0,1,1,0,0,20,1,0,1,0,0.0,0.0,0.0,3,0,12,13,92.3,38,19,50,2,3,07/19/20,Leicester City,Tottenham
78,Youri Tielemans,8.0,be BEL,CM,69,0,0,0,0,0,0,0,0,75,14,1,0,4,0.0,0.0,0.2,5,0,40,62,64.5,175,45,88,2,3,07/19/20,Leicester City,Tottenham
79,Dennis Praet,26.0,be BEL,CM,21,0,0,0,0,2,0,0,0,23,5,0,2,2,0.0,0.0,0.0,0,0,14,17,82.4,55,14,87,0,0,07/19/20,Leicester City,Tottenham
80,Wilfred Ndidi,25.0,ng NGA,CM,69,0,0,0,0,1,0,0,0,62,22,3,0,1,0.0,0.0,0.0,1,0,52,57,91.2,178,38,97,0,0,07/19/20,Leicester City,Tottenham
81,Nampalys Mendy,24.0,fr FRA,CM,21,0,0,0,0,0,0,0,0,28,1,0,0,0,0.0,0.0,0.0,3,0,23,26,88.5,86,24,33,0,0,07/19/20,Leicester City,Tottenham
82,Luke Thomas,56.0,eng ENG,WB,90,0,0,0,0,0,0,0,0,88,12,1,1,2,0.0,0.0,0.3,5,0,64,77,83.1,310,66,116,1,2,07/19/20,Leicester City,Tottenham
83,James Justin,2.0,eng ENG,"WB,CB",90,0,0,0,0,2,0,0,0,94,7,3,1,2,0.1,0.1,0.1,2,0,70,82,85.4,309,70,211,1,1,07/19/20,Leicester City,Tottenham
84,Jonny Evans,6.0,nir NIR,CB,90,0,0,0,0,0,0,1,0,118,7,2,1,1,0.0,0.0,0.1,3,0,104,111,93.7,719,84,218,1,1,07/19/20,Leicester City,Tottenham
85,Wes Morgan,5.0,jm JAM,CB,90,0,0,0,0,2,0,0,0,87,6,0,1,1,0.1,0.1,0.0,5,0,79,81,97.5,401,62,166,0,0,07/19/20,Leicester City,Tottenham
86,Ryan Bennett,29.0,eng ENG,CB,45,0,0,0,0,0,0,0,0,43,2,0,0,1,0.0,0.0,0.0,0,0,40,42,95.2,266,34,121,0,0,07/19/20,Leicester City,Tottenham
87,Demarai Gray,7.0,eng ENG,"WB,CB",45,0,0,0,0,4,1,0,0,45,2,0,0,0,0.2,0.2,0.1,4,0,36,39,92.3,131,36,183,0,0,07/19/20,Leicester City,Tottenham
88,Kasper Schmeichel,1.0,dk DEN,GK,90,0,0,0,0,0,0,0,0,24,0,0,0,0,0.0,0.0,0.0,0,0,20,23,87.0,295,14,32,0,0,07/19/20,Leicester City,Tottenham
89,David McGoldrick,17.0,ie IRL,FW,90,0,0,0,0,2,0,0,0,49,10,1,0,0,0.1,0.1,0.0,0,0,29,37,78.4,61,28,35,2,5,07/20/20,Sheffield Utd,Everton
90,Oliver McBurnie,9.0,sco SCO,FW,59,0,0,0,0,1,0,0,0,18,18,1,0,1,0.1,0.1,0.0,0,0,7,12,58.3,8,7,7,0,0,07/20/20,Sheffield Utd,Everton
91,John Fleck,4.0,sco SCO,FW,31,0,0,0,0,0,0,0,0,26,3,0,0,0,0.0,0.0,0.1,2,0,21,26,80.8,174,22,68,1,1,07/20/20,Sheffield Utd,Everton
92,Ben Osborn,23.0,eng ENG,CM,59,0,0,0,0,1,0,0,0,36,12,0,1,1,0.1,0.1,0.0,0,0,19,29,65.5,61,25,38,0,0,07/20/20,Sheffield Utd,Everton
93,Billy Sharp,10.0,eng ENG,CM,31,0,0,0,0,0,0,0,0,8,6,0,0,0,0.0,0.0,0.0,0,0,4,4,100.0,15,6,2,0,0,07/20/20,Sheffield Utd,Everton
94,Sander Berge,32.0,no NOR,CM,90,0,0,0,0,0,0,0,0,62,28,2,1,3,0.0,0.0,0.1,2,0,45,52,86.5,213,42,82,1,1,07/20/20,Sheffield Utd,Everton
95,Oliver Norwood,16.0,nir NIR,DM,68,0,0,0,0,0,0,1,0,47,13,3,0,0,0.0,0.0,0.0,0,0,31,43,72.1,172,17,15,0,0,07/20/20,Sheffield Utd,Everton
96,John Lundstram,7.0,eng ENG,DM,22,0,0,0,0,0,0,0,0,21,5,1,0,0,0.0,0.0,0.0,0,0,15,21,71.4,54,19,30,1,1,07/20/20,Sheffield Utd,Everton
97,Enda Stevens,3.0,ie IRL,WB,90,0,0,0,0,2,0,0,0,68,7,4,0,1,0.1,0.1,0.1,2,0,46,60,76.7,228,36,81,2,3,07/20/20,Sheffield Utd,Everton
98,George Baldock,2.0,eng ENG,WB,90,0,0,0,0,1,0,0,0,62,22,4,1,2,0.1,0.1,0.1,4,0,46,54,85.2,370,32,119,1,1,07/20/20,Sheffield Utd,Everton
99,Jack O'Connell,5.0,eng ENG,CB,90,0,0,0,0,0,0,0,0,72,6,1,4,3,0.0,0.0,0.0,0,0,47,61,77.0,589,40,113,0,0,07/20/20,Sheffield Utd,Everton
100,John Egan,12.0,ie IRL,CB,90,0,0,0,0,1,0,0,0,50,7,2,1,0,0.1,0.1,0.0,0,0,31,41,75.6,195,20,91,0,0,07/20/20,Sheffield Utd,Everton
101,Chris Basham,6.0,eng ENG,CB,82,0,0,0,0,0,0,0,0,55,11,5,1,3,0.0,0.0,0.0,1,0,36,43,83.7,252,29,72,1,1,07/20/20,Sheffield Utd,Everton
102,Richairo Zivkovic,30.0,nl NED,CB,8,0,0,0,0,0,0,0,0,3,3,0,0,1,0.0,0.0,0.0,0,0,1,1,100.0,3,2,2,0,0,07/20/20,Sheffield Utd,Everton
103,Dean Henderson,1.0,eng ENG,GK,90,0,0,0,0,0,0,0,0,24,0,0,0,0,0.0,0.0,0.0,0,0,8,20,40.0,302,13,34,0,0,07/20/20,Sheffield Utd,Everton
104,Richarlison,7.0,br BRA,FW,90,1,0,0,0,1,1,1,0,50,19,2,1,2,0.0,0.0,0.0,0,0,17,30,56.7,82,38,86,3,8,07/20/20,Everton,Sheffield Utd
105,Dominic Calvert-Lewin,9.0,eng ENG,FW,90,0,0,0,0,2,1,1,0,21,9,0,0,0,0.2,0.2,0.0,1,0,6,9,66.7,42,13,24,1,2,07/20/20,Everton,Sheffield Utd
106,Gylfi Sigurdsson,10.0,is ISL,CM,87,0,1,0,0,0,0,0,0,37,11,0,0,1,0.0,0.0,0.1,3,1,23,28,82.1,147,28,50,1,3,07/20/20,Everton,Sheffield Utd
107,Seamus Coleman,23.0,ie IRL,"CM,RB",3,0,0,0,0,0,0,0,0,2,1,0,0,0,0.0,0.0,0.0,0,0,0,2,0.0,0,1,0,0,0,07/20/20,Everton,Sheffield Utd
108,Theo Walcott,11.0,eng ENG,CM,83,0,0,0,0,1,0,0,0,34,15,1,1,4,0.1,0.1,0.1,2,0,14,21,66.7,63,24,58,2,3,07/20/20,Everton,Sheffield Utd
109,Anthony Gordon,42.0,eng ENG,CM,7,0,0,0,0,0,0,0,0,2,3,0,0,0,0.0,0.0,0.0,0,0,1,2,50.0,0,3,32,1,1,07/20/20,Everton,Sheffield Utd
110,Tom Davies,26.0,eng ENG,DM,90,0,0,0,0,0,0,1,0,49,13,1,2,3,0.0,0.0,0.0,0,0,23,37,62.2,95,30,126,0,2,07/20/20,Everton,Sheffield Utd
111,Andre Gomes,21.0,pt POR,DM,90,0,0,0,0,1,0,0,0,47,23,0,1,3,0.0,0.0,0.0,2,1,36,42,85.7,235,34,36,1,1,07/20/20,Everton,Sheffield Utd
112,Lucas Digne,12.0,fr FRA,LB,90,0,0,0,0,0,0,0,0,70,11,0,2,3,0.0,0.0,0.0,1,0,46,61,75.4,351,29,67,1,3,07/20/20,Everton,Sheffield Utd
113,Jarrad Branthwaite,32.0,eng ENG,CB,90,0,0,0,0,0,0,0,0,60,6,1,0,1,0.0,0.0,0.0,0,0,42,54,77.8,288,35,66,0,0,07/20/20,Everton,Sheffield Utd
114,Michael Keane,5.0,eng ENG,CB,90,0,0,0,0,0,0,0,0,85,10,1,0,3,0.0,0.0,0.0,0,0,57,66,86.4,312,45,83,0,0,07/20/20,Everton,Sheffield Utd
115,Djibril Sidibe,19.0,fr FRA,RB,90,0,0,0,0,0,0,0,0,78,9,1,2,4,0.0,0.0,0.0,0,0,62,69,89.9,482,52,217,0,0,07/20/20,Everton,Sheffield Utd
116,Jordan Pickford,1.0,eng ENG,GK,90,0,0,0,0,0,0,0,0,57,0,0,0,0,0.0,0.0,0.1,1,0,40,55,72.7,657,32,63,0,0,07/20/20,Everton,Sheffield Utd
117,Neal Maupay,7.0,fr FRA,FW,72,0,0,0,0,2,0,0,0,23,13,1,0,2,0.1,0.1,0.1,4,0,10,15,66.7,21,14,37,1,2,07/20/20,Brighton,Newcastle Utd
118,Glenn Murray,17.0,eng ENG,FW,18,0,0,0,0,0,0,0,0,2,3,0,0,0,0.0,0.0,0.0,0,0,1,1,100.0,0,1,0,0,0,07/20/20,Brighton,Newcastle Utd
119,Aaron Mooy,18.0,au AUS,LW,57,0,0,0,0,0,0,0,0,32,14,0,0,2,0.0,0.0,0.0,0,0,27,29,93.1,52,22,45,0,0,07/20/20,Brighton,Newcastle Utd
120,Solly March,20.0,eng ENG,LW,33,0,0,0,0,0,0,0,0,24,4,0,0,1,0.0,0.0,0.0,2,0,15,20,75.0,76,17,50,0,0,07/20/20,Brighton,Newcastle Utd
121,Pascal Gross,13.0,de GER,RW,57,0,0,0,0,2,0,1,0,37,12,0,0,0,0.0,0.0,0.1,3,0,26,32,81.3,174,20,44,0,0,07/20/20,Brighton,Newcastle Utd
122,Alexis Mac Allister,10.0,ar ARG,RW,33,0,0,0,0,0,0,0,0,20,11,1,0,2,0.0,0.0,0.0,0,0,10,14,71.4,17,8,2,0,0,07/20/20,Brighton,Newcastle Utd
123,Leandro Trossard,11.0,be BEL,AM,90,0,0,0,0,3,1,0,0,39,11,0,1,1,0.3,0.3,0.1,3,0,18,25,72.0,121,28,42,1,1,07/20/20,Brighton,Newcastle Utd
124,Dale Stephens,6.0,eng ENG,DM,90,0,0,0,0,1,0,1,0,67,14,2,2,2,0.0,0.0,0.0,0,0,52,56,92.9,207,52,213,2,2,07/20/20,Brighton,Newcastle Utd
125,Yves Bissouma,8.0,ml MLI,DM,72,0,0,0,0,0,0,1,0,56,8,2,1,1,0.0,0.0,0.0,0,0,40,45,88.9,116,48,121,2,2,07/20/20,Brighton,Newcastle Utd
126,Davy Propper,24.0,nl NED,DM,18,0,0,0,0,0,0,0,0,13,5,0,0,1,0.0,0.0,0.0,1,0,9,10,90.0,54,9,10,0,0,07/20/20,Brighton,Newcastle Utd
127,Dan Burn,33.0,eng ENG,LB,90,0,0,0,0,0,0,0,0,91,14,3,1,4,0.0,0.0,0.0,0,0,59,72,81.9,256,55,185,0,0,07/20/20,Brighton,Newcastle Utd
128,Lewis Dunk,5.0,eng ENG,CB,90,0,0,0,0,1,1,0,0,94,5,0,1,1,0.1,0.1,0.1,1,0,81,84,96.4,463,63,203,0,0,07/20/20,Brighton,Newcastle Utd
129,Adam Webster,15.0,eng ENG,"CB,RB",90,0,0,0,0,2,1,1,0,87,4,1,2,2,0.1,0.1,0.0,1,0,67,75,89.3,448,63,345,1,1,07/20/20,Brighton,Newcastle Utd
130,Tariq Lamptey,2.0,eng ENG,RB,85,0,0,0,0,0,0,0,0,51,11,0,3,3,0.0,0.0,0.0,2,0,31,39,79.5,92,31,101,0,0,07/20/20,Brighton,Newcastle Utd
131,Shane Duffy,4.0,ie IRL,"CB,RB",5,0,0,0,0,0,0,0,0,5,0,0,0,0,0.0,0.0,0.0,0,0,4,4,100.0,43,4,0,0,0,07/20/20,Brighton,Newcastle Utd
132,Mathew Ryan,1.0,au AUS,GK,90,0,0,0,0,0,0,0,0,38,0,0,0,0,0.0,0.0,0.0,0,0,33,37,89.2,505,20,12,0,0,07/20/20,Brighton,Newcastle Utd
133,Dwight Gayle,12.0,eng ENG,FW,73,0,0,0,0,3,0,0,0,21,10,1,0,0,0.2,0.2,0.0,1,0,4,11,36.4,8,11,34,2,2,07/20/20,Newcastle Utd,Brighton
134,Andy Carroll,7.0,eng ENG,FW,17,0,0,0,0,2,0,0,0,7,1,0,0,0,0.4,0.4,0.0,1,0,2,5,40.0,4,3,0,0,0,07/20/20,Newcastle Utd,Brighton
135,Allan Saint-Maximin,10.0,fr FRA,FW,73,0,0,0,0,0,0,0,0,23,9,1,1,0,0.0,0.0,0.0,1,0,10,16,62.5,37,25,125,6,7,07/20/20,Newcastle Utd,Brighton
136,Joelinton,9.0,br BRA,FW,17,0,0,0,0,0,0,0,0,11,1,0,0,0,0.0,0.0,0.0,1,0,10,10,100.0,24,9,10,0,0,07/20/20,Newcastle Utd,Brighton
137,Miguel Almiron,24.0,py PAR,CM,85,0,0,0,0,1,1,0,0,32,16,6,0,0,0.1,0.1,0.0,1,0,19,26,73.1,109,21,43,1,1,07/20/20,Newcastle Utd,Brighton
138,Valentino Lazaro,23.0,at AUT,CM,5,0,0,0,0,0,0,0,0,3,1,0,0,0,0.0,0.0,0.0,0,0,3,3,100.0,1,2,1,0,0,07/20/20,Newcastle Utd,Brighton
139,Jonjo Shelvey,8.0,eng ENG,CM,90,0,0,0,0,3,0,0,0,41,11,1,0,0,0.1,0.1,0.3,2,0,24,36,66.7,197,28,45,0,0,07/20/20,Newcastle Utd,Brighton
140,Nabil Bentaleb,42.0,dz ALG,DM,90,0,0,0,0,1,0,0,0,52,17,2,3,2,0.0,0.0,0.0,0,0,32,42,76.2,58,26,33,1,1,07/20/20,Newcastle Utd,Brighton
141,Matt Ritchie,11.0,sco SCO,WB,90,0,0,0,0,2,0,1,0,74,9,2,1,2,0.1,0.1,0.4,6,0,41,64,64.1,371,44,95,0,0,07/20/20,Newcastle Utd,Brighton
142,Javier Manquillo,19.0,es ESP,WB,90,0,0,0,0,0,0,0,0,41,7,0,1,1,0.0,0.0,0.0,1,0,28,36,77.8,172,27,114,2,3,07/20/20,Newcastle Utd,Brighton
143,Danny Rose,28.0,eng ENG,CB,90,0,0,0,0,0,0,1,0,50,10,3,4,0,0.0,0.0,0.0,1,0,37,41,90.2,350,33,59,0,1,07/20/20,Newcastle Utd,Brighton
144,Federico Fernandez,18.0,ar ARG,CB,90,0,0,0,0,0,0,0,0,37,0,1,1,2,0.0,0.0,0.0,0,0,20,28,71.4,131,21,35,0,0,07/20/20,Newcastle Utd,Brighton
145,Emil Krafth,17.0,se SWE,CB,90,0,0,0,0,0,0,0,0,46,9,2,0,5,0.0,0.0,0.0,0,0,28,33,84.8,226,25,107,0,0,07/20/20,Newcastle Utd,Brighton
146,Martin DÃºbravka,1.0,sk SVK,GK,90,0,0,0,0,0,0,0,0,23,0,0,0,0,0.0,0.0,0.0,0,0,14,21,66.7,571,8,27,0,0,07/20/20,Newcastle Utd,Brighton
147,Raul Jimenez,9.0,mx MEX,FW,90,0,0,0,0,3,1,0,0,35,16,0,0,1,0.1,0.1,0.0,2,1,14,23,60.9,39,17,64,3,5,07/20/20,Wolves,Crystal Palace
148,Daniel Podence,10.0,pt POR,AM,71,1,0,0,0,3,1,0,0,35,13,1,0,2,0.9,0.9,0.1,2,0,14,20,70.0,25,19,57,2,3,07/20/20,Wolves,Crystal Palace
149,Diogo Jota,18.0,pt POR,AM,19,0,0,0,0,0,0,0,0,7,4,0,1,1,0.0,0.0,0.0,0,0,4,6,66.7,18,4,16,0,0,07/20/20,Wolves,Crystal Palace
150,Adama Traore,37.0,es ESP,AM,80,0,0,0,0,2,2,1,0,36,12,0,0,0,0.1,0.1,0.1,4,0,18,27,66.7,46,36,220,5,5,07/20/20,Wolves,Crystal Palace
151,Pedro Neto,7.0,pt POR,AM,10,0,0,0,0,0,0,0,0,9,4,1,0,0,0.0,0.0,0.0,1,0,5,5,100.0,22,8,15,0,3,07/20/20,Wolves,Crystal Palace
152,Joao Moutinho,28.0,pt POR,DM,90,0,0,0,0,0,0,0,0,76,13,0,0,1,0.0,0.0,0.1,3,1,56,69,81.2,205,42,100,0,0,07/20/20,Wolves,Crystal Palace
153,Ruben Neves,8.0,pt POR,DM,90,0,0,0,0,0,0,0,0,80,27,5,3,1,0.0,0.0,0.1,2,0,57,71,80.3,344,47,55,0,0,07/20/20,Wolves,Crystal Palace
154,Jonny,19.0,es ESP,WB,90,1,0,0,0,1,1,0,0,65,20,2,2,3,0.1,0.1,0.0,0,0,41,54,75.9,212,42,182,4,6,07/20/20,Wolves,Crystal Palace
155,Matt Doherty,2.0,ie IRL,WB,90,0,1,0,0,1,0,0,0,82,22,4,0,4,0.0,0.0,0.7,3,1,55,67,82.1,263,48,97,1,1,07/20/20,Wolves,Crystal Palace
156,Willy Boly,15.0,fr FRA,CB,90,0,0,0,0,1,0,0,0,52,6,0,2,1,0.1,0.1,0.0,0,0,35,42,83.3,270,32,64,1,1,07/20/20,Wolves,Crystal Palace
157,Conor Coady,16.0,eng ENG,CB,90,0,0,0,0,0,0,1,0,48,3,0,0,0,0.0,0.0,0.0,0,0,40,45,88.9,527,34,66,0,0,07/20/20,Wolves,Crystal Palace
158,Leander Dendoncker,32.0,be BEL,CB,90,0,0,0,0,0,0,0,0,59,16,3,1,3,0.0,0.0,0.0,0,0,46,49,93.9,245,36,68,0,0,07/20/20,Wolves,Crystal Palace
159,Rui PatrÃ­cio,11.0,pt POR,GK,90,0,0,0,0,0,0,0,0,21,0,0,0,0,0.0,0.0,0.0,0,0,14,21,66.7,570,8,20,0,0,07/20/20,Wolves,Crystal Palace
160,Jordan Ayew,9.0,gh GHA,FW,90,0,0,0,0,1,0,0,0,38,15,1,0,1,0.1,0.1,0.0,2,0,24,27,88.9,32,26,100,2,2,07/20/20,Crystal Palace,Wolves
161,Wilfried Zaha,11.0,ci CIV,FW,90,0,0,0,0,3,2,0,0,35,15,1,0,0,0.1,0.1,0.1,3,0,14,16,87.5,30,31,84,2,3,07/20/20,Crystal Palace,Wolves
162,Jeffrey Schlupp,15.0,gh GHA,CM,72,0,0,0,0,1,0,0,0,40,6,0,1,2,0.1,0.1,0.0,0,0,20,30,66.7,35,25,125,3,5,07/20/20,Crystal Palace,Wolves
163,Jairo Riedewald,44.0,nl NED,CM,18,0,0,0,0,0,0,0,0,11,4,0,1,0,0.0,0.0,0.0,0,0,8,11,72.7,28,6,7,0,0,07/20/20,Crystal Palace,Wolves
164,James McArthur,18.0,sco SCO,CM,90,0,0,0,0,0,0,0,0,68,23,3,1,4,0.0,0.0,0.0,0,0,43,59,72.9,189,40,126,2,2,07/20/20,Crystal Palace,Wolves
165,James McCarthy,22.0,ie IRL,CM,90,0,0,0,0,1,0,1,0,73,18,2,0,3,0.0,0.0,0.0,0,0,42,63,66.7,197,35,46,0,0,07/20/20,Crystal Palace,Wolves
166,Andros Townsend,10.0,eng ENG,CM,90,0,0,0,0,1,1,0,0,34,20,2,1,0,0.0,0.0,0.0,1,0,18,26,69.2,136,21,42,1,1,07/20/20,Crystal Palace,Wolves
167,Tyrick Mitchell,39.0,eng ENG,LB,90,0,0,0,0,0,0,0,0,53,16,2,1,1,0.0,0.0,0.1,2,0,39,47,83.0,333,26,117,0,0,07/20/20,Crystal Palace,Wolves
168,Mamadou Sakho,12.0,fr FRA,CB,22,0,0,0,0,0,0,0,0,16,3,0,1,2,0.0,0.0,0.0,0,0,11,12,91.7,71,11,29,0,0,07/20/20,Crystal Palace,Wolves
169,Cheikhou Kouyate,8.0,sn SEN,CB,68,0,0,0,0,0,0,0,0,37,4,1,2,1,0.0,0.0,0.0,0,0,26,29,89.7,197,20,41,0,0,07/20/20,Crystal Palace,Wolves
170,Scott Dann,6.0,eng ENG,CB,90,0,0,0,0,0,0,0,0,56,0,0,2,0,0.0,0.0,0.0,1,0,46,50,92.0,485,29,94,0,0,07/20/20,Crystal Palace,Wolves
171,Joel Ward,2.0,eng ENG,RB,90,0,0,0,0,0,0,0,0,63,12,1,1,2,0.0,0.0,0.1,1,0,42,52,80.8,269,29,81,0,0,07/20/20,Crystal Palace,Wolves
172,Vicente Guaita,31.0,es ESP,GK,90,0,0,0,0,0,0,0,0,25,0,0,0,0,0.0,0.0,0.0,0,0,16,23,69.6,372,8,32,0,0,07/20/20,Crystal Palace,Wolves
173,Troy Deeney,9.0,eng ENG,FW,66,0,0,0,0,0,0,0,0,35,14,0,0,2,0.0,0.0,0.1,1,0,15,25,60.0,66,15,11,1,2,07/21/20,Watford,Manchester City
174,Danny Welbeck,10.0,eng ENG,FW,24,0,0,0,0,0,0,0,0,11,7,0,0,0,0.0,0.0,0.0,0,0,3,7,42.9,13,9,67,1,3,07/21/20,Watford,Manchester City
175,Roberto Pereyra,37.0,ar ARG,LW,86,0,0,0,0,0,0,0,0,24,12,1,1,0,0.0,0.0,0.0,0,0,16,17,94.1,94,22,92,0,2,07/21/20,Watford,Manchester City
176,Adam Masina,11.0,it ITA,LW,4,0,0,0,0,0,0,0,0,2,1,0,0,0,0.0,0.0,0.0,0,0,1,2,50.0,0,2,1,0,0,07/21/20,Watford,Manchester City
177,Ismaila Sarr,23.0,sn SEN,RW,90,0,0,0,0,1,0,0,0,25,23,1,2,3,0.1,0.1,0.0,1,0,8,10,80.0,10,16,48,2,2,07/21/20,Watford,Manchester City
178,Will Hughes,19.0,eng ENG,CM,90,0,0,0,0,1,0,1,0,38,29,4,2,3,0.1,0.1,0.0,0,0,17,20,85.0,57,20,42,0,0,07/21/20,Watford,Manchester City
179,Abdoulaye Doucoure,16.0,fr FRA,CM,81,0,0,0,0,0,0,0,0,37,22,1,1,0,0.0,0.0,0.0,0,0,21,28,75.0,56,28,59,1,2,07/21/20,Watford,Manchester City
180,Nathaniel Chalobah,14.0,eng ENG,CM,9,0,0,0,0,0,0,0,0,3,4,0,0,0,0.0,0.0,0.0,0,0,2,2,100.0,19,2,0,0,0,07/21/20,Watford,Manchester City
181,Tom Cleverley,8.0,eng ENG,DM,90,0,0,0,0,0,0,0,0,37,34,3,2,4,0.0,0.0,0.0,0,0,13,25,52.0,100,19,11,0,1,07/21/20,Watford,Manchester City
182,Kiko Femenia,21.0,es ESP,LB,90,0,0,0,0,0,0,0,0,51,12,6,3,3,0.0,0.0,0.0,0,0,32,40,80.0,245,22,66,1,1,07/21/20,Watford,Manchester City
183,Craig Dawson,4.0,eng ENG,CB,90,0,0,0,0,0,0,0,0,33,4,0,0,1,0.0,0.0,0.0,0,0,13,23,56.5,98,16,17,1,1,07/21/20,Watford,Manchester City
184,Christian Kabasele,27.0,be BEL,CB,90,0,0,0,0,0,0,0,0,24,9,0,0,5,0.0,0.0,0.0,0,0,7,16,43.8,86,8,7,0,0,07/21/20,Watford,Manchester City
185,Adrian Mariappa,6.0,jm JAM,RB,90,0,0,0,0,0,0,1,0,20,10,1,0,3,0.0,0.0,0.0,0,0,11,16,68.8,195,3,0,0,0,07/21/20,Watford,Manchester City
186,Ben Foster,26.0,eng ENG,GK,90,0,0,0,0,0,0,0,0,37,1,0,0,0,0.0,0.0,0.0,0,0,10,31,32.3,580,9,52,0,0,07/21/20,Watford,Manchester City
187,Gabriel Jesus,9.0,br BRA,FW,90,0,0,0,0,3,1,0,0,28,6,1,0,1,0.4,0.4,0.1,2,0,17,19,89.5,5,19,29,0,0,07/21/20,Manchester City,Watford
188,Raheem Sterling,7.0,eng ENG,"LW,RW",63,2,0,0,1,5,4,0,0,53,7,1,1,1,1.5,0.5,0.0,4,2,31,37,83.8,68,47,86,2,5,07/21/20,Manchester City,Watford
189,Riyad Mahrez,26.0,dz ALG,RW,27,0,0,0,0,1,0,0,0,19,4,1,0,0,0.0,0.0,0.0,0,0,13,15,86.7,38,18,25,2,3,07/21/20,Manchester City,Watford
190,Phil Foden,47.0,eng ENG,"LW,RW",90,1,0,0,0,7,1,0,0,65,10,1,0,0,1.2,1.2,0.1,2,0,39,51,76.5,138,50,191,3,3,07/21/20,Manchester City,Watford
191,Bernardo Silva,20.0,pt POR,CM,90,0,0,0,0,1,0,0,0,82,17,4,0,0,0.1,0.1,0.3,6,0,69,74,93.2,290,54,125,0,0,07/21/20,Manchester City,Watford
192,Kevin De Bruyne,17.0,be BEL,CM,90,0,1,0,0,3,1,0,0,102,17,2,1,0,0.3,0.3,0.5,9,1,62,92,67.4,289,70,134,1,1,07/21/20,Manchester City,Watford
193,Rodrigo,16.0,es ESP,DM,90,0,0,0,0,2,1,0,0,140,24,3,0,1,0.0,0.0,0.1,3,0,123,129,95.3,459,100,337,0,1,07/21/20,Manchester City,Watford
194,Joao Cancelo,27.0,pt POR,"LB,RB",90,0,0,0,0,2,0,0,0,103,8,5,1,1,0.1,0.1,0.2,8,1,82,90,91.1,458,90,241,7,9,07/21/20,Manchester City,Watford
195,Aymeric Laporte,14.0,fr FRA,CB,73,1,0,0,0,1,1,0,0,70,4,1,0,0,0.1,0.1,0.0,1,0,61,65,93.8,458,50,200,0,0,07/21/20,Manchester City,Watford
196,John Stones,5.0,eng ENG,CB,17,0,0,0,0,0,0,0,0,20,1,0,0,0,0.0,0.0,0.0,1,0,18,19,94.7,130,8,30,0,0,07/21/20,Manchester City,Watford
197,Eric Garcia,50.0,es ESP,CB,90,0,0,0,0,0,0,0,0,82,10,1,3,0,0.0,0.0,0.0,1,0,70,75,93.3,489,61,256,2,2,07/21/20,Manchester City,Watford
198,Kyle Walker,2.0,eng ENG,RB,63,0,1,0,0,0,0,0,0,77,6,1,2,0,0.0,0.0,0.1,3,1,66,73,90.4,280,55,102,0,1,07/21/20,Manchester City,Watford
199,Oleksandr Zinchenko,11.0,ua UKR,LB,27,0,0,0,0,0,0,0,0,26,2,0,0,0,0.0,0.0,0.1,2,0,23,25,92.0,133,19,69,0,0,07/21/20,Manchester City,Watford
200,Ederson,31.0,br BRA,GK,90,0,0,0,0,0,0,0,0,23,0,0,0,0,0.0,0.0,0.0,0,0,19,21,90.5,299,8,19,0,0,07/21/20,Manchester City,Watford
201,Mbwana Samatta,20.0,tz TAN,FW,71,0,0,0,0,0,0,0,0,21,9,1,0,1,0.0,0.0,0.0,0,0,8,17,47.1,20,10,27,0,0,07/21/20,Aston Villa,Arsenal
202,Keinan Davis,39.0,eng ENG,FW,19,0,0,0,0,1,0,0,0,12,3,0,0,0,0.1,0.1,0.0,0,0,5,8,62.5,28,9,20,0,0,07/21/20,Aston Villa,Arsenal
203,Jack Grealish,10.0,eng ENG,LW,90,0,0,0,0,1,0,0,0,48,7,0,5,2,0.0,0.0,0.3,4,0,28,36,77.8,175,36,317,1,1,07/21/20,Aston Villa,Arsenal
204,Trezeguet,17.0,eg EGY,RW,90,1,0,0,0,2,2,0,0,26,18,6,0,1,0.1,0.1,0.0,1,0,9,14,64.3,33,15,17,1,1,07/21/20,Aston Villa,Arsenal
205,Conor Hourihane,14.0,ie IRL,CM,72,0,0,0,0,0,0,0,0,37,7,0,0,0,0.0,0.0,0.0,1,1,20,34,58.8,102,13,5,0,0,07/21/20,Aston Villa,Arsenal
206,Marvelous Nakamba,11.0,zw ZIM,CM,18,0,0,0,0,0,0,0,0,5,4,0,0,0,0.0,0.0,0.0,0,0,4,4,100.0,19,1,0,0,0,07/21/20,Aston Villa,Arsenal
207,John McGinn,7.0,sco SCO,CM,89,0,0,0,0,3,1,0,0,27,15,1,1,0,0.2,0.2,0.0,1,0,11,13,84.6,64,18,50,0,0,07/21/20,Aston Villa,Arsenal
208,Henri Lansbury,8.0,eng ENG,CM,1,0,0,0,0,0,0,0,0,0,1,0,0,0,0.0,0.0,0.0,0,0,0,0,,0,0,0,0,0,07/21/20,Aston Villa,Arsenal
209,Douglas Luiz,6.0,br BRA,DM,90,0,0,0,0,0,0,1,0,39,14,2,2,3,0.0,0.0,0.0,1,0,22,29,75.9,138,19,70,1,1,07/21/20,Aston Villa,Arsenal
210,Matt Targett,18.0,eng ENG,LB,90,0,0,0,0,0,0,1,0,33,8,3,0,4,0.0,0.0,0.0,1,0,15,22,68.2,131,16,58,0,0,07/21/20,Aston Villa,Arsenal
211,Tyrone Mings,40.0,eng ENG,CB,90,0,1,0,0,0,0,0,0,51,5,2,0,1,0.0,0.0,0.1,1,1,30,39,76.9,237,26,43,0,0,07/21/20,Aston Villa,Arsenal
212,Ezri Konsa Ngoyo,15.0,eng ENG,CB,90,0,0,0,0,0,0,0,0,33,2,1,0,3,0.0,0.0,0.1,1,0,17,20,85.0,61,16,15,1,1,07/21/20,Aston Villa,Arsenal
213,Ahmed El Mohamady,27.0,eg EGY,RB,24,0,0,0,0,0,0,0,0,16,0,0,0,1,0.0,0.0,0.1,1,0,10,14,71.4,95,10,12,0,0,07/21/20,Aston Villa,Arsenal
214,Frederic Guilbert,24.0,fr FRA,RB,66,0,0,0,0,1,0,0,0,31,9,4,3,2,0.1,0.1,0.0,0,0,13,21,61.9,116,10,24,1,1,07/21/20,Aston Villa,Arsenal
215,Pepe Reina,29.0,es ESP,GK,90,0,0,0,0,0,0,0,0,38,0,0,0,0,0.0,0.0,0.0,0,0,23,36,63.9,871,17,66,0,0,07/21/20,Aston Villa,Arsenal
216,Alexandre Lacazette,9.0,fr FRA,FW,90,0,0,0,0,0,0,1,0,34,7,1,0,0,0.0,0.0,0.0,1,0,19,24,79.2,50,20,63,0,1,07/21/20,Arsenal,Aston Villa
217,Pierre-Emerick Aubameyang,14.0,ga GAB,LW,90,0,0,0,0,2,0,0,0,32,12,2,0,0,0.2,0.2,0.0,0,0,17,26,65.4,71,22,99,0,1,07/21/20,Arsenal,Aston Villa
218,Eddie Nketiah,30.0,eng ENG,RW,90,0,0,0,0,2,0,0,0,29,7,0,0,0,0.3,0.3,0.0,0,0,16,22,72.7,66,23,57,1,1,07/21/20,Arsenal,Aston Villa
219,Lucas Torreira,11.0,uy URU,DM,45,0,0,0,0,1,0,1,0,44,5,0,0,0,0.0,0.0,0.0,0,0,39,39,100.0,116,31,47,0,0,07/21/20,Arsenal,Aston Villa
220,Granit Xhaka,34.0,ch SUI,DM,45,0,0,0,0,0,0,0,0,48,2,0,0,1,0.0,0.0,0.0,1,0,40,45,88.9,167,38,105,1,1,07/21/20,Arsenal,Aston Villa
221,Dani Ceballos,8.0,es ESP,DM,90,0,0,0,0,1,0,0,0,120,13,2,1,1,0.0,0.0,0.0,1,0,94,110,85.5,389,90,389,1,3,07/21/20,Arsenal,Aston Villa
222,Bukayo Saka,77.0,eng ENG,WB,59,0,0,0,0,1,0,0,0,46,5,0,2,3,0.1,0.1,0.0,1,0,27,35,77.1,82,22,59,0,0,07/21/20,Arsenal,Aston Villa
223,Kieran Tierney,3.0,sco SCO,WB,31,0,0,0,0,0,0,0,0,30,2,1,0,0,0.0,0.0,0.0,0,0,17,23,73.9,134,20,87,0,0,07/21/20,Arsenal,Aston Villa
224,Cedric Soares,17.0,pt POR,"WB,CB",78,0,0,0,0,0,0,0,0,61,11,0,0,3,0.0,0.0,0.0,2,0,41,56,73.2,217,37,147,0,0,07/21/20,Arsenal,Aston Villa
225,Joseph Willock,28.0,eng ENG,CB,12,0,0,0,0,0,0,1,0,10,2,0,0,1,0.0,0.0,0.0,0,0,7,9,77.8,46,6,4,0,0,07/21/20,Arsenal,Aston Villa
226,Sead Kolasinac,31.0,ba BIH,CB,90,0,0,0,0,0,0,1,0,95,4,1,1,2,0.0,0.0,0.0,1,0,73,85,85.9,323,63,256,2,2,07/21/20,Arsenal,Aston Villa
227,David Luiz,23.0,br BRA,CB,59,0,0,0,0,0,0,0,0,50,1,0,0,0,0.0,0.0,0.0,0,0,42,45,93.3,256,39,224,1,1,07/21/20,Arsenal,Aston Villa
228,Nicolas Pepe,19.0,ci CIV,"WB,CB",31,0,0,0,0,0,0,0,0,25,2,0,0,0,0.0,0.0,0.3,2,0,18,23,78.3,93,21,143,0,1,07/21/20,Arsenal,Aston Villa
229,Rob Holding,16.0,eng ENG,CB,90,0,0,0,0,0,0,0,0,87,3,0,0,1,0.0,0.0,0.0,0,0,75,80,93.8,422,62,329,0,0,07/21/20,Arsenal,Aston Villa
230,Emiliano MartÃ­nez,26.0,ar ARG,GK,90,0,0,0,0,0,0,0,0,27,0,0,0,0,0.0,0.0,0.0,0,0,26,26,100.0,288,16,38,0,0,07/21/20,Arsenal,Aston Villa
231,Anthony Martial,9.0,fr FRA,FW,90,0,1,0,0,3,1,0,0,48,12,0,0,3,0.1,0.1,0.1,3,1,25,37,67.6,70,37,101,1,2,07/22/20,Manchester Utd,West Ham
232,Marcus Rashford,10.0,eng ENG,LW,84,0,0,0,0,1,1,1,0,53,14,0,0,1,0.0,0.0,0.0,1,0,30,39,76.9,115,39,222,4,6,07/22/20,Manchester Utd,West Ham
233,Odion Ighalo,25.0,ng NGA,LW,6,0,0,0,0,1,0,0,0,8,3,1,0,1,0.1,0.1,0.0,0,0,3,3,100.0,0,5,0,0,0,07/22/20,Manchester Utd,West Ham
234,Mason Greenwood,26.0,eng ENG,RW,90,1,0,0,0,3,2,0,0,50,11,0,0,2,0.3,0.3,0.1,3,1,35,37,94.6,88,41,98,1,2,07/22/20,Manchester Utd,West Ham
235,Bruno Fernandes,18.0,pt POR,AM,90,0,0,0,0,1,0,1,0,85,13,0,0,1,0.0,0.0,0.1,4,0,62,76,81.6,301,61,189,0,0,07/22/20,Manchester Utd,West Ham
236,Nemanja Matic,31.0,rs SRB,CM,90,0,0,0,0,0,0,0,0,108,19,3,2,4,0.0,0.0,0.0,3,0,87,95,91.6,425,80,355,1,1,07/22/20,Manchester Utd,West Ham
237,Paul Pogba,6.0,fr FRA,CM,90,0,0,0,0,1,0,0,0,93,12,0,1,6,0.0,0.0,0.0,2,0,78,82,95.1,431,68,184,2,2,07/22/20,Manchester Utd,West Ham
238,Brandon Williams,53.0,eng ENG,LB,90,0,0,0,0,0,0,0,0,84,17,2,0,5,0.0,0.0,0.1,1,0,66,74,89.2,346,54,145,1,1,07/22/20,Manchester Utd,West Ham
239,Harry Maguire,5.0,eng ENG,CB,90,0,0,0,0,0,0,0,0,75,2,1,3,1,0.0,0.0,0.0,1,0,59,67,88.1,354,42,240,0,0,07/22/20,Manchester Utd,West Ham
240,Victor Lindelof,2.0,se SWE,CB,90,0,0,0,0,0,0,0,0,67,7,1,1,2,0.0,0.0,0.0,0,0,54,62,87.1,348,41,221,0,0,07/22/20,Manchester Utd,West Ham
241,Timothy Fosu-Mensah,24.0,nl NED,RB,45,0,0,0,0,1,0,1,0,22,6,0,1,0,0.1,0.1,0.0,1,0,13,19,68.4,77,13,28,1,1,07/22/20,Manchester Utd,West Ham
242,Aaron Wan-Bissaka,29.0,eng ENG,RB,45,0,0,0,0,0,0,0,0,26,14,3,4,1,0.0,0.0,0.1,1,0,14,16,87.5,75,15,72,0,0,07/22/20,Manchester Utd,West Ham
243,David de Gea,1.0,es ESP,GK,90,0,0,0,0,0,0,0,0,26,0,0,0,0,0.0,0.0,0.0,0,0,22,25,88.0,260,7,37,0,0,07/22/20,Manchester Utd,West Ham
244,Michail Antonio,30.0,eng ENG,FW,77,1,0,1,1,3,1,0,0,38,9,1,0,0,1.4,0.6,0.0,2,0,14,26,53.8,39,27,89,0,0,07/22/20,West Ham,Manchester Utd
245,Sebastien Haller,22.0,fr FRA,FW,13,0,0,0,0,0,0,0,0,16,2,2,0,0,0.0,0.0,0.0,0,0,7,9,77.8,2,9,13,0,0,07/22/20,West Ham,Manchester Utd
246,Pablo Fornals,18.0,es ESP,LW,90,0,0,0,0,0,0,0,0,52,15,0,3,1,0.0,0.0,0.0,0,0,35,48,72.9,206,36,68,0,0,07/22/20,West Ham,Manchester Utd
247,Jarrod Bowen,17.0,eng ENG,RW,89,0,0,0,0,3,1,0,0,49,13,1,0,0,0.2,0.2,0.1,6,0,29,38,76.3,144,38,226,2,3,07/22/20,West Ham,Manchester Utd
248,Andriy Yarmolenko,7.0,ua UKR,RW,1,0,0,0,0,0,0,0,0,4,0,0,0,0,0.0,0.0,0.0,0,0,3,4,75.0,21,4,1,0,0,07/22/20,West Ham,Manchester Utd
249,Mark Noble,16.0,eng ENG,AM,90,0,0,0,0,0,0,0,0,72,8,0,0,1,0.0,0.0,0.3,7,0,58,69,84.1,384,55,103,2,2,07/22/20,West Ham,Manchester Utd
250,Tomas Soucek,28.0,cz CZE,CM,90,0,0,0,0,0,0,0,0,41,9,4,2,1,0.0,0.0,0.0,1,0,28,33,84.8,74,26,63,0,0,07/22/20,West Ham,Manchester Utd
251,Declan Rice,41.0,eng ENG,CM,90,0,0,0,0,3,0,0,0,61,26,4,4,3,0.1,0.1,0.0,2,1,41,47,87.2,247,36,118,1,1,07/22/20,West Ham,Manchester Utd
252,Aaron Cresswell,3.0,eng ENG,LB,74,0,0,0,0,0,0,0,0,47,1,0,0,0,0.0,0.0,0.0,0,0,38,48,79.2,406,34,85,1,1,07/22/20,West Ham,Manchester Utd
253,Arthur Masuaku,26.0,cd COD,LB,16,0,0,0,0,0,0,1,0,14,8,2,0,1,0.0,0.0,0.0,0,0,9,10,90.0,50,12,57,3,3,07/22/20,West Ham,Manchester Utd
254,Angelo Ogbonna,21.0,it ITA,CB,90,0,0,0,0,1,0,0,0,48,7,3,0,3,0.1,0.1,0.0,0,0,30,34,88.2,152,25,26,0,0,07/22/20,West Ham,Manchester Utd
255,Issa Diop,23.0,fr FRA,CB,90,0,0,0,0,0,0,0,0,42,5,0,6,2,0.0,0.0,0.1,1,0,31,36,86.1,183,24,43,0,0,07/22/20,West Ham,Manchester Utd
256,Ben Johnson,53.0,eng ENG,RB,90,0,0,0,0,1,0,0,0,72,14,4,1,2,0.0,0.0,0.0,0,0,37,62,59.7,333,38,46,0,0,07/22/20,West Ham,Manchester Utd
257,Åukasz FabiaÅski,1.0,pl POL,GK,90,0,0,0,0,0,0,0,0,32,0,0,0,0,0.0,0.0,0.0,0,0,20,30,66.7,411,16,37,0,0,07/22/20,West Ham,Manchester Utd
258,Roberto Firmino,9.0,br BRA,FW,86,1,0,0,0,1,1,0,0,35,10,1,0,0,0.1,0.1,0.2,1,0,20,27,74.1,52,22,7,0,0,07/22/20,Liverpool,Chelsea
259,Takumi Minamino,18.0,jp JPN,FW,4,0,0,0,0,0,0,0,0,4,0,0,0,0,0.0,0.0,0.0,0,0,1,2,50.0,14,3,6,0,0,07/22/20,Liverpool,Chelsea
260,Sadio Mane,10.0,sn SEN,LW,86,0,0,0,0,0,0,0,0,54,12,2,0,1,0.0,0.0,0.0,2,2,35,40,87.5,101,45,118,5,5,07/22/20,Liverpool,Chelsea
261,Divock Origi,27.0,be BEL,LW,4,0,0,0,0,0,0,0,0,4,2,0,0,0,0.0,0.0,0.0,1,0,0,1,0.0,0,2,53,0,0,07/22/20,Liverpool,Chelsea
262,Mohamed Salah,11.0,eg EGY,RW,78,0,1,0,0,3,1,0,0,43,16,2,1,0,0.5,0.5,0.1,2,1,22,31,71.0,95,36,156,4,4,07/22/20,Liverpool,Chelsea
263,Alex Oxlade-Chamberlain,15.0,eng ENG,RW,12,1,0,0,0,1,1,0,0,6,5,1,0,0,0.2,0.2,0.0,0,0,1,3,33.3,0,2,0,0,1,07/22/20,Liverpool,Chelsea
264,Georginio Wijnaldum,5.0,nl NED,CM,65,1,0,0,0,2,2,0,0,41,14,3,0,0,0.1,0.1,0.0,0,0,31,33,93.9,97,29,79,0,1,07/22/20,Liverpool,Chelsea
265,James Milner,7.0,eng ENG,CM,25,0,0,0,0,0,0,0,0,15,7,1,0,0,0.0,0.0,0.0,0,0,8,12,66.7,35,8,8,0,0,07/22/20,Liverpool,Chelsea
266,Naby Keita,8.0,gn GUI,CM,65,1,0,0,0,1,1,0,0,57,16,2,1,2,0.0,0.0,0.0,0,0,43,49,87.8,99,39,102,2,2,07/22/20,Liverpool,Chelsea
267,Curtis Jones,48.0,eng ENG,CM,25,0,0,0,0,0,0,0,0,12,3,0,0,0,0.0,0.0,0.0,0,0,6,11,54.5,0,6,7,0,0,07/22/20,Liverpool,Chelsea
268,Fabinho,3.0,br BRA,DM,90,0,0,0,0,0,0,0,0,64,15,4,2,0,0.0,0.0,0.0,0,0,46,56,82.1,167,37,55,0,0,07/22/20,Liverpool,Chelsea
269,Andrew Robertson,26.0,sco SCO,LB,90,0,1,0,0,0,0,0,0,92,5,0,1,3,0.0,0.0,0.4,4,2,67,85,78.8,514,66,246,3,4,07/22/20,Liverpool,Chelsea
270,Virgil van Dijk,4.0,nl NED,CB,90,0,0,0,0,1,0,0,0,81,1,0,0,1,0.2,0.2,0.0,0,0,63,76,82.9,404,51,55,0,0,07/22/20,Liverpool,Chelsea
271,Joseph Gomez,12.0,eng ENG,CB,90,0,0,0,0,0,0,1,0,75,7,1,1,1,0.0,0.0,0.0,1,1,59,69,85.5,428,55,182,2,2,07/22/20,Liverpool,Chelsea
272,Trent Alexander-Arnold,66.0,eng ENG,RB,90,1,1,0,0,1,1,0,0,84,10,1,2,2,0.1,0.1,0.2,2,1,55,77,71.4,625,46,54,1,1,07/22/20,Liverpool,Chelsea
273,Alisson,1.0,br BRA,GK,90,0,0,0,0,0,0,0,0,46,0,0,0,0,0.0,0.0,0.0,0,0,33,44,75.0,538,26,45,0,0,07/22/20,Liverpool,Chelsea
274,Olivier Giroud,18.0,fr FRA,FW,58,1,0,0,0,2,2,0,0,25,16,0,0,2,0.9,0.9,0.0,0,0,14,19,73.7,1,3,0,0,0,07/22/20,Chelsea,Liverpool
275,Tammy Abraham,9.0,eng ENG,FW,32,1,0,0,0,1,1,0,0,6,4,0,0,0,0.5,0.5,0.0,0,0,1,3,33.3,0,3,8,0,0,07/22/20,Chelsea,Liverpool
276,Mason Mount,19.0,eng ENG,LW,58,0,0,0,0,1,0,0,0,30,25,0,0,1,0.4,0.4,0.0,0,0,17,23,73.9,11,27,101,1,2,07/22/20,Chelsea,Liverpool
277,Callum Hudson-Odoi,20.0,eng ENG,"RW,LW",32,0,1,0,0,0,0,0,0,16,2,0,0,1,0.0,0.0,0.1,1,1,8,11,72.7,38,15,53,2,3,07/22/20,Chelsea,Liverpool
278,Willian,10.0,br BRA,RW,58,0,0,0,0,1,1,0,0,35,20,1,0,0,0.3,0.3,0.0,2,1,19,28,67.9,9,21,55,0,0,07/22/20,Chelsea,Liverpool
279,Christian Pulisic,22.0,us USA,"LW,RW",32,1,1,0,0,3,1,0,0,20,8,0,1,1,0.3,0.3,0.5,2,2,6,7,85.7,22,18,96,2,4,07/22/20,Chelsea,Liverpool
280,Mateo Kovacic,17.0,hr CRO,DM,90,0,0,0,0,0,0,0,0,51,33,3,0,0,0.0,0.0,0.0,1,0,39,46,84.8,113,34,65,1,1,07/22/20,Chelsea,Liverpool
281,Jorginho,5.0,it ITA,DM,90,0,0,0,0,0,0,0,0,75,32,3,1,2,0.0,0.0,0.0,2,0,58,64,90.6,257,43,91,0,0,07/22/20,Chelsea,Liverpool
282,Marcos Alonso,3.0,es ESP,WB,87,0,0,0,0,0,0,0,0,75,7,0,0,0,0.0,0.0,0.3,2,0,50,61,82.0,344,52,256,1,1,07/22/20,Chelsea,Liverpool
283,Emerson,33.0,it ITA,WB,3,0,0,0,0,0,0,0,0,4,1,0,0,1,0.0,0.0,0.0,0,0,2,3,66.7,1,1,1,0,0,07/22/20,Chelsea,Liverpool
284,Reece James,24.0,eng ENG,WB,90,0,0,0,0,1,0,0,0,81,28,2,0,4,0.0,0.0,0.7,3,0,52,66,78.8,440,51,166,2,3,07/22/20,Chelsea,Liverpool
285,Antonio Rudiger,2.0,de GER,CB,90,0,0,0,0,0,0,0,0,69,9,2,1,1,0.0,0.0,0.0,0,0,45,58,77.6,310,42,102,0,0,07/22/20,Chelsea,Liverpool
286,Kurt Zouma,15.0,fr FRA,CB,90,0,0,0,0,0,0,0,0,95,8,1,4,1,0.0,0.0,0.0,1,0,75,78,96.2,491,61,119,0,0,07/22/20,Chelsea,Liverpool
287,Cesar Azpilicueta,28.0,es ESP,CB,90,0,0,0,0,1,0,0,0,91,17,1,0,0,0.0,0.0,0.0,3,1,74,86,86.0,570,53,122,0,0,07/22/20,Chelsea,Liverpool
288,Kepa Arrizabalaga,1.0,es ESP,GK,90,0,0,0,0,0,0,0,0,38,1,0,0,0,0.0,0.0,0.0,0,0,28,38,73.7,443,24,38,0,0,07/22/20,Chelsea,Liverpool
289,Danny Ings,9.0,eng ENG,FW,90,1,0,1,1,1,0,0,0,43,14,1,0,0,0.9,0.1,0.2,3,1,24,35,68.6,61,36,119,1,2,07/26/20,Southampton,Sheffield Utd
290,Che Adams,10.0,eng ENG,FW,84,2,0,0,0,3,2,0,0,30,5,1,0,0,0.7,0.7,0.0,0,0,14,19,73.7,12,25,48,1,2,07/26/20,Southampton,Sheffield Utd
291,Shane Long,7.0,ie IRL,FW,6,0,0,0,0,0,0,0,0,0,0,0,0,0,0.0,0.0,0.0,0,0,0,0,,0,0,0,0,0,07/26/20,Southampton,Sheffield Utd
292,Nathan Redmond,22.0,eng ENG,CM,90,0,0,0,0,2,1,0,0,64,9,1,1,1,0.1,0.1,0.0,2,1,41,55,74.5,111,65,450,10,13,07/26/20,Southampton,Sheffield Utd
293,Stuart Armstrong,17.0,sco SCO,CM,29,0,0,0,0,0,0,0,0,18,2,0,0,1,0.0,0.0,0.0,0,0,14,15,93.3,53,14,63,0,0,07/26/20,Southampton,Sheffield Utd
294,William Smallbone,27.0,ie IRL,CM,61,0,1,0,0,2,0,0,0,42,12,4,0,1,0.0,0.0,0.2,1,1,26,31,83.9,41,26,85,0,1,07/26/20,Southampton,Sheffield Utd
295,Oriol Romeu,14.0,es ESP,DM,89,0,0,0,0,2,0,0,0,110,7,2,0,3,0.1,0.1,0.1,2,0,91,100,91.0,477,80,246,2,2,07/26/20,Southampton,Sheffield Utd
296,Michael Obafemi,20.0,ie IRL,DM,1,0,0,0,0,0,0,0,0,0,1,0,0,0,0.0,0.0,0.0,0,0,0,0,,0,0,0,0,0,07/26/20,Southampton,Sheffield Utd
297,James Ward-Prowse,16.0,eng ENG,DM,90,0,0,0,0,1,0,0,0,103,6,1,0,1,0.4,0.4,0.1,2,0,78,97,80.4,301,67,111,0,0,07/26/20,Southampton,Sheffield Utd
298,Ryan Bertrand,21.0,eng ENG,LB,90,0,0,0,0,0,0,0,0,77,5,0,0,0,0.0,0.0,0.0,1,0,63,74,85.1,273,60,277,0,0,07/26/20,Southampton,Sheffield Utd
299,Jannik Vestergaard,4.0,dk DEN,CB,90,0,0,0,0,0,0,0,0,107,5,1,3,1,0.0,0.0,0.0,1,0,83,95,87.4,419,72,305,0,0,07/26/20,Southampton,Sheffield Utd
300,Jack Stephens,5.0,eng ENG,CB,90,0,0,0,0,0,0,0,0,107,5,1,0,3,0.0,0.0,0.0,0,0,86,98,87.8,469,76,287,0,1,07/26/20,Southampton,Sheffield Utd
301,Kyle Walker-Peters,24.0,eng ENG,RB,90,0,0,0,0,1,0,0,0,78,11,0,2,0,0.1,0.1,0.0,1,1,60,72,83.3,189,58,283,2,2,07/26/20,Southampton,Sheffield Utd
302,Alex McCarthy,1.0,eng ENG,GK,90,0,0,0,0,0,0,0,0,38,0,0,0,0,0.0,0.0,0.0,0,0,31,36,86.1,487,27,39,0,0,07/26/20,Southampton,Sheffield Utd
303,Billy Sharp,10.0,eng ENG,FW,69,0,1,0,0,1,1,0,0,18,16,0,0,0,0.5,0.5,0.8,2,1,8,12,66.7,25,12,78,0,1,07/26/20,Sheffield Utd,Southampton
304,Leon Clarke,24.0,eng ENG,FW,21,0,0,0,0,0,0,0,0,6,8,0,0,0,0.0,0.0,0.0,0,0,2,4,50.0,0,0,0,0,0,07/26/20,Sheffield Utd,Southampton
305,Oliver McBurnie,9.0,sco SCO,FW,50,0,0,0,0,1,0,0,0,21,23,0,0,0,0.1,0.1,0.0,1,0,8,16,50.0,26,11,13,2,3,07/26/20,Sheffield Utd,Southampton
306,Richairo Zivkovic,30.0,nl NED,FW,40,0,0,0,0,0,0,0,0,5,24,0,0,0,0.0,0.0,0.0,0,0,2,2,100.0,0,3,9,0,0,07/26/20,Sheffield Utd,Southampton
307,John Fleck,4.0,sco SCO,CM,90,0,0,0,0,0,0,0,0,31,27,2,3,1,0.0,0.0,0.1,2,0,12,22,54.5,46,15,41,1,2,07/26/20,Sheffield Utd,Southampton
308,John Lundstram,7.0,eng ENG,CM,90,1,0,0,0,2,2,0,0,40,23,2,1,0,0.8,0.8,0.0,1,0,20,30,66.7,126,18,19,0,1,07/26/20,Sheffield Utd,Southampton
309,Sander Berge,32.0,no NOR,DM,90,0,0,0,0,0,0,0,0,46,23,5,1,1,0.0,0.0,0.0,0,0,25,33,75.8,92,22,79,1,1,07/26/20,Sheffield Utd,Southampton
310,Enda Stevens,3.0,ie IRL,WB,90,0,0,0,0,1,0,1,0,36,11,0,0,1,0.1,0.1,0.0,1,1,18,26,69.2,175,20,60,0,0,07/26/20,Sheffield Utd,Southampton
311,George Baldock,2.0,eng ENG,WB,90,0,0,0,0,0,0,0,0,36,19,2,0,3,0.0,0.0,0.5,1,0,19,27,70.4,215,21,107,1,1,07/26/20,Sheffield Utd,Southampton
312,Jack Robinson,19.0,eng ENG,CB,90,0,0,0,0,0,0,0,0,41,12,1,0,3,0.0,0.0,0.0,0,0,17,29,58.6,177,23,19,1,1,07/26/20,Sheffield Utd,Southampton
313,John Egan,12.0,ie IRL,CB,90,0,0,0,0,0,0,0,0,30,9,2,2,4,0.0,0.0,0.0,0,0,11,18,61.1,85,10,23,0,0,07/26/20,Sheffield Utd,Southampton
314,Chris Basham,6.0,eng ENG,CB,79,0,0,0,0,0,0,0,0,40,19,2,3,3,0.0,0.0,0.1,2,0,17,23,73.9,138,11,9,0,0,07/26/20,Sheffield Utd,Southampton
315,Oliver Norwood,16.0,nir NIR,CB,11,0,0,0,0,0,0,0,0,8,4,0,0,0,0.0,0.0,0.0,0,0,6,8,75.0,30,5,10,0,0,07/26/20,Sheffield Utd,Southampton
316,Dean Henderson,1.0,eng ENG,GK,90,0,0,0,0,0,0,0,0,32,0,0,0,0,0.0,0.0,0.0,0,0,13,31,41.9,576,15,77,0,0,07/26/20,Sheffield Utd,Southampton
317,Jay Rodriguez,19.0,eng ENG,FW,77,0,0,0,0,5,0,0,0,26,8,0,0,2,1.0,1.0,0.0,0,0,3,11,27.3,0,16,57,1,1,07/26/20,Burnley,Brighton
318,Matej Vydra,27.0,cz CZE,FW,13,0,0,0,0,0,0,0,0,2,6,0,0,0,0.0,0.0,0.0,0,0,2,2,100.0,0,1,0,0,0,07/26/20,Burnley,Brighton
319,Chris Wood,9.0,nz NZL,FW,90,1,0,0,0,4,1,0,0,24,11,0,1,1,0.8,0.8,0.0,2,0,9,15,60.0,13,8,13,0,0,07/26/20,Burnley,Brighton
320,Dwight McNeil,11.0,eng ENG,CM,90,0,0,0,0,1,0,0,0,55,8,2,0,0,0.0,0.0,0.3,4,0,37,49,75.5,246,43,208,1,1,07/26/20,Burnley,Brighton
321,Josh Brownhill,8.0,eng ENG,CM,90,0,0,0,0,0,0,1,0,52,9,2,2,0,0.0,0.0,0.0,2,0,37,47,78.7,118,30,77,1,1,07/26/20,Burnley,Brighton
322,Ashley Westwood,18.0,eng ENG,CM,90,0,0,0,0,0,0,0,0,87,11,5,1,2,0.0,0.0,0.4,5,0,60,76,78.9,380,42,81,0,0,07/26/20,Burnley,Brighton
323,Johann Gudmundsson,7.0,is ISL,CM,74,0,0,0,0,1,0,0,0,25,13,2,0,1,0.1,0.1,0.0,0,0,15,18,83.3,76,16,63,0,0,07/26/20,Burnley,Brighton
324,Robbie Brady,12.0,ie IRL,CM,16,0,0,0,0,2,0,0,0,17,5,1,0,1,0.1,0.1,0.0,0,0,8,11,72.7,36,11,43,0,0,07/26/20,Burnley,Brighton
325,Erik Pieters,23.0,nl NED,LB,90,0,1,0,0,0,0,1,0,65,7,1,2,4,0.0,0.0,0.7,2,1,44,52,84.6,305,35,146,0,0,07/26/20,Burnley,Brighton
326,James Tarkowski,5.0,eng ENG,CB,90,0,0,0,0,0,0,0,0,50,6,2,3,4,0.0,0.0,0.2,2,1,32,39,82.1,224,20,57,0,0,07/26/20,Burnley,Brighton
327,Kevin Long,28.0,ie IRL,CB,90,0,0,0,0,1,0,0,0,48,15,4,2,2,0.2,0.2,0.0,1,0,26,35,74.3,163,20,36,0,0,07/26/20,Burnley,Brighton
328,Phil Bardsley,26.0,sco SCO,RB,90,0,0,0,0,0,0,1,0,73,7,3,1,2,0.0,0.0,0.0,1,0,42,65,64.6,295,39,98,0,0,07/26/20,Burnley,Brighton
329,Nick Pope,1.0,eng ENG,GK,90,0,0,0,0,0,0,0,0,29,0,0,0,0,0.0,0.0,0.0,0,0,17,28,60.7,559,8,66,0,0,07/26/20,Burnley,Brighton
330,Neal Maupay,7.0,fr FRA,FW,89,0,1,0,0,2,0,0,0,39,12,1,1,0,0.2,0.2,0.2,5,1,22,27,81.5,59,26,107,0,3,07/26/20,Brighton,Burnley
331,Alireza Jahanbakhsh,16.0,ir IRN,FW,1,0,0,0,0,0,0,0,0,2,0,0,0,0,0.0,0.0,0.0,0,0,0,1,0.0,0,1,24,0,0,07/26/20,Brighton,Burnley
332,Aaron Connolly,44.0,ie IRL,FW,89,1,0,0,0,6,2,0,0,26,9,4,0,0,0.6,0.6,0.0,1,1,9,11,81.8,22,14,41,1,1,07/26/20,Brighton,Burnley
333,Glenn Murray,17.0,eng ENG,FW,1,0,0,0,0,0,0,0,0,1,0,0,0,0,0.0,0.0,0.0,0,0,0,0,,0,0,0,0,0,07/26/20,Brighton,Burnley
334,Alexis Mac Allister,10.0,ar ARG,AM,73,0,0,0,0,3,1,0,0,31,8,0,0,2,0.3,0.3,0.0,1,0,12,21,57.1,60,14,47,0,0,07/26/20,Brighton,Burnley
335,Aaron Mooy,18.0,au AUS,AM,17,0,0,0,0,1,0,0,0,14,3,0,0,0,0.0,0.0,0.0,1,0,10,11,90.9,6,6,5,0,0,07/26/20,Brighton,Burnley
336,Dale Stephens,6.0,eng ENG,DM,90,0,0,0,0,0,0,0,0,43,6,2,0,1,0.0,0.0,0.1,2,0,33,40,82.5,185,27,89,0,0,07/26/20,Brighton,Burnley
337,Yves Bissouma,8.0,ml MLI,DM,72,1,0,0,0,1,1,0,0,33,9,0,1,3,0.0,0.0,0.0,0,0,16,18,88.9,151,17,71,0,0,07/26/20,Brighton,Burnley
338,Davy Propper,24.0,nl NED,DM,18,0,0,0,0,0,0,0,0,14,2,0,0,1,0.0,0.0,0.0,0,0,6,8,75.0,17,8,38,0,0,07/26/20,Brighton,Burnley
339,Solly March,20.0,eng ENG,WB,72,0,0,0,0,1,0,0,0,30,3,0,0,0,0.0,0.0,0.0,1,0,15,28,53.6,147,18,104,0,0,07/26/20,Brighton,Burnley
340,Bernardo,30.0,br BRA,WB,18,0,0,0,0,0,0,0,0,18,5,0,2,1,0.0,0.0,0.0,1,0,12,13,92.3,90,11,31,0,0,07/26/20,Brighton,Burnley
341,Tariq Lamptey,2.0,eng ENG,WB,90,0,0,0,0,1,0,0,0,50,7,1,3,0,0.1,0.1,0.5,6,0,23,31,74.2,129,39,261,3,4,07/26/20,Brighton,Burnley
342,Dan Burn,33.0,eng ENG,CB,90,0,0,0,0,0,0,0,0,58,7,1,1,0,0.0,0.0,0.0,0,0,32,46,69.6,260,23,29,0,0,07/26/20,Brighton,Burnley
343,Lewis Dunk,5.0,eng ENG,CB,90,0,0,0,0,0,0,0,0,49,6,1,1,1,0.0,0.0,0.1,2,0,30,41,73.2,194,18,36,0,0,07/26/20,Brighton,Burnley
344,Adam Webster,15.0,eng ENG,CB,90,0,0,0,0,0,0,0,0,49,4,0,1,3,0.0,0.0,0.0,0,0,23,35,65.7,229,17,49,0,0,07/26/20,Brighton,Burnley
345,Mathew Ryan,1.0,au AUS,GK,90,0,0,0,0,0,0,0,0,40,0,0,0,0,0.0,0.0,0.0,0,0,28,37,75.7,967,21,76,0,0,07/26/20,Brighton,Burnley
346,Michail Antonio,30.0,eng ENG,FW,45,0,0,0,0,1,0,1,0,20,8,0,0,1,0.5,0.5,0.0,0,0,12,15,80.0,53,15,36,0,0,07/26/20,West Ham,Aston Villa
347,Sebastien Haller,22.0,fr FRA,FW,45,0,0,0,0,2,0,0,0,19,6,2,0,0,0.3,0.3,0.0,1,0,12,14,85.7,11,9,37,0,0,07/26/20,West Ham,Aston Villa
348,Pablo Fornals,18.0,es ESP,LW,66,0,0,0,0,0,0,0,0,32,9,2,0,1,0.0,0.0,0.0,1,0,15,23,65.2,24,22,59,2,3,07/26/20,West Ham,Aston Villa
349,Manuel Lanzini,10.0,ar ARG,LW,24,0,0,0,0,1,0,0,0,15,1,0,0,0,0.1,0.1,0.0,2,0,12,14,85.7,41,12,25,1,1,07/26/20,West Ham,Aston Villa
350,Jarrod Bowen,17.0,eng ENG,RW,45,0,0,0,0,0,0,0,0,21,6,0,1,0,0.0,0.0,0.0,0,0,13,16,81.3,50,14,24,0,0,07/26/20,West Ham,Aston Villa
351,Andriy Yarmolenko,7.0,ua UKR,RW,45,1,0,0,0,2,1,0,0,24,5,1,1,0,0.1,0.1,0.0,0,0,11,15,73.3,35,18,74,0,0,07/26/20,West Ham,Aston Villa
352,Mark Noble,16.0,eng ENG,AM,86,0,0,0,0,0,0,0,0,64,6,1,0,1,0.0,0.0,0.1,4,0,56,62,90.3,256,39,70,0,0,07/26/20,West Ham,Aston Villa
353,Felipe Anderson,8.0,br BRA,AM,4,0,0,0,0,0,0,0,0,0,0,0,0,0,0.0,0.0,0.0,0,0,0,0,,0,0,0,0,0,07/26/20,West Ham,Aston Villa
354,Declan Rice,41.0,eng ENG,DM,90,0,1,0,0,3,0,0,0,74,16,2,2,0,0.1,0.1,0.0,2,1,59,65,90.8,223,50,74,1,2,07/26/20,West Ham,Aston Villa
355,Tomas Soucek,28.0,cz CZE,DM,90,0,0,0,0,0,0,0,0,40,17,4,0,0,0.0,0.0,0.0,0,0,26,32,81.3,75,20,21,1,2,07/26/20,West Ham,Aston Villa
356,Ben Johnson,53.0,eng ENG,LB,90,0,0,0,0,0,0,0,0,79,10,2,1,4,0.0,0.0,0.3,4,1,59,68,86.8,473,43,77,1,1,07/26/20,West Ham,Aston Villa
357,Angelo Ogbonna,21.0,it ITA,CB,90,0,0,0,0,0,0,0,0,50,5,0,1,3,0.0,0.0,0.0,0,0,34,43,79.1,169,31,90,1,1,07/26/20,West Ham,Aston Villa
358,Issa Diop,23.0,fr FRA,CB,90,0,0,0,0,0,0,0,0,50,8,0,0,0,0.0,0.0,0.0,0,0,33,45,73.3,260,28,72,0,0,07/26/20,West Ham,Aston Villa
359,Ryan Fredericks,24.0,eng ENG,RB,90,0,0,0,0,1,0,1,0,86,17,6,2,1,0.1,0.1,0.0,2,0,49,69,71.0,289,40,196,1,3,07/26/20,West Ham,Aston Villa
360,Åukasz FabiaÅski,1.0,pl POL,GK,90,0,0,0,0,0,0,0,0,30,0,0,0,0,0.0,0.0,0.0,0,0,19,30,63.3,396,12,65,0,0,07/26/20,West Ham,Aston Villa
361,Mbwana Samatta,20.0,tz TAN,FW,67,0,0,0,0,3,1,1,0,25,14,1,0,1,0.5,0.5,0.0,2,0,8,17,47.1,3,16,27,1,1,07/26/20,Aston Villa,West Ham
362,Keinan Davis,39.0,eng ENG,FW,23,0,0,0,0,1,0,0,0,10,2,0,0,0,0.0,0.0,0.0,2,1,5,7,71.4,22,5,6,0,1,07/26/20,Aston Villa,West Ham
363,Jack Grealish,10.0,eng ENG,CM,90,1,0,0,0,4,2,0,0,39,14,1,0,0,0.3,0.3,0.0,6,0,23,27,85.2,145,26,183,1,4,07/26/20,Aston Villa,West Ham
364,Conor Hourihane,14.0,ie IRL,CM,75,0,0,0,0,0,0,0,0,37,3,0,1,2,0.0,0.0,0.3,3,0,21,31,67.7,113,18,16,0,0,07/26/20,Aston Villa,West Ham
365,Marvelous Nakamba,11.0,zw ZIM,CM,15,0,0,0,0,0,0,0,0,5,2,0,0,1,0.0,0.0,0.0,0,0,3,4,75.0,19,3,2,0,0,07/26/20,Aston Villa,West Ham
366,John McGinn,7.0,sco SCO,CM,90,0,1,0,0,3,0,0,0,37,16,2,2,1,0.3,0.3,0.2,4,1,18,25,72.0,80,26,73,1,1,07/26/20,Aston Villa,West Ham
367,Trezeguet,17.0,eg EGY,CM,89,0,0,0,0,2,1,0,0,20,24,1,1,3,0.1,0.1,0.0,0,0,2,8,25.0,0,8,32,0,1,07/26/20,Aston Villa,West Ham
368,Anwar El Ghazi,21.0,nl NED,CM,1,0,0,0,0,0,0,0,0,0,0,0,0,0,0.0,0.0,0.0,0,0,0,0,,0,0,0,0,0,07/26/20,Aston Villa,West Ham
369,Douglas Luiz,6.0,br BRA,DM,90,0,0,0,0,0,0,0,0,36,22,2,2,0,0.0,0.0,0.0,2,0,26,33,78.8,98,14,98,0,0,07/26/20,Aston Villa,West Ham
370,Matt Targett,18.0,eng ENG,LB,90,0,0,0,0,0,0,0,0,57,14,6,2,1,0.0,0.0,0.1,2,0,33,47,70.2,320,17,32,0,0,07/26/20,Aston Villa,West Ham
371,Tyrone Mings,40.0,eng ENG,CB,90,0,0,0,0,0,0,0,0,36,3,0,0,1,0.0,0.0,0.0,0,0,15,29,51.7,258,18,37,0,0,07/26/20,Aston Villa,West Ham
372,Ezri Konsa Ngoyo,15.0,eng ENG,CB,90,0,0,0,0,0,0,0,0,42,4,0,0,2,0.0,0.0,0.0,0,0,25,36,69.4,123,23,34,0,0,07/26/20,Aston Villa,West Ham
373,Frederic Guilbert,24.0,fr FRA,RB,75,0,0,0,0,0,0,0,0,34,9,1,1,1,0.0,0.0,0.1,1,0,19,28,67.9,138,14,48,1,2,07/26/20,Aston Villa,West Ham
374,Kortney Hause,30.0,eng ENG,RB,15,0,0,0,0,0,0,0,0,2,0,0,0,1,0.0,0.0,0.0,0,0,1,1,100.0,0,0,0,0,0,07/26/20,Aston Villa,West Ham
375,Pepe Reina,29.0,es ESP,GK,90,0,0,0,0,0,0,0,0,28,0,0,0,0,0.0,0.0,0.0,0,0,21,28,75.0,520,12,65,0,0,07/26/20,Aston Villa,West Ham
376,Olivier Giroud,18.0,fr FRA,FW,77,1,0,0,0,2,1,1,0,41,12,1,0,1,0.9,0.9,0.1,2,1,21,31,67.7,25,25,56,1,1,07/26/20,Chelsea,Wolves
377,Tammy Abraham,9.0,eng ENG,FW,13,0,0,0,0,2,1,0,0,9,4,0,0,0,0.1,0.1,0.0,0,0,2,3,66.7,0,8,74,1,1,07/26/20,Chelsea,Wolves
378,Christian Pulisic,22.0,us USA,LW,77,0,0,0,0,1,0,0,0,50,12,1,0,2,0.1,0.1,0.0,3,0,22,32,68.8,82,39,173,0,4,07/26/20,Chelsea,Wolves
379,Callum Hudson-Odoi,20.0,eng ENG,LW,13,0,0,0,0,0,0,0,0,13,0,0,1,2,0.0,0.0,0.0,0,0,7,9,77.8,31,11,30,0,0,07/26/20,Chelsea,Wolves
380,Mason Mount,19.0,eng ENG,RW,84,1,1,0,0,2,1,0,0,53,11,2,0,0,0.1,0.1,0.9,4,1,35,40,87.5,215,38,140,0,2,07/26/20,Chelsea,Wolves
381,Pedro,11.0,es ESP,RW,6,0,0,0,0,0,0,0,0,2,0,0,0,0,0.0,0.0,0.0,0,0,2,2,100.0,0,2,1,0,0,07/26/20,Chelsea,Wolves
382,Mateo Kovacic,17.0,hr CRO,DM,84,0,0,0,0,0,0,0,0,71,18,6,0,1,0.0,0.0,0.0,0,0,55,57,96.5,221,54,117,2,2,07/26/20,Chelsea,Wolves
383,Ruben Loftus-Cheek,12.0,eng ENG,DM,6,0,0,0,0,0,0,0,0,7,1,0,0,0,0.0,0.0,0.0,0,0,5,6,83.3,0,6,7,0,0,07/26/20,Chelsea,Wolves
384,Jorginho,5.0,it ITA,DM,87,0,0,0,0,0,0,0,0,92,18,2,2,1,0.0,0.0,0.0,2,0,77,85,90.6,333,67,42,0,0,07/26/20,Chelsea,Wolves
385,Ross Barkley,8.0,eng ENG,DM,3,0,0,0,0,0,0,0,0,3,1,0,0,0,0.0,0.0,0.0,0,0,3,3,100.0,33,3,0,0,0,07/26/20,Chelsea,Wolves
386,Marcos Alonso,3.0,es ESP,WB,90,0,0,0,0,2,0,0,0,84,14,4,1,2,0.1,0.1,0.1,3,1,57,67,85.1,448,43,130,1,2,07/26/20,Chelsea,Wolves
387,Reece James,24.0,eng ENG,WB,90,0,0,0,0,1,0,0,0,63,17,4,0,1,0.0,0.0,0.1,1,0,38,53,71.7,106,47,86,0,0,07/26/20,Chelsea,Wolves
388,Antonio Rudiger,2.0,de GER,CB,90,0,0,0,0,0,0,0,0,89,21,7,0,1,0.0,0.0,0.0,0,0,63,74,85.1,481,60,174,0,0,07/26/20,Chelsea,Wolves
389,Kurt Zouma,15.0,fr FRA,CB,90,0,0,0,0,0,0,0,0,80,2,2,2,2,0.0,0.0,0.0,0,0,57,62,91.9,263,51,63,0,0,07/26/20,Chelsea,Wolves
390,Cesar Azpilicueta,28.0,es ESP,CB,90,0,0,0,0,1,0,1,0,106,14,4,1,2,0.0,0.0,0.0,0,0,67,91,73.6,759,65,88,0,0,07/26/20,Chelsea,Wolves
391,Willy Caballero,13.0,ar ARG,GK,90,0,0,0,0,0,0,0,0,41,0,0,0,0,0.0,0.0,0.0,0,0,33,40,82.5,597,29,47,0,0,07/26/20,Chelsea,Wolves
392,Raul Jimenez,9.0,mx MEX,FW,90,0,0,0,0,2,0,0,0,44,19,1,0,1,0.1,0.1,0.0,0,0,10,28,35.7,53,31,76,0,0,07/26/20,Wolves,Chelsea
393,Diogo Jota,18.0,pt POR,LW,83,0,0,0,0,1,1,1,0,43,8,1,0,2,0.1,0.1,0.0,1,0,22,32,68.8,17,29,84,2,2,07/26/20,Wolves,Chelsea
394,Bruno JordÃ£o,6.0,pt POR,LW,7,0,0,0,0,0,0,0,0,6,0,0,0,1,0.0,0.0,0.0,0,0,2,5,40.0,11,5,27,0,0,07/26/20,Wolves,Chelsea
395,Pedro Neto,7.0,pt POR,RW,45,0,0,0,0,0,0,1,0,23,8,2,0,0,0.0,0.0,0.0,1,0,11,15,73.3,63,14,34,0,1,07/26/20,Wolves,Chelsea
396,Adama Traore,37.0,es ESP,RW,45,0,0,0,0,0,0,0,0,30,5,0,0,0,0.0,0.0,0.0,0,0,17,21,81.0,157,22,179,3,3,07/26/20,Wolves,Chelsea
397,Ruben Neves,8.0,pt POR,DM,58,0,0,0,0,2,0,0,0,41,16,1,0,2,0.0,0.0,0.1,1,0,27,35,77.1,176,22,27,0,0,07/26/20,Wolves,Chelsea
398,Joao Moutinho,28.0,pt POR,DM,32,0,0,0,0,0,0,0,0,21,11,3,0,0,0.0,0.0,0.0,0,0,15,17,88.2,105,10,18,1,1,07/26/20,Wolves,Chelsea
399,Leander Dendoncker,32.0,be BEL,DM,90,0,0,0,0,0,0,1,0,49,17,3,0,3,0.0,0.0,0.0,0,0,27,38,71.1,134,19,14,0,0,07/26/20,Wolves,Chelsea
400,Jonny,19.0,es ESP,WB,57,0,0,0,0,0,0,0,0,35,17,0,0,1,0.0,0.0,0.0,1,0,22,27,81.5,173,14,50,1,1,07/26/20,Wolves,Chelsea
401,Ruben Vinagre,29.0,pt POR,WB,33,0,0,0,0,0,0,0,0,17,9,1,1,0,0.0,0.0,0.0,0,0,7,8,87.5,62,9,36,0,1,07/26/20,Wolves,Chelsea
402,Matt Doherty,2.0,ie IRL,WB,58,0,0,0,0,0,0,0,0,40,8,1,0,2,0.0,0.0,0.1,2,0,24,34,70.6,200,23,60,2,2,07/26/20,Wolves,Chelsea
403,Daniel Podence,10.0,pt POR,WB,32,0,0,0,0,0,0,0,0,14,8,0,1,1,0.0,0.0,0.0,0,0,6,9,66.7,30,13,26,0,0,07/26/20,Wolves,Chelsea
404,Romain Saiss,27.0,ma MAR,CB,90,0,0,0,0,0,0,0,0,41,9,4,2,1,0.0,0.0,0.0,0,0,22,28,78.6,204,18,28,0,0,07/26/20,Wolves,Chelsea
405,Conor Coady,16.0,eng ENG,CB,90,0,0,0,0,0,0,0,0,46,11,1,2,0,0.0,0.0,0.0,0,0,22,35,62.9,269,22,45,0,0,07/26/20,Wolves,Chelsea
406,Willy Boly,15.0,fr FRA,CB,90,0,0,0,0,0,0,0,0,56,14,8,2,6,0.0,0.0,0.0,0,0,24,32,75.0,194,19,23,0,0,07/26/20,Wolves,Chelsea
407,Rui PatrÃ­cio,11.0,pt POR,GK,90,0,0,0,0,0,0,0,0,21,1,0,0,0,0.0,0.0,0.0,0,0,10,21,47.6,411,8,25,0,0,07/26/20,Wolves,Chelsea
408,Wilfried Zaha,11.0,ci CIV,FW,90,0,0,0,0,1,0,0,0,49,13,1,0,0,0.1,0.1,0.0,1,0,25,29,86.2,94,46,155,1,3,07/26/20,Crystal Palace,Tottenham
409,Jordan Ayew,9.0,gh GHA,FW,90,0,1,0,0,1,0,0,0,36,11,1,0,0,0.0,0.0,0.0,4,0,22,22,100.0,74,33,122,2,3,07/26/20,Crystal Palace,Tottenham
410,Jeffrey Schlupp,15.0,gh GHA,CM,84,1,0,0,0,2,2,0,0,46,13,1,2,2,0.2,0.2,0.0,0,0,26,33,78.8,94,31,106,1,2,07/26/20,Crystal Palace,Tottenham
411,Luka Milivojevic,4.0,rs SRB,CM,6,0,0,0,0,0,0,0,0,3,2,0,0,0,0.0,0.0,0.0,1,0,3,3,100.0,32,2,4,0,0,07/26/20,Crystal Palace,Tottenham
412,James McArthur,18.0,sco SCO,CM,69,0,0,0,0,1,0,0,0,60,17,5,1,1,0.0,0.0,0.0,1,0,44,52,84.6,325,43,102,0,0,07/26/20,Crystal Palace,Tottenham
413,Jairo Riedewald,44.0,nl NED,CM,21,0,0,0,0,0,0,0,0,14,4,0,0,0,0.0,0.0,0.0,0,0,11,13,84.6,57,9,4,0,0,07/26/20,Crystal Palace,Tottenham
414,James McCarthy,22.0,ie IRL,CM,90,0,0,0,0,0,0,1,0,71,17,5,2,0,0.0,0.0,0.1,4,1,44,60,73.3,287,44,85,0,0,07/26/20,Crystal Palace,Tottenham
415,Andros Townsend,10.0,eng ENG,CM,90,0,0,0,0,2,0,0,0,58,16,3,2,7,0.0,0.0,0.2,3,0,29,39,74.4,282,46,189,3,3,07/26/20,Crystal Palace,Tottenham
416,Tyrick Mitchell,39.0,eng ENG,LB,90,0,0,0,0,0,0,1,0,63,24,4,1,2,0.0,0.0,0.1,2,0,42,52,80.8,425,33,70,1,1,07/26/20,Crystal Palace,Tottenham
417,Scott Dann,6.0,eng ENG,CB,90,0,0,0,0,3,0,0,0,52,0,0,0,0,0.1,0.1,0.0,0,0,35,44,79.5,306,24,46,0,0,07/26/20,Crystal Palace,Tottenham
418,Cheikhou Kouyate,8.0,sn SEN,CB,90,0,0,0,0,1,0,1,0,50,7,1,1,2,0.1,0.1,0.0,0,0,33,43,76.7,218,27,86,1,1,07/26/20,Crystal Palace,Tottenham
419,Joel Ward,2.0,eng ENG,RB,90,0,0,0,0,1,0,0,0,66,5,2,2,0,0.1,0.1,0.0,1,1,39,59,66.1,237,33,94,0,0,07/26/20,Crystal Palace,Tottenham
420,Vicente Guaita,31.0,es ESP,GK,90,0,0,0,0,0,0,0,0,22,1,0,0,0,0.0,0.0,0.0,0,0,13,22,59.1,356,9,31,0,0,07/26/20,Crystal Palace,Tottenham
421,Harry Kane,10.0,eng ENG,FW,90,1,0,0,0,1,1,0,0,23,12,0,0,2,0.2,0.2,0.0,0,0,9,13,69.2,29,18,43,0,1,07/26/20,Tottenham,Crystal Palace
422,Son Heung-Min,7.0,kr KOR,LW,79,0,0,0,0,1,0,0,0,50,13,3,2,2,0.0,0.0,0.0,2,0,24,33,72.7,74,41,120,3,6,07/26/20,Tottenham,Crystal Palace
423,Dele Alli,20.0,eng ENG,LW,11,0,0,0,0,0,0,0,0,11,4,1,1,1,0.0,0.0,0.0,0,0,3,7,42.9,15,6,0,0,0,07/26/20,Tottenham,Crystal Palace
424,Lucas Moura,27.0,br BRA,RW,89,0,0,0,0,1,0,0,0,49,22,5,0,1,0.1,0.1,0.0,0,0,19,31,61.3,92,38,143,5,6,07/26/20,Tottenham,Crystal Palace
425,Davinson Sanchez,6.0,co COL,CB,1,0,0,0,0,0,0,0,0,1,1,0,1,0,0.0,0.0,0.0,0,0,0,0,,0,0,0,0,0,07/26/20,Tottenham,Crystal Palace
426,Giovani Lo Celso,18.0,ar ARG,AM,59,0,1,0,0,1,1,0,0,52,19,5,1,2,0.0,0.0,0.3,2,1,32,39,82.1,151,39,72,1,3,07/26/20,Tottenham,Crystal Palace
427,Steven Bergwijn,23.0,nl NED,AM,31,0,0,0,0,0,0,0,0,18,7,1,0,0,0.0,0.0,0.0,0,0,15,16,93.8,62,14,6,1,1,07/26/20,Tottenham,Crystal Palace
428,Harry Winks,8.0,eng ENG,DM,90,0,0,0,0,1,0,0,0,76,12,1,2,0,0.0,0.0,0.0,0,0,60,69,87.0,398,58,135,0,0,07/26/20,Tottenham,Crystal Palace
429,Moussa Sissoko,17.0,fr FRA,DM,79,0,0,0,0,0,0,0,0,50,13,4,6,2,0.0,0.0,0.0,0,0,36,37,97.3,91,36,105,1,3,07/26/20,Tottenham,Crystal Palace
430,Oliver Skipp,29.0,eng ENG,DM,11,0,0,0,0,0,0,0,0,10,1,1,0,1,0.0,0.0,0.0,0,0,6,9,66.7,20,7,10,0,0,07/26/20,Tottenham,Crystal Palace
431,Ben Davies,33.0,wal WAL,LB,90,0,0,0,0,1,0,0,0,66,11,0,3,2,0.0,0.0,0.1,2,0,34,51,66.7,217,35,79,0,2,07/26/20,Tottenham,Crystal Palace
432,Eric Dier,15.0,eng ENG,CB,90,0,0,0,0,0,0,1,0,74,6,0,3,0,0.0,0.0,0.0,0,0,61,66,92.4,570,56,174,1,2,07/26/20,Tottenham,Crystal Palace
433,Toby Alderweireld,4.0,be BEL,CB,90,0,0,0,0,1,0,1,0,63,14,4,2,0,0.1,0.1,0.0,0,0,46,55,83.6,279,39,57,0,0,07/26/20,Tottenham,Crystal Palace
434,Serge Aurier,24.0,ci CIV,RB,90,0,0,0,0,0,0,0,0,76,20,6,3,2,0.0,0.0,0.0,0,0,52,63,82.5,299,51,108,0,2,07/26/20,Tottenham,Crystal Palace
435,Hugo Lloris,1.0,fr FRA,GK,90,0,0,0,0,0,0,0,0,27,0,0,0,0,0.0,0.0,0.0,0,0,21,26,80.8,553,10,17,0,0,07/26/20,Tottenham,Crystal Palace
436,Moise Kean,27.0,it ITA,FW,69,1,0,0,0,4,3,0,0,24,5,0,1,1,1.4,1.4,0.4,6,0,8,11,72.7,59,16,19,4,7,07/26/20,Everton,Bournemouth
437,Dominic Calvert-Lewin,9.0,eng ENG,FW,21,0,0,0,0,0,0,0,0,10,2,0,0,0,0.0,0.0,0.0,1,0,5,6,83.3,0,4,9,0,0,07/26/20,Everton,Bournemouth
438,Richarlison,7.0,br BRA,LW,90,0,0,0,0,4,0,0,0,49,15,4,0,1,0.3,0.3,0.0,1,0,30,37,81.1,138,37,79,0,0,07/26/20,Everton,Bournemouth
439,Theo Walcott,11.0,eng ENG,RW,57,0,1,0,0,1,1,0,0,36,2,0,0,1,0.3,0.3,1.0,4,1,20,27,74.1,90,27,81,1,2,07/26/20,Everton,Bournemouth
440,Anthony Gordon,42.0,eng ENG,RW,33,0,0,0,0,1,0,0,0,27,8,1,0,1,0.1,0.1,0.0,0,0,14,19,73.7,31,22,62,0,2,07/26/20,Everton,Bournemouth
441,Gylfi Sigurdsson,10.0,is ISL,AM,90,0,0,0,0,1,0,0,0,74,18,4,2,1,0.0,0.0,0.1,2,0,56,61,91.8,184,60,76,1,1,07/26/20,Everton,Bournemouth
442,Tom Davies,26.0,eng ENG,CM,69,0,0,0,0,0,0,0,0,70,13,4,1,0,0.0,0.0,0.0,1,0,50,58,86.2,255,51,182,0,1,07/26/20,Everton,Bournemouth
443,Bernard,20.0,br BRA,CM,21,0,0,0,0,0,0,0,0,16,5,0,0,0,0.0,0.0,0.2,1,0,12,14,85.7,66,12,21,0,0,07/26/20,Everton,Bournemouth
444,Andre Gomes,21.0,pt POR,CM,90,0,0,0,0,0,0,0,0,117,16,1,0,2,0.0,0.0,0.0,2,0,96,110,87.3,559,95,310,2,2,07/26/20,Everton,Bournemouth
445,Lucas Digne,12.0,fr FRA,LB,69,0,0,0,0,0,0,0,0,66,6,1,0,2,0.0,0.0,0.4,2,0,46,58,79.3,334,33,128,1,1,07/26/20,Everton,Bournemouth
446,Leighton Baines,3.0,eng ENG,LB,21,0,0,0,0,0,0,0,0,21,2,0,0,0,0.0,0.0,0.1,1,0,21,21,100.0,114,16,18,0,0,07/26/20,Everton,Bournemouth
447,Jarrad Branthwaite,32.0,eng ENG,CB,90,0,0,0,0,0,0,0,0,103,13,3,1,1,0.0,0.0,0.0,0,0,83,89,93.3,525,77,179,0,0,07/26/20,Everton,Bournemouth
448,Michael Keane,5.0,eng ENG,CB,90,0,0,0,0,1,0,1,0,113,6,2,1,4,0.1,0.1,0.0,1,0,90,96,93.8,459,85,214,0,0,07/26/20,Everton,Bournemouth
449,Seamus Coleman,23.0,ie IRL,RB,57,0,0,0,0,1,1,0,0,45,12,3,0,2,0.1,0.1,0.0,1,1,29,36,80.6,147,34,133,1,1,07/26/20,Everton,Bournemouth
450,Djibril Sidibe,19.0,fr FRA,RB,33,0,0,0,0,0,0,0,0,52,7,0,0,0,0.0,0.0,0.1,1,0,42,48,87.5,205,37,95,0,0,07/26/20,Everton,Bournemouth
451,Jordan Pickford,1.0,eng ENG,GK,90,0,0,0,0,0,0,0,0,38,0,0,0,0,0.0,0.0,0.0,0,0,33,36,91.7,436,23,105,0,0,07/26/20,Everton,Bournemouth
452,Dominic Solanke,9.0,eng ENG,FW,63,1,0,0,0,2,1,0,0,29,13,1,1,0,0.2,0.2,0.0,2,1,8,15,53.3,27,18,67,0,1,07/26/20,Bournemouth,Everton
453,Philip Billing,29.0,dk DEN,"CM,FW",27,0,0,0,0,0,0,0,0,19,8,1,1,1,0.0,0.0,0.0,0,0,11,14,78.6,52,7,32,0,0,07/26/20,Bournemouth,Everton
454,Callum Wilson,13.0,eng ENG,FW,90,0,0,0,0,3,3,0,0,37,24,0,0,0,0.4,0.4,0.0,1,0,17,25,68.0,83,27,84,0,0,07/26/20,Bournemouth,Everton
455,Joshua King,7.0,no NOR,CM,87,1,1,1,1,1,1,0,0,43,15,1,0,1,1.0,0.2,0.3,5,1,21,29,72.4,129,37,196,4,6,07/26/20,Bournemouth,Everton
456,Harry Wilson,22.0,wal WAL,CM,3,0,0,0,0,1,0,0,0,4,1,0,0,0,0.0,0.0,0.0,0,0,2,3,66.7,28,2,11,0,0,07/26/20,Bournemouth,Everton
457,Jefferson Lerma,8.0,co COL,"CM,DM",90,0,0,0,0,1,0,0,0,38,15,3,1,2,0.1,0.1,0.0,0,0,20,24,83.3,191,17,16,1,1,07/26/20,Bournemouth,Everton
458,Dan Gosling,4.0,eng ENG,CM,90,0,0,0,0,1,0,0,0,47,26,1,2,2,0.0,0.0,0.0,0,0,26,34,76.5,179,22,57,2,2,07/26/20,Bournemouth,Everton
459,David Brooks,20.0,wal WAL,CM,63,0,0,0,0,2,0,0,0,31,15,0,1,2,0.1,0.1,0.1,2,1,14,20,70.0,52,18,83,1,2,07/26/20,Bournemouth,Everton
460,Junior Stanislas,19.0,eng ENG,CM,27,1,0,0,0,1,1,0,0,22,2,1,0,0,0.0,0.0,0.0,2,1,11,17,64.7,75,17,41,1,2,07/26/20,Bournemouth,Everton
461,Diego Rico,21.0,es ESP,LB,90,0,1,0,0,0,0,0,0,71,16,7,2,6,0.0,0.0,0.2,4,1,39,55,70.9,552,20,74,0,0,07/26/20,Bournemouth,Everton
462,Lloyd Kelly,26.0,eng ENG,CB,90,0,0,0,0,0,0,0,0,29,8,1,2,2,0.0,0.0,0.0,0,0,12,23,52.2,102,9,73,0,0,07/26/20,Bournemouth,Everton
463,Steve Cook,3.0,eng ENG,CB,90,0,0,0,0,0,0,0,0,24,4,1,1,2,0.0,0.0,0.0,0,0,7,13,53.8,36,4,11,0,0,07/26/20,Bournemouth,Everton
464,Adam Smith,15.0,eng ENG,RB,90,0,0,0,0,0,0,0,0,40,14,1,1,2,0.0,0.0,0.0,1,0,26,34,76.5,293,15,86,1,1,07/26/20,Bournemouth,Everton
465,Aaron Ramsdale,12.0,eng ENG,GK,90,0,0,0,0,0,0,0,0,22,0,0,0,0,0.0,0.0,0.1,1,0,9,21,42.9,467,9,41,0,0,07/26/20,Bournemouth,Everton
466,Alexandre Lacazette,9.0,fr FRA,FW,56,0,0,0,0,0,0,0,0,17,6,1,0,1,0.0,0.0,0.0,1,1,5,9,55.6,21,9,10,1,3,07/26/20,Arsenal,Watford
467,Eddie Nketiah,30.0,eng ENG,FW,34,0,0,0,0,0,0,0,0,21,7,2,0,1,0.0,0.0,0.3,4,0,14,14,100.0,49,15,27,3,4,07/26/20,Arsenal,Watford
468,Pierre-Emerick Aubameyang,14.0,ga GAB,LW,90,2,1,1,1,3,2,0,0,42,11,1,2,3,1.1,0.4,0.1,1,1,22,29,75.9,93,26,143,1,2,07/26/20,Arsenal,Watford
469,Nicolas Pepe,19.0,ci CIV,RW,71,0,0,0,0,1,0,0,0,35,4,1,0,2,0.0,0.0,0.1,5,1,24,26,92.3,143,31,164,3,5,07/26/20,Arsenal,Watford
470,Reiss Nelson,24.0,eng ENG,RW,19,0,0,0,0,1,0,0,0,12,3,0,0,0,0.1,0.1,0.1,3,0,6,9,66.7,35,14,53,3,4,07/26/20,Arsenal,Watford
471,Joseph Willock,28.0,eng ENG,AM,56,0,0,0,0,1,0,0,0,19,8,1,0,0,0.1,0.1,0.0,0,0,11,15,73.3,41,20,120,2,3,07/26/20,Arsenal,Watford
472,Sead Kolasinac,31.0,ba BIH,"CB,AM",34,0,0,0,0,0,0,0,0,18,8,1,0,2,0.0,0.0,0.0,0,0,13,16,81.3,91,9,23,0,0,07/26/20,Arsenal,Watford
473,Granit Xhaka,34.0,ch SUI,"CM,DM",90,0,0,0,0,0,0,1,0,74,13,1,1,1,0.0,0.0,0.0,0,0,57,67,85.1,241,55,189,3,3,07/26/20,Arsenal,Watford
474,Dani Ceballos,8.0,es ESP,"CM,DM",71,0,0,0,0,0,0,0,0,60,12,1,2,3,0.0,0.0,0.2,2,0,46,53,86.8,275,47,123,3,3,07/26/20,Arsenal,Watford
475,Lucas Torreira,11.0,uy URU,DM,19,0,0,0,0,0,0,0,0,9,3,0,0,0,0.0,0.0,0.0,0,0,7,7,100.0,30,6,11,0,1,07/26/20,Arsenal,Watford
476,Kieran Tierney,3.0,sco SCO,"LB,WB",90,1,1,0,0,2,1,0,0,46,8,2,1,2,0.1,0.1,0.1,2,2,25,33,75.8,210,26,113,1,2,07/26/20,Arsenal,Watford
477,David Luiz,23.0,br BRA,CB,90,0,0,0,0,1,0,0,0,41,3,1,0,2,0.0,0.0,0.0,1,1,26,32,81.3,314,22,104,0,0,07/26/20,Arsenal,Watford
478,Rob Holding,16.0,eng ENG,CB,90,0,0,0,0,1,0,1,0,70,8,1,0,7,0.1,0.1,0.0,1,0,38,48,79.2,304,37,143,0,0,07/26/20,Arsenal,Watford
479,Ainsley Maitland-Niles,15.0,eng ENG,"RB,WB",90,0,0,0,0,1,1,0,0,76,7,2,1,1,0.1,0.1,0.0,2,0,57,68,83.8,290,51,155,2,3,07/26/20,Arsenal,Watford
480,Emiliano MartÃ­nez,26.0,ar ARG,GK,90,0,0,0,0,0,0,1,0,37,0,0,0,0,0.0,0.0,0.0,0,0,27,34,79.4,391,23,52,0,0,07/26/20,Arsenal,Watford
481,Troy Deeney,9.0,eng ENG,FW,90,1,0,1,1,3,0,0,0,52,17,0,0,1,1.1,0.3,0.4,4,0,24,39,61.5,149,30,106,2,2,07/26/20,Watford,Arsenal
482,Danny Welbeck,10.0,eng ENG,FW,90,1,0,0,0,5,3,0,0,32,11,0,1,2,1.6,1.6,0.0,2,1,16,18,88.9,22,13,56,0,0,07/26/20,Watford,Arsenal
483,Roberto Pereyra,37.0,ar ARG,AM,87,0,0,0,0,2,1,1,0,54,24,0,2,4,0.3,0.3,0.0,1,0,36,43,83.7,156,39,174,2,2,07/26/20,Watford,Arsenal
484,Joao Pedro,17.0,br BRA,AM,3,0,0,0,0,0,0,0,0,4,1,0,0,0,0.0,0.0,0.2,2,0,2,3,66.7,17,6,94,2,2,07/26/20,Watford,Arsenal
485,Ismaila Sarr,23.0,sn SEN,AM,90,0,1,0,0,2,1,0,0,58,12,0,1,0,0.1,0.1,1.3,5,1,36,44,81.8,192,48,387,2,4,07/26/20,Watford,Arsenal
486,Abdoulaye Doucoure,16.0,fr FRA,CM,80,0,0,0,0,2,0,0,0,65,17,2,1,1,0.2,0.2,0.0,4,1,42,57,73.7,191,43,194,2,3,07/26/20,Watford,Arsenal
487,Tom Cleverley,8.0,eng ENG,CM,10,0,0,0,0,0,0,0,0,10,0,0,0,0,0.0,0.0,0.0,1,0,5,8,62.5,30,6,9,0,0,07/26/20,Watford,Arsenal
488,Will Hughes,19.0,eng ENG,CM,80,0,0,0,0,0,0,1,0,47,12,0,0,0,0.0,0.0,0.0,3,0,34,43,79.1,246,30,115,2,2,07/26/20,Watford,Arsenal
489,Nathaniel Chalobah,14.0,eng ENG,CM,10,0,0,0,0,0,0,0,0,16,2,1,0,0,0.0,0.0,0.2,1,0,11,14,78.6,37,12,57,0,1,07/26/20,Watford,Arsenal
490,Adam Masina,11.0,it ITA,LB,90,0,0,0,0,2,0,0,0,46,14,2,1,1,0.3,0.3,0.0,1,0,33,39,84.6,289,24,75,0,0,07/26/20,Watford,Arsenal
491,Craig Dawson,4.0,eng ENG,CB,90,0,0,0,0,2,0,1,0,57,10,3,2,0,0.2,0.2,0.0,2,0,42,47,89.4,358,35,60,0,0,07/26/20,Watford,Arsenal
492,Christian Kabasele,27.0,be BEL,CB,90,0,0,0,0,0,0,0,0,39,11,2,2,3,0.0,0.0,0.0,0,0,30,30,100.0,351,19,46,0,0,07/26/20,Watford,Arsenal
493,Kiko Femenia,21.0,es ESP,RB,44,0,0,0,0,0,0,0,0,25,5,0,0,1,0.0,0.0,0.1,4,0,19,23,82.6,182,15,49,1,1,07/26/20,Watford,Arsenal
494,Adrian Mariappa,6.0,jm JAM,RB,46,0,0,0,0,0,0,0,0,38,4,1,0,0,0.0,0.0,0.0,1,1,26,33,78.8,284,11,16,0,0,07/26/20,Watford,Arsenal
495,Ben Foster,26.0,eng ENG,GK,90,0,0,0,0,0,0,0,0,24,0,0,0,0,0.0,0.0,0.0,0,0,13,21,61.9,439,12,76,0,0,07/26/20,Watford,Arsenal
496,Gabriel Jesus,9.0,br BRA,FW,90,1,0,0,0,5,3,0,0,50,14,1,1,2,0.9,0.9,0.2,4,0,35,39,89.7,129,40,73,3,3,07/26/20,Manchester City,Norwich City
497,Phil Foden,47.0,eng ENG,"LW,RW",45,0,0,0,0,3,1,0,0,51,6,0,2,1,0.2,0.2,0.2,2,0,38,46,82.6,131,42,127,1,1,07/26/20,Manchester City,Norwich City
498,Riyad Mahrez,26.0,dz ALG,RW,45,1,0,0,0,5,1,0,0,37,7,2,0,0,0.4,0.4,0.0,4,1,25,28,89.3,173,32,185,2,3,07/26/20,Manchester City,Norwich City
499,Raheem Sterling,7.0,eng ENG,"LW,RW",90,1,0,0,0,5,1,0,0,50,8,0,1,0,0.9,0.9,0.3,5,0,35,41,85.4,88,38,138,1,2,07/26/20,Manchester City,Norwich City
500,David Silva,21.0,es ESP,CM,84,0,0,0,0,5,1,0,0,70,10,3,0,0,0.4,0.4,0.1,8,2,49,57,86.0,88,59,121,1,1,07/26/20,Manchester City,Norwich City
501,Bernardo Silva,20.0,pt POR,CM,6,0,0,0,0,0,0,0,0,2,0,0,0,0,0.0,0.0,0.0,0,0,1,2,50.0,0,2,0,0,0,07/26/20,Manchester City,Norwich City
502,Kevin De Bruyne,17.0,be BEL,CM,90,2,1,0,0,3,2,0,0,80,14,2,1,1,0.2,0.2,0.9,15,1,52,69,75.4,393,59,196,3,4,07/26/20,Manchester City,Norwich City
503,Rodrigo,16.0,es ESP,DM,45,0,0,0,0,0,0,0,0,49,9,0,0,1,0.0,0.0,0.0,3,0,44,47,93.6,171,42,55,0,0,07/26/20,Manchester City,Norwich City
504,Ilkay Gundogan,8.0,de GER,DM,45,0,0,0,0,1,0,0,0,32,6,1,0,1,0.0,0.0,0.0,1,0,25,27,92.6,109,22,51,1,1,07/26/20,Manchester City,Norwich City
505,Joao Cancelo,27.0,pt POR,LB,90,0,0,0,0,2,0,1,0,97,9,0,1,1,0.1,0.1,0.1,3,0,81,90,90.0,335,88,197,9,10,07/26/20,Manchester City,Norwich City
506,Aymeric Laporte,14.0,fr FRA,CB,90,0,0,0,0,0,0,0,0,100,3,0,1,0,0.0,0.0,0.0,0,0,92,98,93.9,577,84,437,0,0,07/26/20,Manchester City,Norwich City
507,Eric Garcia,50.0,es ESP,CB,45,0,0,0,0,0,0,0,0,48,1,0,1,0,0.0,0.0,0.0,1,0,46,46,100.0,230,42,128,0,0,07/26/20,Manchester City,Norwich City
508,Fernandinho,25.0,br BRA,CB,45,0,0,0,0,2,0,0,0,59,2,1,1,2,0.2,0.2,0.0,0,0,51,53,96.2,380,47,294,0,0,07/26/20,Manchester City,Norwich City
509,Kyle Walker,2.0,eng ENG,RB,90,0,1,0,0,0,0,0,0,91,5,1,1,0,0.0,0.0,0.3,4,1,81,87,93.1,342,73,285,3,3,07/26/20,Manchester City,Norwich City
510,Ederson,31.0,br BRA,GK,90,0,0,0,0,0,0,0,0,32,0,0,0,0,0.0,0.0,0.0,0,0,27,29,93.1,415,20,67,0,0,07/26/20,Manchester City,Norwich City
511,Teemu Pukki,22.0,fi FIN,FW,76,0,0,0,0,1,1,0,0,13,6,0,0,0,0.3,0.3,0.0,1,0,6,10,60.0,0,8,28,0,0,07/26/20,Norwich City,Manchester City
512,Adam Idah,35.0,ie IRL,FW,14,0,0,0,0,1,1,0,0,8,1,0,0,0,0.1,0.1,0.0,0,0,5,6,83.3,3,3,14,0,0,07/26/20,Norwich City,Manchester City
513,Onel Hernandez,11.0,cu CUB,LW,86,0,0,0,0,1,1,0,0,22,10,1,2,0,0.4,0.4,0.0,2,0,10,15,66.7,18,20,121,5,6,07/26/20,Norwich City,Manchester City
514,Josh Martin,56.0,eng ENG,LW,4,0,0,0,0,1,1,0,0,1,1,0,0,0,0.2,0.2,0.0,0,0,0,0,,0,0,0,0,0,07/26/20,Norwich City,Manchester City
515,Todd Cantwell,14.0,eng ENG,RW,89,0,0,0,0,1,0,0,0,32,28,1,0,1,0.2,0.2,0.2,1,0,19,24,79.2,108,23,106,0,0,07/26/20,Norwich City,Manchester City
516,Jordan Thomas,41.0,eng ENG,RW,1,0,0,0,0,0,0,0,0,0,0,0,0,0,0.0,0.0,0.0,0,0,0,0,,0,0,0,0,0,07/26/20,Norwich City,Manchester City
517,Marco Stiepermann,18.0,de GER,AM,76,0,0,0,0,0,0,0,0,30,7,2,0,1,0.0,0.0,0.0,0,0,12,24,50.0,67,18,46,0,0,07/26/20,Norwich City,Manchester City
518,Mario Vrancic,8.0,ba BIH,AM,14,0,0,0,0,0,0,0,0,6,1,0,0,0,0.0,0.0,0.0,0,0,2,6,33.3,0,5,21,0,0,07/26/20,Norwich City,Manchester City
519,Kenny McLean,23.0,sco SCO,CM,89,0,0,0,0,0,0,0,0,30,12,1,0,0,0.0,0.0,0.4,0,0,16,23,69.6,118,15,43,0,0,07/26/20,Norwich City,Manchester City
520,Akin Famewo,43.0,eng ENG,CM,1,0,0,0,0,0,0,0,0,0,0,0,0,0,0.0,0.0,0.0,0,0,0,0,,0,0,0,0,0,07/26/20,Norwich City,Manchester City
521,Lukas Rupp,7.0,de GER,CM,90,0,0,0,0,0,0,0,0,39,16,1,5,2,0.0,0.0,0.3,2,0,25,29,86.2,150,25,30,1,2,07/26/20,Norwich City,Manchester City
522,Jamal Lewis,12.0,nir NIR,LB,90,0,0,0,0,0,0,0,0,33,18,2,0,3,0.0,0.0,0.0,0,0,23,25,92.0,137,18,20,0,0,07/26/20,Norwich City,Manchester City
523,Ben Godfrey,4.0,eng ENG,CB,90,0,0,0,0,0,0,0,0,41,8,0,2,3,0.0,0.0,0.0,0,0,17,28,60.7,36,19,35,0,0,07/26/20,Norwich City,Manchester City
524,Christoph Zimmermann,6.0,de GER,CB,90,0,0,0,0,0,0,1,0,27,11,1,2,3,0.0,0.0,0.0,0,0,7,16,43.8,52,11,30,0,0,07/26/20,Norwich City,Manchester City
525,Max Aarons,2.0,eng ENG,RB,90,0,0,0,0,0,0,0,0,32,9,1,2,5,0.0,0.0,0.0,1,0,16,21,76.2,147,16,39,2,2,07/26/20,Norwich City,Manchester City
526,Tim Krul,1.0,nl NED,GK,90,0,0,0,0,0,0,0,0,57,0,0,0,0,0.0,0.0,0.0,0,0,32,50,64.0,722,12,29,0,0,07/26/20,Norwich City,Manchester City
527,Dwight Gayle,12.0,eng ENG,FW,69,1,0,0,0,1,1,0,0,18,12,2,0,1,0.3,0.3,0.0,0,0,7,9,77.8,4,6,8,0,0,07/26/20,Newcastle Utd,Liverpool
528,Andy Carroll,7.0,eng ENG,FW,21,0,0,0,0,0,0,0,0,5,1,0,0,0,0.0,0.0,0.0,0,0,1,1,100.0,9,2,2,0,1,07/26/20,Newcastle Utd,Liverpool
529,Allan Saint-Maximin,10.0,fr FRA,FW,45,0,0,0,0,0,0,0,0,9,7,0,0,0,0.0,0.0,0.0,1,1,5,6,83.3,7,8,7,0,0,07/26/20,Newcastle Utd,Liverpool
530,Joelinton,9.0,br BRA,FW,45,0,0,0,0,0,0,0,0,21,9,1,0,2,0.0,0.0,0.0,1,0,7,11,63.6,14,15,61,1,1,07/26/20,Newcastle Utd,Liverpool
531,Miguel Almiron,24.0,py PAR,CM,69,0,0,0,0,0,0,0,0,28,24,5,1,1,0.0,0.0,0.0,0,0,12,19,63.2,14,17,118,1,1,07/26/20,Newcastle Utd,Liverpool
532,Isaac Hayden,14.0,eng ENG,CM,21,0,0,0,0,0,0,0,0,3,4,0,0,0,0.0,0.0,0.0,0,0,2,2,100.0,3,2,0,0,0,07/26/20,Newcastle Utd,Liverpool
533,Jonjo Shelvey,8.0,eng ENG,CM,90,0,1,0,0,0,0,0,0,37,14,0,1,1,0.0,0.0,0.4,3,1,22,32,68.8,149,16,34,1,1,07/26/20,Newcastle Utd,Liverpool
534,Nabil Bentaleb,42.0,dz ALG,DM,48,0,0,0,0,0,0,0,0,22,11,4,0,0,0.0,0.0,0.0,0,0,13,17,76.5,33,5,3,0,0,07/26/20,Newcastle Utd,Liverpool
535,Sean Longstaff,36.0,eng ENG,DM,42,0,0,0,0,1,0,0,0,23,20,5,0,1,0.1,0.1,0.0,0,0,12,14,85.7,54,12,21,0,0,07/26/20,Newcastle Utd,Liverpool
536,Matt Ritchie,11.0,sco SCO,WB,90,0,0,0,0,0,0,0,0,65,8,3,0,4,0.0,0.0,0.0,1,0,29,49,59.2,212,24,101,1,2,07/26/20,Newcastle Utd,Liverpool
537,Valentino Lazaro,23.0,at AUT,WB,90,0,0,0,0,0,0,0,0,35,12,3,1,3,0.0,0.0,0.0,0,0,20,27,74.1,191,19,37,2,2,07/26/20,Newcastle Utd,Liverpool
538,Danny Rose,28.0,eng ENG,CB,73,0,0,0,0,0,0,0,0,26,9,1,1,1,0.0,0.0,0.0,0,0,15,20,75.0,59,10,22,0,0,07/26/20,Newcastle Utd,Liverpool
539,Kelland Watts,49.0,eng ENG,CB,17,0,0,0,0,0,0,0,0,5,0,1,0,0,0.0,0.0,0.0,0,0,1,4,25.0,3,3,5,0,0,07/26/20,Newcastle Utd,Liverpool
540,Federico Fernandez,18.0,ar ARG,CB,90,0,0,0,0,1,1,1,0,36,4,1,2,2,0.0,0.0,0.0,0,0,14,21,66.7,108,19,40,0,0,07/26/20,Newcastle Utd,Liverpool
541,Javier Manquillo,19.0,es ESP,CB,90,0,0,0,0,0,0,0,0,37,9,5,3,3,0.0,0.0,0.0,0,0,21,22,95.5,111,14,9,0,0,07/26/20,Newcastle Utd,Liverpool
542,Martin DÃºbravka,1.0,sk SVK,GK,90,0,0,0,0,0,0,0,0,34,0,0,0,0,0.0,0.0,0.0,0,0,11,31,35.5,375,17,66,0,0,07/26/20,Newcastle Utd,Liverpool
543,Divock Origi,27.0,be BEL,FW,63,1,0,0,0,2,1,0,0,30,10,0,0,0,0.0,0.0,0.0,1,0,16,23,69.6,22,27,85,1,3,07/26/20,Liverpool,Newcastle Utd
544,Mohamed Salah,11.0,eg EGY,RW,27,0,0,0,0,3,0,0,0,25,1,0,0,0,0.3,0.3,0.0,1,0,17,21,81.0,94,19,70,1,1,07/26/20,Liverpool,Newcastle Utd
545,Takumi Minamino,18.0,jp JPN,LW,63,0,0,0,0,2,2,0,0,34,4,0,0,1,0.1,0.1,0.0,1,0,26,28,92.9,43,29,64,0,2,07/26/20,Liverpool,Newcastle Utd
546,Sadio Mane,10.0,sn SEN,LW,27,1,0,0,0,1,1,0,0,23,0,0,0,0,0.0,0.0,0.0,2,1,12,14,85.7,79,18,26,0,2,07/26/20,Liverpool,Newcastle Utd
547,Alex Oxlade-Chamberlain,15.0,eng ENG,RW,63,0,1,0,0,1,0,0,0,30,14,0,0,0,0.0,0.0,0.1,2,2,18,22,81.8,94,24,66,1,2,07/26/20,Liverpool,Newcastle Utd
548,Roberto Firmino,9.0,br BRA,FW,27,0,1,0,0,0,0,0,0,27,5,2,0,0,0.0,0.0,0.2,2,1,15,19,78.9,93,19,34,0,5,07/26/20,Liverpool,Newcastle Utd
549,James Milner,7.0,eng ENG,CM,90,0,0,0,0,0,0,0,0,108,14,2,1,2,0.0,0.0,0.1,2,0,94,99,94.9,499,81,238,3,4,07/26/20,Liverpool,Newcastle Utd
550,Naby Keita,8.0,gn GUI,CM,84,0,0,0,0,2,0,0,0,78,24,4,0,1,0.1,0.1,0.0,1,0,59,66,89.4,149,53,155,1,2,07/26/20,Liverpool,Newcastle Utd
551,Curtis Jones,48.0,eng ENG,CM,6,0,0,0,0,0,0,0,0,7,3,0,0,0,0.0,0.0,0.0,0,0,6,7,85.7,13,7,25,1,1,07/26/20,Liverpool,Newcastle Utd
552,Georginio Wijnaldum,5.0,nl NED,DM,90,0,0,0,0,0,0,0,0,96,11,1,1,2,0.0,0.0,0.0,2,0,80,86,93.0,258,74,142,3,6,07/26/20,Liverpool,Newcastle Utd
553,Andrew Robertson,26.0,sco SCO,LB,90,0,1,0,0,0,0,0,0,142,8,0,1,0,0.0,0.0,0.1,4,1,114,135,84.4,706,100,267,1,3,07/26/20,Liverpool,Newcastle Utd
554,Virgil van Dijk,4.0,nl NED,CB,90,1,0,0,0,2,2,0,0,111,1,0,1,1,0.1,0.1,0.0,1,1,98,105,93.3,575,82,162,0,0,07/26/20,Liverpool,Newcastle Utd
555,Joseph Gomez,12.0,eng ENG,CB,90,0,0,0,0,0,0,0,0,120,2,0,4,0,0.0,0.0,0.0,0,0,98,112,87.5,586,79,231,2,3,07/26/20,Liverpool,Newcastle Utd
556,Neco Williams,76.0,wal WAL,RB,84,0,0,0,0,1,0,0,0,77,13,2,3,2,0.0,0.0,0.0,0,0,51,65,78.5,197,46,104,2,7,07/26/20,Liverpool,Newcastle Utd
557,Trent Alexander-Arnold,66.0,eng ENG,RB,6,0,0,0,0,0,0,0,0,7,1,0,0,0,0.0,0.0,0.0,0,0,7,7,100.0,56,6,24,0,0,07/26/20,Liverpool,Newcastle Utd
558,Alisson,1.0,br BRA,GK,90,0,0,0,0,0,0,0,0,26,0,0,0,0,0.0,0.0,0.0,0,0,24,24,100.0,336,16,28,0,0,07/26/20,Liverpool,Newcastle Utd
559,Jamie Vardy,9.0,eng ENG,FW,90,0,0,0,0,3,0,0,0,23,6,1,0,0,0.4,0.4,0.0,2,0,10,12,83.3,14,13,49,1,1,07/26/20,Leicester City,Manchester Utd
560,Kelechi Iheanacho,14.0,ng NGA,FW,57,0,0,0,0,2,1,0,0,40,19,1,0,1,0.2,0.2,0.1,3,0,26,27,96.3,49,33,141,0,0,07/26/20,Leicester City,Manchester Utd
561,Ayoze Perez,17.0,es ESP,"CM,FW",33,0,0,0,0,0,0,0,0,17,7,2,0,0,0.0,0.0,0.0,1,0,7,8,87.5,11,13,24,0,1,07/26/20,Leicester City,Manchester Utd
562,Youri Tielemans,8.0,be BEL,CM,72,0,0,0,0,2,0,0,0,52,16,2,1,2,0.2,0.2,0.1,4,0,32,42,76.2,153,30,57,0,1,07/26/20,Leicester City,Manchester Utd
563,Harvey Barnes,15.0,eng ENG,"FW,WB",18,0,0,0,0,1,1,0,0,5,0,0,0,0,0.3,0.3,0.0,0,0,3,3,100.0,22,4,3,0,0,07/26/20,Leicester City,Manchester Utd
564,Hamza Choudhury,20.0,eng ENG,CM,72,0,0,0,0,0,0,0,0,32,15,0,0,0,0.0,0.0,0.0,1,0,26,29,89.7,56,21,22,0,1,07/26/20,Leicester City,Manchester Utd
565,Dennis Praet,26.0,be BEL,CM,18,0,0,0,0,0,0,0,0,10,5,1,0,0,0.0,0.0,0.0,3,0,7,7,100.0,16,10,35,2,3,07/26/20,Leicester City,Manchester Utd
566,Wilfred Ndidi,25.0,ng NGA,DM,90,0,0,0,0,1,0,0,0,53,26,5,2,5,0.1,0.1,0.0,1,0,32,38,84.2,128,30,92,3,3,07/26/20,Leicester City,Manchester Utd
567,Luke Thomas,56.0,eng ENG,WB,87,0,0,0,0,0,0,0,0,59,15,3,3,1,0.0,0.0,0.3,4,0,38,50,76.0,222,31,91,0,0,07/26/20,Leicester City,Manchester Utd
568,George Hirst,45.0,eng ENG,FW,3,0,0,0,0,1,1,0,0,5,0,0,0,0,0.0,0.0,0.0,1,0,1,2,50.0,0,4,5,0,0,07/26/20,Leicester City,Manchester Utd
569,Marc Albrighton,11.0,eng ENG,WB,72,0,0,0,0,1,0,0,0,55,17,4,2,1,0.0,0.0,0.0,0,0,32,47,68.1,253,34,117,0,2,07/26/20,Leicester City,Manchester Utd
570,Demarai Gray,7.0,eng ENG,WB,18,0,0,0,0,3,0,0,0,16,0,0,0,0,0.2,0.2,0.0,1,0,8,12,66.7,56,13,54,1,2,07/26/20,Leicester City,Manchester Utd
571,Jonny Evans,6.0,nir NIR,CB,89,0,0,0,0,0,0,1,1,66,8,1,5,1,0.0,0.0,0.0,2,0,49,58,84.5,367,38,106,0,0,07/26/20,Leicester City,Manchester Utd
572,Wes Morgan,5.0,jm JAM,CB,90,0,0,0,0,0,0,0,0,42,9,2,2,1,0.0,0.0,0.0,0,0,33,37,89.2,202,27,20,0,0,07/26/20,Leicester City,Manchester Utd
573,James Justin,2.0,eng ENG,CB,90,0,0,0,0,0,0,0,0,82,7,5,2,2,0.0,0.0,0.3,3,0,57,67,85.1,383,49,118,0,0,07/26/20,Leicester City,Manchester Utd
574,Kasper Schmeichel,1.0,dk DEN,GK,90,0,0,0,0,0,0,0,0,39,0,0,0,0,0.0,0.0,0.0,1,0,22,35,62.9,504,17,43,0,1,07/26/20,Leicester City,Manchester Utd
575,Anthony Martial,9.0,fr FRA,FW,89,0,0,0,0,1,0,0,0,25,3,0,0,0,0.1,0.1,0.0,1,1,11,15,73.3,13,20,58,0,1,07/26/20,Manchester Utd,Leicester City
576,Odion Ighalo,25.0,ng NGA,FW,1,0,0,0,0,0,0,0,0,1,0,0,0,0,0.0,0.0,0.0,0,0,0,0,,0,1,9,0,0,07/26/20,Manchester Utd,Leicester City
577,Marcus Rashford,10.0,eng ENG,LW,89,0,0,0,0,2,1,0,0,38,9,0,0,2,0.2,0.2,0.1,1,0,22,29,75.9,141,22,76,0,2,07/26/20,Manchester Utd,Leicester City
578,Timothy Fosu-Mensah,24.0,nl NED,LW,1,0,0,0,0,0,0,0,0,0,0,0,0,0,0.0,0.0,0.0,0,0,0,0,,0,0,0,0,0,07/26/20,Manchester Utd,Leicester City
579,Mason Greenwood,26.0,eng ENG,RW,76,0,0,0,0,1,0,0,0,48,6,1,1,0,0.1,0.1,0.1,1,0,26,35,74.3,106,32,60,1,3,07/26/20,Manchester Utd,Leicester City
580,Jesse Lingard,14.0,eng ENG,RW,14,1,0,0,0,1,1,0,0,3,2,1,0,0,0.8,0.8,0.0,0,0,1,1,100.0,0,1,0,0,0,07/26/20,Manchester Utd,Leicester City
581,Bruno Fernandes,18.0,pt POR,AM,85,1,0,1,1,1,0,0,0,62,10,1,0,3,0.8,0.1,0.1,2,1,31,51,60.8,148,32,126,0,0,07/26/20,Manchester Utd,Leicester City
582,Scott McTominay,39.0,sco SCO,DM,5,0,0,0,0,0,0,0,0,1,2,1,0,0,0.0,0.0,0.0,0,0,0,0,,0,0,0,0,0,07/26/20,Manchester Utd,Leicester City
583,Nemanja Matic,31.0,rs SRB,DM,90,0,0,0,0,0,0,1,0,79,14,4,2,1,0.0,0.0,0.0,1,0,58,68,85.3,258,46,230,0,0,07/26/20,Manchester Utd,Leicester City
584,Paul Pogba,6.0,fr FRA,"DM,AM",90,0,0,0,0,0,0,1,0,68,7,3,0,3,0.0,0.0,0.1,2,0,46,57,80.7,204,52,108,1,1,07/26/20,Manchester Utd,Leicester City
585,Brandon Williams,53.0,eng ENG,LB,90,0,0,0,0,0,0,1,0,85,10,3,3,5,0.0,0.0,0.0,0,0,65,73,89.0,309,49,159,2,3,07/26/20,Manchester Utd,Leicester City
586,Harry Maguire,5.0,eng ENG,CB,90,0,0,0,0,0,0,1,0,60,14,1,1,3,0.0,0.0,0.0,0,0,47,51,92.2,240,38,129,0,1,07/26/20,Manchester Utd,Leicester City
587,Victor Lindelof,2.0,se SWE,CB,90,0,0,0,0,0,0,1,0,68,4,1,2,3,0.0,0.0,0.0,0,0,49,59,83.1,340,42,252,0,0,07/26/20,Manchester Utd,Leicester City
588,Aaron Wan-Bissaka,29.0,eng ENG,RB,90,0,0,0,0,0,0,0,0,81,10,5,2,1,0.0,0.0,0.0,2,0,63,69,91.3,240,59,258,2,2,07/26/20,Manchester Utd,Leicester City
589,David de Gea,1.0,es ESP,GK,90,0,0,0,0,0,0,0,0,24,0,0,0,0,0.0,0.0,0.0,0,0,19,24,79.2,307,5,8,0,0,07/26/20,Manchester Utd,Leicester City
