,Player,#,Nation,Pos,Min,Tkl,TklW,Def 3rd,Mid 3rd,Att 3rd,Tkl.1,Att,Tkl%,Past,Press,Succ,%,Def 3rd.1,Mid 3rd.1,Att 3rd.1,Blocks,Sh,ShSv,Pass,Int,Tkl+Int,Clr,Err,Date,Team,Opponent
0,Josip Drmic,20.0,ch SUI,FW,44,0,0,0,0,0,0,0,,0,2,0,0.0,1,1,0,0,0,0,0,0,,0,0,07/18/20,Norwich City,Burnley
1,Onel Hernandez,11.0,cu CUB,"LW,CM",85,1,0,1,0,0,1,2,50.0,1,6,2,33.3,5,1,0,1,1,0,0,1,,1,0,07/18/20,Norwich City,Burnley
2,Adam Idah,35.0,ie IRL,CM,5,0,0,0,0,0,0,0,,0,1,0,0.0,0,0,1,0,0,0,0,0,,0,0,07/18/20,Norwich City,Burnley
3,Emiliano Buendia,17.0,ar ARG,"FW,RW",34,0,0,0,0,0,0,0,,0,3,0,0.0,1,2,0,0,0,0,0,0,,0,0,07/18/20,Norwich City,Burnley
4,Todd Cantwell,14.0,eng ENG,"AM,CM",75,0,0,0,0,0,0,1,0.0,1,6,1,16.7,3,2,1,1,0,0,1,0,,0,0,07/18/20,Norwich City,Burnley
5,Lukas Rupp,7.0,de GER,CM,15,1,1,1,0,0,0,0,,0,3,0,0.0,1,2,0,1,0,0,1,0,,0,0,07/18/20,Norwich City,Burnley
6,Kenny McLean,23.0,sco SCO,DM,90,0,0,0,0,0,0,0,,0,9,0,0.0,2,4,3,0,0,0,0,1,,2,0,07/18/20,Norwich City,Burnley
7,Alexander Tettey,27.0,no NOR,DM,89,1,1,1,0,0,0,0,,0,5,1,20.0,4,1,0,1,0,0,1,1,,4,0,07/18/20,Norwich City,Burnley
8,Mario Vrancic,8.0,ba BIH,DM,1,0,0,0,0,0,0,0,,0,0,0,,0,0,0,0,0,0,0,0,,0,0,07/18/20,Norwich City,Burnley
9,Jamal Lewis,12.0,nir NIR,LB,90,1,1,1,0,0,0,0,,0,9,6,66.7,4,5,0,1,0,0,1,3,,2,0,07/18/20,Norwich City,Burnley
10,Timm Klose,15.0,ch SUI,CB,45,0,0,0,0,0,0,1,0.0,1,4,2,50.0,4,0,0,0,0,0,0,2,,3,0,07/18/20,Norwich City,Burnley
11,Christoph Zimmermann,6.0,de GER,CB,45,1,1,1,0,0,0,0,,0,1,0,0.0,1,0,0,5,5,0,0,0,,4,0,07/18/20,Norwich City,Burnley
12,Ben Godfrey,4.0,eng ENG,CB,90,0,0,0,0,0,0,0,,0,5,1,20.0,3,2,0,3,2,0,1,1,,13,0,07/18/20,Norwich City,Burnley
13,Max Aarons,2.0,eng ENG,RB,90,0,0,0,0,0,0,0,,0,3,0,0.0,3,0,0,7,1,0,6,1,,3,0,07/18/20,Norwich City,Burnley
14,Tim Krul,1.0,nl NED,GK,90,0,0,0,0,0,0,0,,0,1,0,0.0,1,0,0,0,0,0,0,1,,0,0,07/18/20,Norwich City,Burnley
15,Jay Rodriguez,19.0,eng ENG,FW,90,1,1,0,0,1,1,1,100.0,0,23,8,34.8,0,8,15,1,0,0,1,0,,0,0,07/18/20,Burnley,Norwich City
16,Chris Wood,9.0,nz NZL,FW,78,0,0,0,0,0,0,0,,0,4,1,25.0,0,2,2,0,0,0,0,0,,1,0,07/18/20,Burnley,Norwich City
17,Matej Vydra,27.0,cz CZE,FW,12,0,0,0,0,0,0,0,,0,4,2,50.0,0,1,3,0,0,0,0,0,,0,0,07/18/20,Burnley,Norwich City
18,Dwight McNeil,11.0,eng ENG,CM,90,2,0,0,2,0,1,5,20.0,4,15,3,20.0,3,5,7,2,0,0,2,1,,0,0,07/18/20,Burnley,Norwich City
19,Johann Gudmundsson,7.0,is ISL,CM,59,1,0,0,0,1,0,1,0.0,1,17,4,23.5,3,6,8,1,0,0,1,1,,1,0,07/18/20,Burnley,Norwich City
20,Robbie Brady,12.0,ie IRL,CM,31,1,0,1,0,0,1,2,50.0,1,4,1,25.0,1,2,1,1,0,0,1,1,,0,0,07/18/20,Burnley,Norwich City
21,Josh Brownhill,8.0,eng ENG,DM,90,0,0,0,0,0,0,1,0.0,1,16,5,31.3,3,8,5,0,0,0,0,0,,0,0,07/18/20,Burnley,Norwich City
22,Ashley Westwood,18.0,eng ENG,DM,90,0,0,0,0,0,0,0,,0,10,3,30.0,1,4,5,1,0,0,1,1,,0,0,07/18/20,Burnley,Norwich City
23,Erik Pieters,23.0,nl NED,LB,90,2,0,0,2,0,1,2,50.0,1,14,2,14.3,1,9,4,0,0,0,0,1,,0,0,07/18/20,Burnley,Norwich City
24,James Tarkowski,5.0,eng ENG,CB,90,2,1,2,0,0,2,2,100.0,0,8,4,50.0,3,3,2,2,2,0,0,1,,6,0,07/18/20,Burnley,Norwich City
25,Kevin Long,28.0,ie IRL,CB,90,1,1,0,1,0,0,0,,0,6,3,50.0,4,2,0,1,0,0,1,0,,1,0,07/18/20,Burnley,Norwich City
26,Phil Bardsley,26.0,sco SCO,RB,90,2,2,0,1,1,1,3,33.3,2,13,7,53.8,2,8,3,1,0,0,1,2,,5,0,07/18/20,Burnley,Norwich City
27,Nick Pope,1.0,eng ENG,GK,90,0,0,0,0,0,0,0,,0,0,0,,0,0,0,0,0,0,0,0,,0,0,07/18/20,Burnley,Norwich City
28,Joshua King,7.0,no NOR,FW,68,0,0,0,0,0,0,1,0.0,1,10,3,30.0,1,1,8,1,0,0,1,0,,0,0,07/19/20,Bournemouth,Southampton
29,Lewis Cook,16.0,eng ENG,"CM,FW",22,1,0,0,1,0,0,0,,0,7,2,28.6,0,7,0,0,0,0,0,0,,0,0,07/19/20,Bournemouth,Southampton
30,Callum Wilson,13.0,eng ENG,"FW,LW",90,1,1,0,1,0,0,0,,0,19,6,31.6,0,6,13,2,0,0,2,0,,0,0,07/19/20,Bournemouth,Southampton
31,Junior Stanislas,19.0,eng ENG,CM,69,2,2,1,0,1,2,4,50.0,2,13,5,38.5,3,7,3,0,0,0,0,1,,0,0,07/19/20,Bournemouth,Southampton
32,Dominic Solanke,9.0,eng ENG,"FW,CM",21,0,0,0,0,0,0,0,,0,7,3,42.9,1,1,5,1,0,0,1,0,,1,0,07/19/20,Bournemouth,Southampton
33,Philip Billing,29.0,dk DEN,CM,86,1,1,0,1,0,0,3,0.0,3,26,7,26.9,4,15,7,6,1,0,5,1,,2,0,07/19/20,Bournemouth,Southampton
34,Dan Gosling,4.0,eng ENG,CM,4,0,0,0,0,0,0,0,,0,4,1,25.0,0,3,1,0,0,0,0,0,,1,0,07/19/20,Bournemouth,Southampton
35,Jefferson Lerma,8.0,co COL,CM,81,4,2,0,4,0,1,2,50.0,1,26,10,38.5,6,16,4,1,0,0,1,1,,3,0,07/19/20,Bournemouth,Southampton
36,Sam Surridge,44.0,eng ENG,"RW,CM",9,0,0,0,0,0,0,0,,0,7,1,14.3,0,3,4,1,0,0,1,1,,0,0,07/19/20,Bournemouth,Southampton
37,David Brooks,20.0,wal WAL,CM,45,0,0,0,0,0,0,0,,0,6,0,0.0,3,1,2,1,0,0,1,2,,1,0,07/19/20,Bournemouth,Southampton
38,Harry Wilson,22.0,wal WAL,"CM,WB",45,2,0,2,0,0,1,3,33.3,2,11,3,27.3,7,3,1,3,1,0,2,3,,1,0,07/19/20,Bournemouth,Southampton
39,Diego Rico,21.0,es ESP,"LB,CB",90,1,0,0,1,0,1,5,20.0,4,18,4,22.2,3,12,3,1,0,0,1,1,,3,0,07/19/20,Bournemouth,Southampton
40,Lloyd Kelly,26.0,eng ENG,CB,90,2,2,1,1,0,1,3,33.3,2,9,5,55.6,6,3,0,4,2,0,2,0,,3,0,07/19/20,Bournemouth,Southampton
41,Steve Cook,3.0,eng ENG,CB,90,0,0,0,0,0,0,0,,0,8,3,37.5,4,4,0,2,1,0,1,1,,5,0,07/19/20,Bournemouth,Southampton
42,Jack Stacey,17.0,eng ENG,"RB,WB",90,1,1,0,0,1,0,1,0.0,1,10,5,50.0,1,6,3,2,0,0,2,2,,3,0,07/19/20,Bournemouth,Southampton
43,Aaron Ramsdale,12.0,eng ENG,GK,90,0,0,0,0,0,0,0,,0,2,1,50.0,2,0,0,0,0,0,0,0,,0,0,07/19/20,Bournemouth,Southampton
44,Danny Ings,9.0,eng ENG,FW,89,0,0,0,0,0,0,0,,0,14,2,14.3,3,6,5,1,0,0,1,0,,1,0,07/19/20,Southampton,Bournemouth
45,Michael Obafemi,20.0,ie IRL,FW,1,0,0,0,0,0,0,0,,0,0,0,,0,0,0,0,0,0,0,0,,0,0,07/19/20,Southampton,Bournemouth
46,Shane Long,7.0,ie IRL,FW,65,2,2,1,0,1,0,0,,0,8,2,25.0,1,5,2,1,0,0,1,0,,2,0,07/19/20,Southampton,Bournemouth
47,Che Adams,10.0,eng ENG,FW,25,0,0,0,0,0,0,0,,0,2,1,50.0,0,1,1,3,0,0,3,0,,2,0,07/19/20,Southampton,Bournemouth
48,Nathan Redmond,22.0,eng ENG,CM,90,1,0,1,0,0,1,4,25.0,3,10,2,20.0,2,5,3,1,0,0,1,0,,0,0,07/19/20,Southampton,Bournemouth
49,Oriol Romeu,14.0,es ESP,CM,76,2,1,1,1,0,2,3,66.7,1,13,4,30.8,7,6,0,4,0,0,4,1,,4,0,07/19/20,Southampton,Bournemouth
50,Pierre-Emile Hojbjerg,23.0,dk DEN,CM,14,0,0,0,0,0,0,0,,0,1,1,100.0,0,1,0,0,0,0,0,0,,0,0,07/19/20,Southampton,Bournemouth
51,James Ward-Prowse,16.0,eng ENG,CM,90,2,2,0,1,1,0,0,,0,12,4,33.3,7,3,2,0,0,0,0,1,,5,0,07/19/20,Southampton,Bournemouth
52,Stuart Armstrong,17.0,sco SCO,CM,90,2,2,1,0,1,0,3,0.0,3,12,7,58.3,4,5,3,1,1,0,0,0,,0,0,07/19/20,Southampton,Bournemouth
53,Ryan Bertrand,21.0,eng ENG,LB,90,0,0,0,0,0,0,1,0.0,1,8,2,25.0,6,2,0,2,1,0,1,3,,4,0,07/19/20,Southampton,Bournemouth
54,Jannik Vestergaard,4.0,dk DEN,CB,90,2,1,2,0,0,0,0,,0,8,3,37.5,7,1,0,3,1,0,2,1,,21,0,07/19/20,Southampton,Bournemouth
55,Jack Stephens,5.0,eng ENG,CB,90,4,2,3,1,0,1,1,100.0,0,8,3,37.5,6,2,0,3,0,0,3,2,,9,0,07/19/20,Southampton,Bournemouth
56,Kyle Walker-Peters,24.0,eng ENG,RB,90,4,2,2,2,0,0,0,,0,11,3,27.3,6,5,0,3,0,0,3,2,,3,0,07/19/20,Southampton,Bournemouth
57,Alex McCarthy,1.0,eng ENG,GK,90,0,0,0,0,0,0,0,,0,1,1,100.0,1,0,0,0,0,0,0,0,,0,0,07/19/20,Southampton,Bournemouth
58,Harry Kane,10.0,eng ENG,FW,90,1,1,0,1,0,1,2,50.0,1,3,2,66.7,1,2,0,1,1,0,0,0,,1,0,07/19/20,Tottenham,Leicester City
59,Son Heung-Min,7.0,kr KOR,LW,88,0,0,0,0,0,0,1,0.0,1,7,1,14.3,4,1,2,1,0,0,1,0,,2,0,07/19/20,Tottenham,Leicester City
60,Gedson Fernandes,30.0,pt POR,LW,2,0,0,0,0,0,0,0,,0,1,0,0.0,0,1,0,0,0,0,0,0,,0,0,07/19/20,Tottenham,Leicester City
61,Lucas Moura,27.0,br BRA,RW,76,2,2,1,1,0,0,2,0.0,2,18,4,22.2,11,7,0,1,0,0,1,0,,3,0,07/19/20,Tottenham,Leicester City
62,Steven Bergwijn,23.0,nl NED,RW,14,0,0,0,0,0,0,0,,0,2,0,0.0,1,1,0,0,0,0,0,0,,0,0,07/19/20,Tottenham,Leicester City
63,Giovani Lo Celso,18.0,ar ARG,CM,76,5,0,1,4,0,2,4,50.0,2,19,3,15.8,9,9,1,2,0,0,2,1,,0,0,07/19/20,Tottenham,Leicester City
64,Erik Lamela,11.0,ar ARG,CM,14,0,0,0,0,0,0,0,,0,2,0,0.0,0,2,0,0,0,0,0,0,,0,0,07/19/20,Tottenham,Leicester City
65,Moussa Sissoko,17.0,fr FRA,CM,90,0,0,0,0,0,0,1,0.0,1,10,2,20.0,6,4,0,1,1,0,0,1,,6,0,07/19/20,Tottenham,Leicester City
66,Harry Winks,8.0,eng ENG,DM,89,1,1,0,1,0,0,0,,0,9,3,33.3,4,5,0,0,0,0,0,1,,0,0,07/19/20,Tottenham,Leicester City
67,Oliver Skipp,29.0,eng ENG,DM,1,0,0,0,0,0,0,0,,0,1,0,0.0,1,0,0,0,0,0,0,0,,0,0,07/19/20,Tottenham,Leicester City
68,Ben Davies,33.0,wal WAL,LB,90,3,3,2,1,0,0,1,0.0,1,9,4,44.4,5,4,0,4,3,0,1,1,,3,0,07/19/20,Tottenham,Leicester City
69,Toby Alderweireld,4.0,be BEL,CB,90,1,0,1,0,0,0,0,,0,4,1,25.0,4,0,0,1,1,0,0,0,,7,0,07/19/20,Tottenham,Leicester City
70,Davinson Sanchez,6.0,co COL,CB,90,1,1,1,0,0,0,1,0.0,1,7,4,57.1,6,1,0,4,4,0,0,1,,5,0,07/19/20,Tottenham,Leicester City
71,Serge Aurier,24.0,ci CIV,RB,90,3,1,2,1,0,2,3,66.7,1,17,3,17.6,11,6,0,3,0,0,3,2,,4,0,07/19/20,Tottenham,Leicester City
72,Hugo Lloris,1.0,fr FRA,GK,90,0,0,0,0,0,0,0,,0,0,0,,0,0,0,0,0,0,0,0,,0,0,07/19/20,Tottenham,Leicester City
73,Jamie Vardy,9.0,eng ENG,FW,90,1,1,1,0,0,0,0,,0,9,5,55.6,1,3,5,3,1,0,2,0,,1,0,07/19/20,Leicester City,Tottenham
74,Harvey Barnes,15.0,eng ENG,LW,82,0,0,0,0,0,0,0,,0,10,2,20.0,2,5,3,2,0,0,2,0,,1,0,07/19/20,Leicester City,Tottenham
75,George Hirst,45.0,eng ENG,LW,8,0,0,0,0,0,0,0,,0,3,0,0.0,0,2,1,0,0,0,0,0,,0,0,07/19/20,Leicester City,Tottenham
76,Ayoze Perez,17.0,es ESP,RW,58,1,1,0,0,1,0,2,0.0,2,16,6,37.5,0,8,8,2,0,0,2,0,,0,0,07/19/20,Leicester City,Tottenham
77,Kelechi Iheanacho,14.0,ng NGA,RW,32,0,0,0,0,0,0,0,,0,1,1,100.0,0,0,1,0,0,0,0,1,,0,0,07/19/20,Leicester City,Tottenham
78,Youri Tielemans,8.0,be BEL,CM,69,1,1,0,1,0,0,2,0.0,2,14,7,50.0,1,11,2,4,0,0,4,0,,0,0,07/19/20,Leicester City,Tottenham
79,Dennis Praet,26.0,be BEL,CM,21,0,0,0,0,0,0,0,,0,5,0,0.0,2,3,0,2,0,0,2,2,,0,0,07/19/20,Leicester City,Tottenham
80,Wilfred Ndidi,25.0,ng NGA,CM,69,3,3,0,2,1,0,1,0.0,1,22,9,40.9,0,17,5,1,0,0,1,0,,1,0,07/19/20,Leicester City,Tottenham
81,Nampalys Mendy,24.0,fr FRA,CM,21,0,0,0,0,0,0,0,,0,1,1,100.0,0,0,1,0,0,0,0,0,,0,0,07/19/20,Leicester City,Tottenham
82,Luke Thomas,56.0,eng ENG,WB,90,1,1,0,1,0,0,1,0.0,1,12,2,16.7,2,7,3,2,0,0,2,1,,0,0,07/19/20,Leicester City,Tottenham
83,James Justin,2.0,eng ENG,"WB,CB",90,3,2,1,2,0,0,1,0.0,1,7,4,57.1,1,5,1,2,1,0,1,1,,5,0,07/19/20,Leicester City,Tottenham
84,Jonny Evans,6.0,nir NIR,CB,90,2,0,0,1,1,1,1,100.0,0,7,2,28.6,2,4,1,1,0,0,1,1,,2,0,07/19/20,Leicester City,Tottenham
85,Wes Morgan,5.0,jm JAM,CB,90,0,0,0,0,0,0,1,0.0,1,6,2,33.3,2,3,1,1,1,0,0,1,,2,0,07/19/20,Leicester City,Tottenham
86,Ryan Bennett,29.0,eng ENG,CB,45,0,0,0,0,0,0,0,,0,2,0,0.0,2,0,0,1,1,0,0,0,,0,0,07/19/20,Leicester City,Tottenham
87,Demarai Gray,7.0,eng ENG,"WB,CB",45,0,0,0,0,0,0,1,0.0,1,2,1,50.0,0,0,2,0,0,0,0,0,,0,0,07/19/20,Leicester City,Tottenham
88,Kasper Schmeichel,1.0,dk DEN,GK,90,0,0,0,0,0,0,0,,0,0,0,,0,0,0,0,0,0,0,0,,0,0,07/19/20,Leicester City,Tottenham
89,David McGoldrick,17.0,ie IRL,FW,90,1,0,0,0,1,0,0,,0,10,2,20.0,1,2,7,0,0,0,0,0,,0,0,07/20/20,Sheffield Utd,Everton
90,Oliver McBurnie,9.0,sco SCO,FW,59,1,0,0,1,0,0,1,0.0,1,18,4,22.2,1,4,13,1,0,0,1,0,,0,0,07/20/20,Sheffield Utd,Everton
91,John Fleck,4.0,sco SCO,FW,31,0,0,0,0,0,0,1,0.0,1,3,2,66.7,0,2,1,0,0,0,0,0,,0,0,07/20/20,Sheffield Utd,Everton
92,Ben Osborn,23.0,eng ENG,CM,59,0,0,0,0,0,0,0,,0,12,3,25.0,0,8,4,1,0,0,1,1,,0,0,07/20/20,Sheffield Utd,Everton
93,Billy Sharp,10.0,eng ENG,CM,31,0,0,0,0,0,0,0,,0,6,2,33.3,0,1,5,0,0,0,0,0,,0,0,07/20/20,Sheffield Utd,Everton
94,Sander Berge,32.0,no NOR,CM,90,2,1,0,1,1,1,4,25.0,3,28,9,32.1,4,12,12,3,0,0,3,1,,0,0,07/20/20,Sheffield Utd,Everton
95,Oliver Norwood,16.0,nir NIR,DM,68,3,2,2,1,0,1,3,33.3,2,13,5,38.5,5,6,2,0,0,0,0,0,,0,0,07/20/20,Sheffield Utd,Everton
96,John Lundstram,7.0,eng ENG,DM,22,1,1,0,0,1,1,2,50.0,1,5,3,60.0,0,2,3,0,0,0,0,0,,0,0,07/20/20,Sheffield Utd,Everton
97,Enda Stevens,3.0,ie IRL,WB,90,4,2,2,1,1,1,2,50.0,1,7,4,57.1,2,1,4,1,0,0,1,0,,1,0,07/20/20,Sheffield Utd,Everton
98,George Baldock,2.0,eng ENG,WB,90,4,2,2,1,1,3,3,100.0,0,22,10,45.5,7,10,5,2,0,0,2,1,,1,0,07/20/20,Sheffield Utd,Everton
99,Jack O'Connell,5.0,eng ENG,CB,90,1,1,1,0,0,1,2,50.0,1,6,3,50.0,2,4,0,3,0,0,3,4,,3,0,07/20/20,Sheffield Utd,Everton
100,John Egan,12.0,ie IRL,CB,90,2,0,1,1,0,2,3,66.7,1,7,1,14.3,5,2,0,0,0,0,0,1,,5,0,07/20/20,Sheffield Utd,Everton
101,Chris Basham,6.0,eng ENG,CB,82,5,2,2,3,0,2,2,100.0,0,11,5,45.5,4,7,0,3,0,0,3,1,,1,0,07/20/20,Sheffield Utd,Everton
102,Richairo Zivkovic,30.0,nl NED,CB,8,0,0,0,0,0,0,0,,0,3,0,0.0,0,0,3,1,0,0,1,0,,0,0,07/20/20,Sheffield Utd,Everton
103,Dean Henderson,1.0,eng ENG,GK,90,0,0,0,0,0,0,0,,0,0,0,,0,0,0,0,0,0,0,0,,2,0,07/20/20,Sheffield Utd,Everton
104,Richarlison,7.0,br BRA,FW,90,2,2,1,0,1,0,1,0.0,1,19,3,15.8,9,5,5,2,0,0,2,1,,1,0,07/20/20,Everton,Sheffield Utd
105,Dominic Calvert-Lewin,9.0,eng ENG,FW,90,0,0,0,0,0,0,0,,0,9,1,11.1,0,5,4,0,0,0,0,0,,3,0,07/20/20,Everton,Sheffield Utd
106,Gylfi Sigurdsson,10.0,is ISL,CM,87,0,0,0,0,0,0,0,,0,11,3,27.3,1,4,6,1,0,0,1,0,,0,0,07/20/20,Everton,Sheffield Utd
107,Seamus Coleman,23.0,ie IRL,"CM,RB",3,0,0,0,0,0,0,0,,0,1,0,0.0,1,0,0,0,0,0,0,0,,0,0,07/20/20,Everton,Sheffield Utd
108,Theo Walcott,11.0,eng ENG,CM,83,1,0,0,1,0,1,2,50.0,1,15,3,20.0,6,6,3,4,0,0,4,1,,0,0,07/20/20,Everton,Sheffield Utd
109,Anthony Gordon,42.0,eng ENG,CM,7,0,0,0,0,0,0,1,0.0,1,3,1,33.3,1,2,0,0,0,0,0,0,,0,0,07/20/20,Everton,Sheffield Utd
110,Tom Davies,26.0,eng ENG,DM,90,1,1,0,1,0,1,4,25.0,3,13,3,23.1,8,4,1,3,0,0,3,2,,3,0,07/20/20,Everton,Sheffield Utd
111,Andre Gomes,21.0,pt POR,DM,90,0,0,0,0,0,0,3,0.0,3,23,6,26.1,13,6,4,3,0,0,3,1,,0,0,07/20/20,Everton,Sheffield Utd
112,Lucas Digne,12.0,fr FRA,LB,90,0,0,0,0,0,0,1,0.0,1,11,6,54.5,9,1,1,3,0,0,3,2,,5,0,07/20/20,Everton,Sheffield Utd
113,Jarrad Branthwaite,32.0,eng ENG,CB,90,1,1,1,0,0,0,1,0.0,1,6,4,66.7,3,3,0,1,1,0,0,0,,5,0,07/20/20,Everton,Sheffield Utd
114,Michael Keane,5.0,eng ENG,CB,90,1,1,1,0,0,0,0,,0,10,3,30.0,9,1,0,3,2,0,1,0,,14,0,07/20/20,Everton,Sheffield Utd
115,Djibril Sidibe,19.0,fr FRA,RB,90,1,1,1,0,0,0,0,,0,9,3,33.3,6,3,0,4,1,0,3,2,,2,0,07/20/20,Everton,Sheffield Utd
116,Jordan Pickford,1.0,eng ENG,GK,90,0,0,0,0,0,0,0,,0,0,0,,0,0,0,0,0,0,0,0,,0,0,07/20/20,Everton,Sheffield Utd
117,Neal Maupay,7.0,fr FRA,FW,72,1,1,0,0,1,0,1,0.0,1,13,5,38.5,0,4,9,2,1,0,1,0,,0,0,07/20/20,Brighton,Newcastle Utd
118,Glenn Murray,17.0,eng ENG,FW,18,0,0,0,0,0,0,0,,0,3,0,0.0,0,3,0,0,0,0,0,0,,0,0,07/20/20,Brighton,Newcastle Utd
119,Aaron Mooy,18.0,au AUS,LW,57,0,0,0,0,0,0,1,0.0,1,14,2,14.3,5,5,4,2,1,0,1,0,,0,0,07/20/20,Brighton,Newcastle Utd
120,Solly March,20.0,eng ENG,LW,33,0,0,0,0,0,0,1,0.0,1,4,0,0.0,3,1,0,1,0,0,1,0,,0,0,07/20/20,Brighton,Newcastle Utd
121,Pascal Gross,13.0,de GER,RW,57,0,0,0,0,0,0,1,0.0,1,12,0,0.0,3,5,4,0,0,0,0,0,,0,0,07/20/20,Brighton,Newcastle Utd
122,Alexis Mac Allister,10.0,ar ARG,RW,33,1,0,0,1,0,1,1,100.0,0,11,1,9.1,3,7,1,2,0,0,2,0,,0,0,07/20/20,Brighton,Newcastle Utd
123,Leandro Trossard,11.0,be BEL,AM,90,0,0,0,0,0,0,1,0.0,1,11,2,18.2,0,7,4,1,0,0,1,1,,1,0,07/20/20,Brighton,Newcastle Utd
124,Dale Stephens,6.0,eng ENG,DM,90,2,2,0,1,1,0,2,0.0,2,14,4,28.6,6,7,1,2,0,0,2,2,,3,0,07/20/20,Brighton,Newcastle Utd
125,Yves Bissouma,8.0,ml MLI,DM,72,2,1,1,1,0,0,0,,0,8,2,25.0,4,4,0,1,0,0,1,1,,1,0,07/20/20,Brighton,Newcastle Utd
126,Davy Propper,24.0,nl NED,DM,18,0,0,0,0,0,0,0,,0,5,0,0.0,4,1,0,1,1,0,0,0,,0,0,07/20/20,Brighton,Newcastle Utd
127,Dan Burn,33.0,eng ENG,LB,90,3,1,1,2,0,2,4,50.0,2,14,2,14.3,7,7,0,4,1,0,3,1,,8,0,07/20/20,Brighton,Newcastle Utd
128,Lewis Dunk,5.0,eng ENG,CB,90,0,0,0,0,0,0,1,0.0,1,5,1,20.0,3,2,0,1,1,0,0,1,,7,0,07/20/20,Brighton,Newcastle Utd
129,Adam Webster,15.0,eng ENG,"CB,RB",90,1,1,0,0,1,0,0,,0,4,1,25.0,3,1,0,2,2,0,0,2,,5,0,07/20/20,Brighton,Newcastle Utd
130,Tariq Lamptey,2.0,eng ENG,RB,85,0,0,0,0,0,0,2,0.0,2,11,4,36.4,4,4,3,3,0,0,3,3,,1,0,07/20/20,Brighton,Newcastle Utd
131,Shane Duffy,4.0,ie IRL,"CB,RB",5,0,0,0,0,0,0,0,,0,0,0,,0,0,0,0,0,0,0,0,,1,0,07/20/20,Brighton,Newcastle Utd
132,Mathew Ryan,1.0,au AUS,GK,90,0,0,0,0,0,0,0,,0,0,0,,0,0,0,0,0,0,0,0,,0,0,07/20/20,Brighton,Newcastle Utd
133,Dwight Gayle,12.0,eng ENG,FW,73,1,1,1,0,0,0,1,0.0,1,10,4,40.0,1,7,2,0,0,0,0,0,,0,0,07/20/20,Newcastle Utd,Brighton
134,Andy Carroll,7.0,eng ENG,FW,17,0,0,0,0,0,0,0,,0,1,1,100.0,0,0,1,0,0,0,0,0,,0,0,07/20/20,Newcastle Utd,Brighton
135,Allan Saint-Maximin,10.0,fr FRA,FW,73,1,1,1,0,0,0,0,,0,9,1,11.1,2,5,2,0,0,0,0,1,,0,0,07/20/20,Newcastle Utd,Brighton
136,Joelinton,9.0,br BRA,FW,17,0,0,0,0,0,0,0,,0,1,1,100.0,0,0,1,0,0,0,0,0,,0,0,07/20/20,Newcastle Utd,Brighton
137,Miguel Almiron,24.0,py PAR,CM,85,6,6,2,1,3,0,1,0.0,1,16,7,43.8,7,4,5,0,0,0,0,0,,0,0,07/20/20,Newcastle Utd,Brighton
138,Valentino Lazaro,23.0,at AUT,CM,5,0,0,0,0,0,0,0,,0,1,0,0.0,1,0,0,0,0,0,0,0,,0,0,07/20/20,Newcastle Utd,Brighton
139,Jonjo Shelvey,8.0,eng ENG,CM,90,1,0,1,0,0,0,3,0.0,3,11,0,0.0,5,4,2,0,0,0,0,0,,0,0,07/20/20,Newcastle Utd,Brighton
140,Nabil Bentaleb,42.0,dz ALG,DM,90,2,1,2,0,0,0,1,0.0,1,17,3,17.6,5,12,0,2,0,0,2,3,,2,0,07/20/20,Newcastle Utd,Brighton
141,Matt Ritchie,11.0,sco SCO,WB,90,2,2,1,1,0,1,1,100.0,0,9,3,33.3,4,2,3,2,0,0,2,1,,2,0,07/20/20,Newcastle Utd,Brighton
142,Javier Manquillo,19.0,es ESP,WB,90,0,0,0,0,0,0,1,0.0,1,7,2,28.6,3,2,2,1,0,0,1,1,,3,0,07/20/20,Newcastle Utd,Brighton
143,Danny Rose,28.0,eng ENG,CB,90,3,1,2,1,0,0,0,,0,10,4,40.0,9,1,0,0,0,0,0,4,,1,0,07/20/20,Newcastle Utd,Brighton
144,Federico Fernandez,18.0,ar ARG,CB,90,1,1,1,0,0,0,0,,0,0,0,,0,0,0,2,0,0,2,1,,6,0,07/20/20,Newcastle Utd,Brighton
145,Emil Krafth,17.0,se SWE,CB,90,2,0,2,0,0,0,0,,0,9,5,55.6,7,2,0,5,2,0,3,0,,5,0,07/20/20,Newcastle Utd,Brighton
146,Martin DÃºbravka,1.0,sk SVK,GK,90,0,0,0,0,0,0,0,,0,0,0,,0,0,0,0,0,0,0,0,,0,0,07/20/20,Newcastle Utd,Brighton
147,Raul Jimenez,9.0,mx MEX,FW,90,0,0,0,0,0,0,1,0.0,1,16,5,31.3,0,6,10,1,0,0,1,0,,2,0,07/20/20,Wolves,Crystal Palace
148,Daniel Podence,10.0,pt POR,AM,71,1,1,1,0,0,0,1,0.0,1,13,4,30.8,3,5,5,2,0,0,2,0,,0,0,07/20/20,Wolves,Crystal Palace
149,Diogo Jota,18.0,pt POR,AM,19,0,0,0,0,0,0,0,,0,4,2,50.0,0,2,2,1,0,0,1,1,,0,0,07/20/20,Wolves,Crystal Palace
150,Adama Traore,37.0,es ESP,AM,80,0,0,0,0,0,0,0,,0,12,4,33.3,3,7,2,0,0,0,0,0,,0,0,07/20/20,Wolves,Crystal Palace
151,Pedro Neto,7.0,pt POR,AM,10,1,0,0,1,0,0,0,,0,4,2,50.0,0,4,0,0,0,0,0,0,,0,0,07/20/20,Wolves,Crystal Palace
152,Joao Moutinho,28.0,pt POR,DM,90,0,0,0,0,0,0,1,0.0,1,13,2,15.4,5,6,2,1,1,0,0,0,,2,0,07/20/20,Wolves,Crystal Palace
153,Ruben Neves,8.0,pt POR,DM,90,5,2,2,3,0,1,6,16.7,5,27,10,37.0,14,12,1,1,0,0,1,3,,2,0,07/20/20,Wolves,Crystal Palace
154,Jonny,19.0,es ESP,WB,90,2,2,1,1,0,0,0,,0,20,11,55.0,7,10,3,3,0,0,3,2,,0,0,07/20/20,Wolves,Crystal Palace
155,Matt Doherty,2.0,ie IRL,WB,90,4,3,2,1,1,2,2,100.0,0,22,7,31.8,14,6,2,4,0,0,4,0,,3,0,07/20/20,Wolves,Crystal Palace
156,Willy Boly,15.0,fr FRA,CB,90,0,0,0,0,0,0,0,,0,6,2,33.3,3,3,0,1,1,0,0,2,,6,1,07/20/20,Wolves,Crystal Palace
157,Conor Coady,16.0,eng ENG,CB,90,0,0,0,0,0,0,0,,0,3,0,0.0,3,0,0,0,0,0,0,0,,2,0,07/20/20,Wolves,Crystal Palace
158,Leander Dendoncker,32.0,be BEL,CB,90,3,2,2,1,0,0,2,0.0,2,16,8,50.0,13,3,0,3,1,0,2,1,,2,1,07/20/20,Wolves,Crystal Palace
159,Rui PatrÃ­cio,11.0,pt POR,GK,90,0,0,0,0,0,0,0,,0,0,0,,0,0,0,0,0,0,0,0,,0,0,07/20/20,Wolves,Crystal Palace
160,Jordan Ayew,9.0,gh GHA,FW,90,1,1,0,0,1,0,0,,0,15,3,20.0,1,7,7,1,1,0,0,0,,1,0,07/20/20,Crystal Palace,Wolves
161,Wilfried Zaha,11.0,ci CIV,FW,90,1,1,0,1,0,0,0,,0,15,4,26.7,0,7,8,0,0,0,0,0,,0,0,07/20/20,Crystal Palace,Wolves
162,Jeffrey Schlupp,15.0,gh GHA,CM,72,0,0,0,0,0,0,0,,0,6,2,33.3,1,4,1,2,0,0,2,1,,1,0,07/20/20,Crystal Palace,Wolves
163,Jairo Riedewald,44.0,nl NED,CM,18,0,0,0,0,0,0,0,,0,4,0,0.0,1,2,1,0,0,0,0,1,,0,0,07/20/20,Crystal Palace,Wolves
164,James McArthur,18.0,sco SCO,CM,90,3,2,2,1,0,2,4,50.0,2,23,10,43.5,10,12,1,4,1,0,3,1,,0,0,07/20/20,Crystal Palace,Wolves
165,James McCarthy,22.0,ie IRL,CM,90,2,0,1,1,0,2,7,28.6,5,18,4,22.2,3,14,1,3,0,0,3,0,,1,1,07/20/20,Crystal Palace,Wolves
166,Andros Townsend,10.0,eng ENG,CM,90,2,1,0,2,0,1,5,20.0,4,20,4,20.0,7,11,2,0,0,0,0,1,,0,0,07/20/20,Crystal Palace,Wolves
167,Tyrick Mitchell,39.0,eng ENG,LB,90,2,1,2,0,0,0,3,0.0,3,16,5,31.3,9,5,2,1,0,0,1,1,,1,0,07/20/20,Crystal Palace,Wolves
168,Mamadou Sakho,12.0,fr FRA,CB,22,0,0,0,0,0,0,0,,0,3,0,0.0,3,0,0,2,0,0,2,1,,2,0,07/20/20,Crystal Palace,Wolves
169,Cheikhou Kouyate,8.0,sn SEN,CB,68,1,1,1,0,0,1,1,100.0,0,4,0,0.0,2,2,0,1,1,0,0,2,,4,0,07/20/20,Crystal Palace,Wolves
170,Scott Dann,6.0,eng ENG,CB,90,0,0,0,0,0,0,0,,0,0,0,,0,0,0,0,0,0,0,2,,5,0,07/20/20,Crystal Palace,Wolves
171,Joel Ward,2.0,eng ENG,RB,90,1,1,1,0,0,0,4,0.0,4,12,2,16.7,6,4,2,2,0,0,2,1,,5,0,07/20/20,Crystal Palace,Wolves
172,Vicente Guaita,31.0,es ESP,GK,90,0,0,0,0,0,0,0,,0,0,0,,0,0,0,0,0,0,0,0,,0,0,07/20/20,Crystal Palace,Wolves
173,Troy Deeney,9.0,eng ENG,FW,66,0,0,0,0,0,0,0,,0,14,7,50.0,4,7,3,2,0,0,2,0,,0,0,07/21/20,Watford,Manchester City
174,Danny Welbeck,10.0,eng ENG,FW,24,0,0,0,0,0,0,0,,0,7,0,0.0,0,5,2,0,0,0,0,0,,0,0,07/21/20,Watford,Manchester City
175,Roberto Pereyra,37.0,ar ARG,LW,86,1,1,1,0,0,1,2,50.0,1,12,3,25.0,5,3,4,0,0,0,0,1,,0,1,07/21/20,Watford,Manchester City
176,Adam Masina,11.0,it ITA,LW,4,0,0,0,0,0,0,0,,0,1,0,0.0,0,1,0,0,0,0,0,0,,0,0,07/21/20,Watford,Manchester City
177,Ismaila Sarr,23.0,sn SEN,RW,90,1,0,1,0,0,0,1,0.0,1,23,4,17.4,10,8,5,3,0,0,3,2,,0,0,07/21/20,Watford,Manchester City
178,Will Hughes,19.0,eng ENG,CM,90,4,4,3,1,0,2,4,50.0,2,29,8,27.6,17,11,1,3,2,0,1,2,,2,0,07/21/20,Watford,Manchester City
179,Abdoulaye Doucoure,16.0,fr FRA,CM,81,1,1,1,0,0,0,1,0.0,1,22,5,22.7,9,8,5,0,0,0,0,1,,2,0,07/21/20,Watford,Manchester City
180,Nathaniel Chalobah,14.0,eng ENG,CM,9,0,0,0,0,0,0,0,,0,4,0,0.0,0,3,1,0,0,0,0,0,,0,0,07/21/20,Watford,Manchester City
181,Tom Cleverley,8.0,eng ENG,DM,90,3,3,1,2,0,0,7,0.0,7,34,7,20.6,17,12,5,4,1,0,3,2,,3,0,07/21/20,Watford,Manchester City
182,Kiko Femenia,21.0,es ESP,LB,90,6,2,6,0,0,4,5,80.0,1,12,2,16.7,8,3,1,3,1,0,2,3,,3,0,07/21/20,Watford,Manchester City
183,Craig Dawson,4.0,eng ENG,CB,90,0,0,0,0,0,0,0,,0,4,0,0.0,2,1,1,1,1,0,0,0,,8,0,07/21/20,Watford,Manchester City
184,Christian Kabasele,27.0,be BEL,CB,90,0,0,0,0,0,0,1,0.0,1,9,2,22.2,6,3,0,5,3,0,2,0,,5,0,07/21/20,Watford,Manchester City
185,Adrian Mariappa,6.0,jm JAM,RB,90,1,1,1,0,0,0,4,0.0,4,10,2,20.0,9,0,1,3,2,0,1,0,,0,0,07/21/20,Watford,Manchester City
186,Ben Foster,26.0,eng ENG,GK,90,0,0,0,0,0,0,0,,0,1,0,0.0,1,0,0,0,0,0,0,0,,0,0,07/21/20,Watford,Manchester City
187,Gabriel Jesus,9.0,br BRA,FW,90,1,0,0,1,0,0,1,0.0,1,6,3,50.0,0,3,3,1,1,0,0,0,,0,0,07/21/20,Manchester City,Watford
188,Raheem Sterling,7.0,eng ENG,"LW,RW",63,1,1,0,0,1,0,0,,0,7,4,57.1,0,3,4,1,0,0,1,1,,0,0,07/21/20,Manchester City,Watford
189,Riyad Mahrez,26.0,dz ALG,RW,27,1,1,0,0,1,0,0,,0,4,1,25.0,0,3,1,0,0,0,0,0,,0,0,07/21/20,Manchester City,Watford
190,Phil Foden,47.0,eng ENG,"LW,RW",90,1,1,0,1,0,0,0,,0,10,6,60.0,1,3,6,0,0,0,0,0,,0,0,07/21/20,Manchester City,Watford
191,Bernardo Silva,20.0,pt POR,CM,90,4,2,1,2,1,3,5,60.0,2,17,4,23.5,3,8,6,0,0,0,0,0,,2,0,07/21/20,Manchester City,Watford
192,Kevin De Bruyne,17.0,be BEL,CM,90,2,2,0,1,1,0,1,0.0,1,17,12,70.6,1,7,9,0,0,0,0,1,,0,0,07/21/20,Manchester City,Watford
193,Rodrigo,16.0,es ESP,DM,90,3,1,0,3,0,2,2,100.0,0,24,10,41.7,5,15,4,1,0,0,1,0,,1,0,07/21/20,Manchester City,Watford
194,Joao Cancelo,27.0,pt POR,"LB,RB",90,5,4,2,1,2,0,1,0.0,1,8,4,50.0,3,1,4,1,0,0,1,1,,2,0,07/21/20,Manchester City,Watford
195,Aymeric Laporte,14.0,fr FRA,CB,73,1,0,0,1,0,0,0,,0,4,2,50.0,0,4,0,0,0,0,0,0,,3,0,07/21/20,Manchester City,Watford
196,John Stones,5.0,eng ENG,CB,17,0,0,0,0,0,0,0,,0,1,1,100.0,1,0,0,0,0,0,0,0,,1,0,07/21/20,Manchester City,Watford
197,Eric Garcia,50.0,es ESP,CB,90,1,1,1,0,0,0,1,0.0,1,10,3,30.0,4,5,1,0,0,0,0,3,,3,0,07/21/20,Manchester City,Watford
198,Kyle Walker,2.0,eng ENG,RB,63,1,0,1,0,0,1,2,50.0,1,6,2,33.3,2,2,2,0,0,0,0,2,,2,0,07/21/20,Manchester City,Watford
199,Oleksandr Zinchenko,11.0,ua UKR,LB,27,0,0,0,0,0,0,0,,0,2,2,100.0,0,1,1,0,0,0,0,0,,1,0,07/21/20,Manchester City,Watford
200,Ederson,31.0,br BRA,GK,90,0,0,0,0,0,0,0,,0,0,0,,0,0,0,0,0,0,0,0,,0,0,07/21/20,Manchester City,Watford
201,Mbwana Samatta,20.0,tz TAN,FW,71,1,1,0,1,0,0,0,,0,9,3,33.3,1,4,4,1,0,0,1,0,,0,0,07/21/20,Aston Villa,Arsenal
202,Keinan Davis,39.0,eng ENG,FW,19,0,0,0,0,0,0,0,,0,3,0,0.0,0,3,0,0,0,0,0,0,,1,0,07/21/20,Aston Villa,Arsenal
203,Jack Grealish,10.0,eng ENG,LW,90,0,0,0,0,0,0,1,0.0,1,7,4,57.1,4,2,1,2,0,0,2,5,,2,0,07/21/20,Aston Villa,Arsenal
204,Trezeguet,17.0,eg EGY,RW,90,6,5,2,1,3,2,3,66.7,1,18,6,33.3,8,6,4,1,0,0,1,0,,0,0,07/21/20,Aston Villa,Arsenal
205,Conor Hourihane,14.0,ie IRL,CM,72,0,0,0,0,0,0,1,0.0,1,7,0,0.0,1,1,5,0,0,0,0,0,,2,0,07/21/20,Aston Villa,Arsenal
206,Marvelous Nakamba,11.0,zw ZIM,CM,18,0,0,0,0,0,0,0,,0,4,2,50.0,2,2,0,0,0,0,0,0,,1,0,07/21/20,Aston Villa,Arsenal
207,John McGinn,7.0,sco SCO,CM,89,1,1,1,0,0,0,1,0.0,1,15,4,26.7,4,7,4,0,0,0,0,1,,0,0,07/21/20,Aston Villa,Arsenal
208,Henri Lansbury,8.0,eng ENG,CM,1,0,0,0,0,0,0,0,,0,1,0,0.0,1,0,0,0,0,0,0,0,,0,0,07/21/20,Aston Villa,Arsenal
209,Douglas Luiz,6.0,br BRA,DM,90,2,0,2,0,0,1,3,33.3,2,14,4,28.6,6,8,0,3,0,0,3,2,,3,1,07/21/20,Aston Villa,Arsenal
210,Matt Targett,18.0,eng ENG,LB,90,3,0,3,0,0,0,0,,0,8,2,25.0,4,4,0,4,0,0,4,0,,2,0,07/21/20,Aston Villa,Arsenal
211,Tyrone Mings,40.0,eng ENG,CB,90,2,2,1,1,0,0,0,,0,5,3,60.0,2,2,1,1,1,0,0,0,,9,1,07/21/20,Aston Villa,Arsenal
212,Ezri Konsa Ngoyo,15.0,eng ENG,CB,90,1,0,1,0,0,0,0,,0,2,1,50.0,1,1,0,3,2,0,1,0,,7,0,07/21/20,Aston Villa,Arsenal
213,Ahmed El Mohamady,27.0,eg EGY,RB,24,0,0,0,0,0,0,0,,0,0,0,,0,0,0,1,0,0,1,0,,0,0,07/21/20,Aston Villa,Arsenal
214,Frederic Guilbert,24.0,fr FRA,RB,66,4,0,2,0,2,1,2,50.0,1,9,2,22.2,6,2,1,2,0,0,2,3,,1,0,07/21/20,Aston Villa,Arsenal
215,Pepe Reina,29.0,es ESP,GK,90,0,0,0,0,0,0,0,,0,0,0,,0,0,0,0,0,0,0,0,,0,0,07/21/20,Aston Villa,Arsenal
216,Alexandre Lacazette,9.0,fr FRA,FW,90,1,0,0,1,0,0,0,,0,7,2,28.6,1,4,2,0,0,0,0,0,,2,0,07/21/20,Arsenal,Aston Villa
217,Pierre-Emerick Aubameyang,14.0,ga GAB,LW,90,2,1,1,1,0,0,2,0.0,2,12,4,33.3,5,5,2,0,0,0,0,0,,0,0,07/21/20,Arsenal,Aston Villa
218,Eddie Nketiah,30.0,eng ENG,RW,90,0,0,0,0,0,0,0,,0,7,2,28.6,0,1,6,0,0,0,0,0,,0,0,07/21/20,Arsenal,Aston Villa
219,Lucas Torreira,11.0,uy URU,DM,45,0,0,0,0,0,0,0,,0,5,0,0.0,1,4,0,0,0,0,0,0,,1,0,07/21/20,Arsenal,Aston Villa
220,Granit Xhaka,34.0,ch SUI,DM,45,0,0,0,0,0,0,0,,0,2,0,0.0,0,2,0,1,0,0,1,0,,1,0,07/21/20,Arsenal,Aston Villa
221,Dani Ceballos,8.0,es ESP,DM,90,2,2,2,0,0,0,3,0.0,3,13,4,30.8,5,7,1,1,0,0,1,1,,3,0,07/21/20,Arsenal,Aston Villa
222,Bukayo Saka,77.0,eng ENG,WB,59,0,0,0,0,0,0,0,,0,5,1,20.0,2,3,0,3,0,0,3,2,,1,0,07/21/20,Arsenal,Aston Villa
223,Kieran Tierney,3.0,sco SCO,WB,31,1,0,1,0,0,0,0,,0,2,1,50.0,1,1,0,0,0,0,0,0,,2,0,07/21/20,Arsenal,Aston Villa
224,Cedric Soares,17.0,pt POR,"WB,CB",78,0,0,0,0,0,0,0,,0,11,3,27.3,3,7,1,3,0,0,3,0,,0,0,07/21/20,Arsenal,Aston Villa
225,Joseph Willock,28.0,eng ENG,CB,12,0,0,0,0,0,0,0,,0,2,0,0.0,1,1,0,1,0,0,1,0,,0,0,07/21/20,Arsenal,Aston Villa
226,Sead Kolasinac,31.0,ba BIH,CB,90,1,1,1,0,0,0,0,,0,4,3,75.0,2,1,1,2,0,0,2,1,,8,0,07/21/20,Arsenal,Aston Villa
227,David Luiz,23.0,br BRA,CB,59,0,0,0,0,0,0,0,,0,1,0,0.0,1,0,0,0,0,0,0,0,,4,0,07/21/20,Arsenal,Aston Villa
228,Nicolas Pepe,19.0,ci CIV,"WB,CB",31,0,0,0,0,0,0,0,,0,2,0,0.0,1,1,0,0,0,0,0,0,,0,0,07/21/20,Arsenal,Aston Villa
229,Rob Holding,16.0,eng ENG,CB,90,0,0,0,0,0,0,0,,0,3,1,33.3,1,1,1,1,1,0,0,0,,6,0,07/21/20,Arsenal,Aston Villa
230,Emiliano MartÃ­nez,26.0,ar ARG,GK,90,0,0,0,0,0,0,0,,0,0,0,,0,0,0,0,0,0,0,0,,0,0,07/21/20,Arsenal,Aston Villa
231,Anthony Martial,9.0,fr FRA,FW,90,0,0,0,0,0,0,0,,0,12,4,33.3,1,1,10,3,0,0,3,0,,0,0,07/22/20,Manchester Utd,West Ham
232,Marcus Rashford,10.0,eng ENG,LW,84,0,0,0,0,0,0,1,0.0,1,14,3,21.4,1,6,7,1,0,0,1,0,,0,0,07/22/20,Manchester Utd,West Ham
233,Odion Ighalo,25.0,ng NGA,LW,6,1,1,0,1,0,0,0,,0,3,2,66.7,0,1,2,1,0,0,1,0,,0,0,07/22/20,Manchester Utd,West Ham
234,Mason Greenwood,26.0,eng ENG,RW,90,0,0,0,0,0,0,2,0.0,2,11,5,45.5,2,3,6,2,0,0,2,0,,0,0,07/22/20,Manchester Utd,West Ham
235,Bruno Fernandes,18.0,pt POR,AM,90,0,0,0,0,0,0,0,,0,13,7,53.8,5,4,4,1,0,0,1,0,,1,0,07/22/20,Manchester Utd,West Ham
236,Nemanja Matic,31.0,rs SRB,CM,90,3,0,1,2,0,0,1,0.0,1,19,5,26.3,8,8,3,4,2,0,2,2,,0,0,07/22/20,Manchester Utd,West Ham
237,Paul Pogba,6.0,fr FRA,CM,90,0,0,0,0,0,0,0,,0,12,5,41.7,2,7,3,6,1,0,5,1,,0,0,07/22/20,Manchester Utd,West Ham
238,Brandon Williams,53.0,eng ENG,LB,90,2,2,1,1,0,1,4,25.0,3,17,4,23.5,8,7,2,5,1,0,4,0,,1,0,07/22/20,Manchester Utd,West Ham
239,Harry Maguire,5.0,eng ENG,CB,90,1,0,1,0,0,0,0,,0,2,1,50.0,2,0,0,1,0,0,1,3,,4,0,07/22/20,Manchester Utd,West Ham
240,Victor Lindelof,2.0,se SWE,CB,90,1,0,1,0,0,0,1,0.0,1,7,1,14.3,6,1,0,2,1,0,1,1,,1,0,07/22/20,Manchester Utd,West Ham
241,Timothy Fosu-Mensah,24.0,nl NED,RB,45,0,0,0,0,0,0,0,,0,6,1,16.7,3,3,0,0,0,0,0,1,,0,0,07/22/20,Manchester Utd,West Ham
242,Aaron Wan-Bissaka,29.0,eng ENG,RB,45,3,2,0,3,0,0,1,0.0,1,14,5,35.7,4,7,3,1,0,0,1,4,,1,0,07/22/20,Manchester Utd,West Ham
243,David de Gea,1.0,es ESP,GK,90,0,0,0,0,0,0,0,,0,0,0,,0,0,0,0,0,0,0,0,,0,0,07/22/20,Manchester Utd,West Ham
244,Michail Antonio,30.0,eng ENG,FW,77,1,1,1,0,0,0,2,0.0,2,9,5,55.6,3,2,4,0,0,0,0,0,,0,0,07/22/20,West Ham,Manchester Utd
245,Sebastien Haller,22.0,fr FRA,FW,13,2,1,1,1,0,0,0,,0,2,1,50.0,0,2,0,0,0,0,0,0,,1,0,07/22/20,West Ham,Manchester Utd
246,Pablo Fornals,18.0,es ESP,LW,90,0,0,0,0,0,0,2,0.0,2,15,7,46.7,6,5,4,1,0,0,1,3,,0,0,07/22/20,West Ham,Manchester Utd
247,Jarrod Bowen,17.0,eng ENG,RW,89,1,1,1,0,0,0,2,0.0,2,13,4,30.8,6,4,3,0,0,0,0,0,,1,0,07/22/20,West Ham,Manchester Utd
248,Andriy Yarmolenko,7.0,ua UKR,RW,1,0,0,0,0,0,0,0,,0,0,0,,0,0,0,0,0,0,0,0,,0,0,07/22/20,West Ham,Manchester Utd
249,Mark Noble,16.0,eng ENG,AM,90,0,0,0,0,0,0,1,0.0,1,8,2,25.0,2,5,1,1,0,0,1,0,,0,0,07/22/20,West Ham,Manchester Utd
250,Tomas Soucek,28.0,cz CZE,CM,90,4,2,3,1,0,0,0,,0,9,5,55.6,5,3,1,1,0,0,1,2,,2,0,07/22/20,West Ham,Manchester Utd
251,Declan Rice,41.0,eng ENG,CM,90,4,1,3,1,0,0,1,0.0,1,26,6,23.1,15,11,0,3,0,0,3,4,,1,0,07/22/20,West Ham,Manchester Utd
252,Aaron Cresswell,3.0,eng ENG,LB,74,0,0,0,0,0,0,0,,0,1,0,0.0,0,1,0,0,0,0,0,0,,0,0,07/22/20,West Ham,Manchester Utd
253,Arthur Masuaku,26.0,cd COD,LB,16,2,0,1,1,0,1,2,50.0,1,8,2,25.0,6,2,0,1,0,0,1,0,,0,0,07/22/20,West Ham,Manchester Utd
254,Angelo Ogbonna,21.0,it ITA,CB,90,3,2,1,1,1,1,1,100.0,0,7,4,57.1,3,3,1,3,2,0,1,0,,6,0,07/22/20,West Ham,Manchester Utd
255,Issa Diop,23.0,fr FRA,CB,90,0,0,0,0,0,0,0,,0,5,1,20.0,4,1,0,2,0,0,2,6,,2,0,07/22/20,West Ham,Manchester Utd
256,Ben Johnson,53.0,eng ENG,RB,90,4,2,2,2,0,2,4,50.0,2,14,2,14.3,9,4,1,2,0,0,2,1,,4,0,07/22/20,West Ham,Manchester Utd
257,Åukasz FabiaÅski,1.0,pl POL,GK,90,0,0,0,0,0,0,0,,0,0,0,,0,0,0,0,0,0,0,0,,0,0,07/22/20,West Ham,Manchester Utd
258,Roberto Firmino,9.0,br BRA,FW,86,1,1,0,0,1,0,0,,0,10,3,30.0,1,4,5,0,0,0,0,0,,0,0,07/22/20,Liverpool,Chelsea
259,Takumi Minamino,18.0,jp JPN,FW,4,0,0,0,0,0,0,0,,0,0,0,,0,0,0,0,0,0,0,0,,0,0,07/22/20,Liverpool,Chelsea
260,Sadio Mane,10.0,sn SEN,LW,86,2,2,0,2,0,0,1,0.0,1,12,6,50.0,1,3,8,1,0,0,1,0,,0,0,07/22/20,Liverpool,Chelsea
261,Divock Origi,27.0,be BEL,LW,4,0,0,0,0,0,0,0,,0,2,1,50.0,0,0,2,0,0,0,0,0,,0,0,07/22/20,Liverpool,Chelsea
262,Mohamed Salah,11.0,eg EGY,RW,78,2,1,0,1,1,0,0,,0,16,4,25.0,0,7,9,0,0,0,0,1,,0,0,07/22/20,Liverpool,Chelsea
263,Alex Oxlade-Chamberlain,15.0,eng ENG,RW,12,1,0,0,0,1,0,0,,0,5,0,0.0,2,2,1,0,0,0,0,0,,0,0,07/22/20,Liverpool,Chelsea
264,Georginio Wijnaldum,5.0,nl NED,CM,65,3,1,0,2,1,0,1,0.0,1,14,6,42.9,2,9,3,0,0,0,0,0,,0,0,07/22/20,Liverpool,Chelsea
265,James Milner,7.0,eng ENG,CM,25,1,0,0,1,0,0,1,0.0,1,7,0,0.0,3,4,0,0,0,0,0,0,,1,0,07/22/20,Liverpool,Chelsea
266,Naby Keita,8.0,gn GUI,CM,65,2,2,1,1,0,1,4,25.0,3,16,8,50.0,4,9,3,2,0,0,2,1,,0,0,07/22/20,Liverpool,Chelsea
267,Curtis Jones,48.0,eng ENG,CM,25,0,0,0,0,0,0,0,,0,3,0,0.0,1,0,2,0,0,0,0,0,,0,0,07/22/20,Liverpool,Chelsea
268,Fabinho,3.0,br BRA,DM,90,4,2,2,2,0,3,3,100.0,0,15,5,33.3,5,8,2,0,0,0,0,2,,0,0,07/22/20,Liverpool,Chelsea
269,Andrew Robertson,26.0,sco SCO,LB,90,0,0,0,0,0,0,0,,0,5,3,60.0,2,1,2,3,0,0,3,1,,2,0,07/22/20,Liverpool,Chelsea
270,Virgil van Dijk,4.0,nl NED,CB,90,0,0,0,0,0,0,0,,0,1,0,0.0,1,0,0,1,0,0,1,0,,3,0,07/22/20,Liverpool,Chelsea
271,Joseph Gomez,12.0,eng ENG,CB,90,1,1,1,0,0,1,2,50.0,1,7,2,28.6,3,4,0,1,0,0,1,1,,4,0,07/22/20,Liverpool,Chelsea
272,Trent Alexander-Arnold,66.0,eng ENG,RB,90,1,1,1,0,0,0,2,0.0,2,10,5,50.0,6,2,2,2,0,0,2,2,,4,0,07/22/20,Liverpool,Chelsea
273,Alisson,1.0,br BRA,GK,90,0,0,0,0,0,0,0,,0,0,0,,0,0,0,0,0,0,0,0,,0,0,07/22/20,Liverpool,Chelsea
274,Olivier Giroud,18.0,fr FRA,FW,58,0,0,0,0,0,0,1,0.0,1,16,3,18.8,0,6,10,2,0,0,2,0,,1,0,07/22/20,Chelsea,Liverpool
275,Tammy Abraham,9.0,eng ENG,FW,32,0,0,0,0,0,0,0,,0,4,2,50.0,0,0,4,0,0,0,0,0,,0,0,07/22/20,Chelsea,Liverpool
276,Mason Mount,19.0,eng ENG,LW,58,0,0,0,0,0,0,1,0.0,1,25,5,20.0,5,11,9,1,0,0,1,0,,0,0,07/22/20,Chelsea,Liverpool
277,Callum Hudson-Odoi,20.0,eng ENG,"RW,LW",32,0,0,0,0,0,0,0,,0,2,1,50.0,0,2,0,1,0,0,1,0,,0,0,07/22/20,Chelsea,Liverpool
278,Willian,10.0,br BRA,RW,58,1,1,1,0,0,0,1,0.0,1,20,1,5.0,1,9,10,0,0,0,0,0,,0,0,07/22/20,Chelsea,Liverpool
279,Christian Pulisic,22.0,us USA,"LW,RW",32,0,0,0,0,0,0,2,0.0,2,8,3,37.5,0,3,5,1,0,0,1,1,,0,0,07/22/20,Chelsea,Liverpool
280,Mateo Kovacic,17.0,hr CRO,DM,90,3,0,0,2,1,0,4,0.0,4,33,9,27.3,6,17,10,0,0,0,0,0,,1,0,07/22/20,Chelsea,Liverpool
281,Jorginho,5.0,it ITA,DM,90,3,0,1,2,0,2,4,50.0,2,32,6,18.8,9,17,6,2,0,0,2,1,,1,0,07/22/20,Chelsea,Liverpool
282,Marcos Alonso,3.0,es ESP,WB,87,0,0,0,0,0,0,0,,0,7,1,14.3,4,3,0,0,0,0,0,0,,4,0,07/22/20,Chelsea,Liverpool
283,Emerson,33.0,it ITA,WB,3,0,0,0,0,0,0,0,,0,1,1,100.0,0,0,1,1,0,0,1,0,,0,0,07/22/20,Chelsea,Liverpool
284,Reece James,24.0,eng ENG,WB,90,2,2,2,0,0,0,4,0.0,4,28,9,32.1,12,14,2,4,0,0,4,0,,3,0,07/22/20,Chelsea,Liverpool
285,Antonio Rudiger,2.0,de GER,CB,90,2,0,1,0,1,0,1,0.0,1,9,2,22.2,4,4,1,1,0,0,1,1,,8,0,07/22/20,Chelsea,Liverpool
286,Kurt Zouma,15.0,fr FRA,CB,90,1,1,1,0,0,0,0,,0,8,3,37.5,5,3,0,1,1,0,0,4,,12,0,07/22/20,Chelsea,Liverpool
287,Cesar Azpilicueta,28.0,es ESP,CB,90,1,0,1,0,0,0,1,0.0,1,17,5,29.4,11,5,1,0,0,0,0,0,,2,0,07/22/20,Chelsea,Liverpool
288,Kepa Arrizabalaga,1.0,es ESP,GK,90,0,0,0,0,0,0,0,,0,1,1,100.0,1,0,0,0,0,0,0,0,,0,0,07/22/20,Chelsea,Liverpool
289,Danny Ings,9.0,eng ENG,FW,90,1,1,0,1,0,0,2,0.0,2,14,7,50.0,1,3,10,0,0,0,0,0,,0,0,07/26/20,Southampton,Sheffield Utd
290,Che Adams,10.0,eng ENG,FW,84,1,1,0,1,0,0,0,,0,5,2,40.0,0,2,3,0,0,0,0,0,,0,0,07/26/20,Southampton,Sheffield Utd
291,Shane Long,7.0,ie IRL,FW,6,0,0,0,0,0,0,0,,0,0,0,,0,0,0,0,0,0,0,0,,0,0,07/26/20,Southampton,Sheffield Utd
292,Nathan Redmond,22.0,eng ENG,CM,90,1,1,0,1,0,0,0,,0,9,5,55.6,4,1,4,1,0,0,1,1,,0,0,07/26/20,Southampton,Sheffield Utd
293,Stuart Armstrong,17.0,sco SCO,CM,29,0,0,0,0,0,0,0,,0,2,0,0.0,0,1,1,1,0,0,1,0,,0,0,07/26/20,Southampton,Sheffield Utd
294,William Smallbone,27.0,ie IRL,CM,61,4,4,1,3,0,1,1,100.0,0,12,5,41.7,4,3,5,1,0,0,1,0,,0,0,07/26/20,Southampton,Sheffield Utd
295,Oriol Romeu,14.0,es ESP,DM,89,2,2,1,0,1,1,2,50.0,1,7,2,28.6,4,1,2,3,0,0,3,0,,2,0,07/26/20,Southampton,Sheffield Utd
296,Michael Obafemi,20.0,ie IRL,DM,1,0,0,0,0,0,0,0,,0,1,0,0.0,0,0,1,0,0,0,0,0,,0,0,07/26/20,Southampton,Sheffield Utd
297,James Ward-Prowse,16.0,eng ENG,DM,90,1,1,0,1,0,1,1,100.0,0,6,2,33.3,1,3,2,1,0,0,1,0,,0,0,07/26/20,Southampton,Sheffield Utd
298,Ryan Bertrand,21.0,eng ENG,LB,90,0,0,0,0,0,0,2,0.0,2,5,1,20.0,1,2,2,0,0,0,0,0,,0,0,07/26/20,Southampton,Sheffield Utd
299,Jannik Vestergaard,4.0,dk DEN,CB,90,1,1,1,0,0,0,1,0.0,1,5,3,60.0,3,2,0,1,1,0,0,3,,7,0,07/26/20,Southampton,Sheffield Utd
300,Jack Stephens,5.0,eng ENG,CB,90,1,1,1,0,0,0,0,,0,5,2,40.0,2,3,0,3,1,0,2,0,,4,0,07/26/20,Southampton,Sheffield Utd
301,Kyle Walker-Peters,24.0,eng ENG,RB,90,0,0,0,0,0,0,1,0.0,1,11,4,36.4,6,3,2,0,0,0,0,2,,0,1,07/26/20,Southampton,Sheffield Utd
302,Alex McCarthy,1.0,eng ENG,GK,90,0,0,0,0,0,0,0,,0,0,0,,0,0,0,0,0,0,0,0,,0,1,07/26/20,Southampton,Sheffield Utd
303,Billy Sharp,10.0,eng ENG,FW,69,0,0,0,0,0,0,0,,0,16,6,37.5,0,8,8,0,0,0,0,0,,0,0,07/26/20,Sheffield Utd,Southampton
304,Leon Clarke,24.0,eng ENG,FW,21,0,0,0,0,0,0,0,,0,8,1,12.5,0,2,6,0,0,0,0,0,,2,0,07/26/20,Sheffield Utd,Southampton
305,Oliver McBurnie,9.0,sco SCO,FW,50,0,0,0,0,0,0,3,0.0,3,23,5,21.7,1,13,9,0,0,0,0,0,,1,0,07/26/20,Sheffield Utd,Southampton
306,Richairo Zivkovic,30.0,nl NED,FW,40,0,0,0,0,0,0,0,,0,24,7,29.2,2,10,12,0,0,0,0,0,,0,0,07/26/20,Sheffield Utd,Southampton
307,John Fleck,4.0,sco SCO,CM,90,2,0,1,1,0,1,3,33.3,2,27,5,18.5,5,17,5,1,0,0,1,3,,1,0,07/26/20,Sheffield Utd,Southampton
308,John Lundstram,7.0,eng ENG,CM,90,2,0,0,2,0,1,3,33.3,2,23,4,17.4,8,11,4,0,0,0,0,1,,3,0,07/26/20,Sheffield Utd,Southampton
309,Sander Berge,32.0,no NOR,DM,90,5,4,1,3,1,1,1,100.0,0,23,6,26.1,7,14,2,1,0,0,1,1,,4,0,07/26/20,Sheffield Utd,Southampton
310,Enda Stevens,3.0,ie IRL,WB,90,0,0,0,0,0,0,0,,0,11,4,36.4,2,9,0,1,0,0,1,0,,5,0,07/26/20,Sheffield Utd,Southampton
311,George Baldock,2.0,eng ENG,WB,90,2,1,2,0,0,0,1,0.0,1,19,3,15.8,10,9,0,3,1,0,2,0,,2,0,07/26/20,Sheffield Utd,Southampton
312,Jack Robinson,19.0,eng ENG,CB,90,1,1,1,0,0,1,2,50.0,1,12,2,16.7,8,4,0,3,2,0,1,0,,6,0,07/26/20,Sheffield Utd,Southampton
313,John Egan,12.0,ie IRL,CB,90,2,2,1,1,0,1,2,50.0,1,9,3,33.3,7,2,0,4,0,0,4,2,,6,0,07/26/20,Sheffield Utd,Southampton
314,Chris Basham,6.0,eng ENG,CB,79,2,1,2,0,0,0,7,0.0,7,19,6,31.6,14,4,1,3,3,0,0,3,,9,0,07/26/20,Sheffield Utd,Southampton
315,Oliver Norwood,16.0,nir NIR,CB,11,0,0,0,0,0,0,1,0.0,1,4,1,25.0,2,1,1,0,0,0,0,0,,0,0,07/26/20,Sheffield Utd,Southampton
316,Dean Henderson,1.0,eng ENG,GK,90,0,0,0,0,0,0,0,,0,0,0,,0,0,0,0,0,0,0,0,,0,0,07/26/20,Sheffield Utd,Southampton
317,Jay Rodriguez,19.0,eng ENG,FW,77,0,0,0,0,0,0,0,,0,8,3,37.5,0,2,6,2,1,0,1,0,,1,0,07/26/20,Burnley,Brighton
318,Matej Vydra,27.0,cz CZE,FW,13,0,0,0,0,0,0,1,0.0,1,6,1,16.7,0,0,6,0,0,0,0,0,,0,0,07/26/20,Burnley,Brighton
319,Chris Wood,9.0,nz NZL,FW,90,0,0,0,0,0,0,0,,0,11,2,18.2,1,4,6,1,0,0,1,1,,1,0,07/26/20,Burnley,Brighton
320,Dwight McNeil,11.0,eng ENG,CM,90,2,2,0,1,1,0,1,0.0,1,8,3,37.5,2,1,5,0,0,0,0,0,,0,0,07/26/20,Burnley,Brighton
321,Josh Brownhill,8.0,eng ENG,CM,90,2,2,1,1,0,0,0,,0,9,2,22.2,2,3,4,0,0,0,0,2,,1,0,07/26/20,Burnley,Brighton
322,Ashley Westwood,18.0,eng ENG,CM,90,5,4,0,5,0,1,1,100.0,0,11,6,54.5,2,8,1,2,0,0,2,1,,0,0,07/26/20,Burnley,Brighton
323,Johann Gudmundsson,7.0,is ISL,CM,74,2,0,1,1,0,1,1,100.0,0,13,2,15.4,3,5,5,1,0,0,1,0,,1,0,07/26/20,Burnley,Brighton
324,Robbie Brady,12.0,ie IRL,CM,16,1,1,1,0,0,0,0,,0,5,3,60.0,4,1,0,1,1,0,0,0,,0,0,07/26/20,Burnley,Brighton
325,Erik Pieters,23.0,nl NED,LB,90,1,0,0,1,0,1,2,50.0,1,7,1,14.3,5,2,0,4,1,0,3,2,,0,0,07/26/20,Burnley,Brighton
326,James Tarkowski,5.0,eng ENG,CB,90,2,0,1,1,0,0,0,,0,6,2,33.3,4,2,0,4,1,0,3,3,,2,0,07/26/20,Burnley,Brighton
327,Kevin Long,28.0,ie IRL,CB,90,4,2,4,0,0,1,2,50.0,1,15,4,26.7,10,5,0,2,1,0,1,2,,4,0,07/26/20,Burnley,Brighton
328,Phil Bardsley,26.0,sco SCO,RB,90,3,3,2,1,0,0,0,,0,7,3,42.9,3,2,2,2,1,0,1,1,,2,0,07/26/20,Burnley,Brighton
329,Nick Pope,1.0,eng ENG,GK,90,0,0,0,0,0,0,0,,0,0,0,,0,0,0,0,0,0,0,0,,0,0,07/26/20,Burnley,Brighton
330,Neal Maupay,7.0,fr FRA,FW,89,1,0,1,0,0,0,0,,0,12,4,33.3,0,9,3,0,0,0,0,1,,1,0,07/26/20,Brighton,Burnley
331,Alireza Jahanbakhsh,16.0,ir IRN,FW,1,0,0,0,0,0,0,0,,0,0,0,,0,0,0,0,0,0,0,0,,1,0,07/26/20,Brighton,Burnley
332,Aaron Connolly,44.0,ie IRL,FW,89,4,2,0,1,3,0,0,,0,9,1,11.1,1,5,3,0,0,0,0,0,,0,0,07/26/20,Brighton,Burnley
333,Glenn Murray,17.0,eng ENG,FW,1,0,0,0,0,0,0,0,,0,0,0,,0,0,0,0,0,0,0,0,,0,0,07/26/20,Brighton,Burnley
334,Alexis Mac Allister,10.0,ar ARG,AM,73,0,0,0,0,0,0,0,,0,8,2,25.0,3,5,0,2,0,0,2,0,,0,0,07/26/20,Brighton,Burnley
335,Aaron Mooy,18.0,au AUS,AM,17,0,0,0,0,0,0,0,,0,3,0,0.0,1,2,0,0,0,0,0,0,,2,0,07/26/20,Brighton,Burnley
336,Dale Stephens,6.0,eng ENG,DM,90,2,1,2,0,0,0,0,,0,6,2,33.3,4,2,0,1,1,1,0,0,,0,0,07/26/20,Brighton,Burnley
337,Yves Bissouma,8.0,ml MLI,DM,72,0,0,0,0,0,0,1,0.0,1,9,1,11.1,5,3,1,3,0,0,3,1,,3,0,07/26/20,Brighton,Burnley
338,Davy Propper,24.0,nl NED,DM,18,0,0,0,0,0,0,0,,0,2,0,0.0,0,1,1,1,0,0,1,0,,2,0,07/26/20,Brighton,Burnley
339,Solly March,20.0,eng ENG,WB,72,0,0,0,0,0,0,0,,0,3,1,33.3,2,1,0,0,0,0,0,0,,0,0,07/26/20,Brighton,Burnley
340,Bernardo,30.0,br BRA,WB,18,0,0,0,0,0,0,0,,0,5,1,20.0,1,3,1,1,0,0,1,2,,1,0,07/26/20,Brighton,Burnley
341,Tariq Lamptey,2.0,eng ENG,WB,90,1,1,1,0,0,0,1,0.0,1,7,1,14.3,3,3,1,0,0,0,0,3,,2,0,07/26/20,Brighton,Burnley
342,Dan Burn,33.0,eng ENG,CB,90,1,1,1,0,0,0,0,,0,7,4,57.1,7,0,0,0,0,0,0,1,,11,0,07/26/20,Brighton,Burnley
343,Lewis Dunk,5.0,eng ENG,CB,90,1,0,1,0,0,0,1,0.0,1,6,3,50.0,5,1,0,1,1,0,0,1,,6,0,07/26/20,Brighton,Burnley
344,Adam Webster,15.0,eng ENG,CB,90,0,0,0,0,0,0,0,,0,4,1,25.0,4,0,0,3,1,0,2,1,,11,0,07/26/20,Brighton,Burnley
345,Mathew Ryan,1.0,au AUS,GK,90,0,0,0,0,0,0,0,,0,0,0,,0,0,0,0,0,0,0,0,,0,0,07/26/20,Brighton,Burnley
346,Michail Antonio,30.0,eng ENG,FW,45,0,0,0,0,0,0,0,,0,8,1,12.5,2,4,2,1,0,0,1,0,,0,0,07/26/20,West Ham,Aston Villa
347,Sebastien Haller,22.0,fr FRA,FW,45,2,2,2,0,0,0,0,,0,6,5,83.3,3,1,2,0,0,0,0,0,,0,0,07/26/20,West Ham,Aston Villa
348,Pablo Fornals,18.0,es ESP,LW,66,2,1,2,0,0,0,1,0.0,1,9,6,66.7,5,2,2,1,0,0,1,0,,2,0,07/26/20,West Ham,Aston Villa
349,Manuel Lanzini,10.0,ar ARG,LW,24,0,0,0,0,0,0,0,,0,1,0,0.0,1,0,0,0,0,0,0,0,,0,0,07/26/20,West Ham,Aston Villa
350,Jarrod Bowen,17.0,eng ENG,RW,45,0,0,0,0,0,0,0,,0,6,0,0.0,3,2,1,0,0,0,0,1,,0,0,07/26/20,West Ham,Aston Villa
351,Andriy Yarmolenko,7.0,ua UKR,RW,45,1,1,1,0,0,0,0,,0,5,1,20.0,2,1,2,0,0,0,0,1,,0,0,07/26/20,West Ham,Aston Villa
352,Mark Noble,16.0,eng ENG,AM,86,1,1,0,0,1,0,0,,0,6,2,33.3,2,2,2,1,1,0,0,0,,0,0,07/26/20,West Ham,Aston Villa
353,Felipe Anderson,8.0,br BRA,AM,4,0,0,0,0,0,0,0,,0,0,0,,0,0,0,0,0,0,0,0,,0,0,07/26/20,West Ham,Aston Villa
354,Declan Rice,41.0,eng ENG,DM,90,2,1,1,1,0,1,2,50.0,1,16,3,18.8,8,8,0,0,0,0,0,2,,0,0,07/26/20,West Ham,Aston Villa
355,Tomas Soucek,28.0,cz CZE,DM,90,4,4,2,2,0,0,1,0.0,1,17,7,41.2,8,7,2,0,0,0,0,0,,3,0,07/26/20,West Ham,Aston Villa
356,Ben Johnson,53.0,eng ENG,LB,90,2,1,1,0,1,1,1,100.0,0,10,2,20.0,5,2,3,4,2,0,2,1,,3,0,07/26/20,West Ham,Aston Villa
357,Angelo Ogbonna,21.0,it ITA,CB,90,0,0,0,0,0,0,1,0.0,1,5,1,20.0,2,3,0,3,2,0,1,1,,4,0,07/26/20,West Ham,Aston Villa
358,Issa Diop,23.0,fr FRA,CB,90,0,0,0,0,0,0,0,,0,8,3,37.5,5,2,1,0,0,0,0,0,,5,0,07/26/20,West Ham,Aston Villa
359,Ryan Fredericks,24.0,eng ENG,RB,90,6,4,6,0,0,2,4,50.0,2,17,6,35.3,15,1,1,1,0,0,1,2,,4,0,07/26/20,West Ham,Aston Villa
360,Åukasz FabiaÅski,1.0,pl POL,GK,90,0,0,0,0,0,0,0,,0,0,0,,0,0,0,0,0,0,0,0,,0,0,07/26/20,West Ham,Aston Villa
361,Mbwana Samatta,20.0,tz TAN,FW,67,1,1,0,1,0,0,1,0.0,1,14,3,21.4,0,6,8,1,0,0,1,0,,0,0,07/26/20,Aston Villa,West Ham
362,Keinan Davis,39.0,eng ENG,FW,23,0,0,0,0,0,0,0,,0,2,1,50.0,0,1,1,0,0,0,0,0,,0,0,07/26/20,Aston Villa,West Ham
363,Jack Grealish,10.0,eng ENG,CM,90,1,0,0,1,0,0,0,,0,14,4,28.6,3,6,5,0,0,0,0,0,,0,0,07/26/20,Aston Villa,West Ham
364,Conor Hourihane,14.0,ie IRL,CM,75,0,0,0,0,0,0,0,,0,3,1,33.3,0,2,1,2,0,0,2,1,,1,0,07/26/20,Aston Villa,West Ham
365,Marvelous Nakamba,11.0,zw ZIM,CM,15,0,0,0,0,0,0,0,,0,2,1,50.0,1,0,1,1,1,0,0,0,,0,0,07/26/20,Aston Villa,West Ham
366,John McGinn,7.0,sco SCO,CM,90,2,1,0,0,2,0,3,0.0,3,16,3,18.8,6,6,4,1,0,0,1,2,,0,0,07/26/20,Aston Villa,West Ham
367,Trezeguet,17.0,eg EGY,CM,89,1,1,1,0,0,0,1,0.0,1,24,4,16.7,7,7,10,3,0,0,3,1,,1,0,07/26/20,Aston Villa,West Ham
368,Anwar El Ghazi,21.0,nl NED,CM,1,0,0,0,0,0,0,0,,0,0,0,,0,0,0,0,0,0,0,0,,0,0,07/26/20,Aston Villa,West Ham
369,Douglas Luiz,6.0,br BRA,DM,90,2,1,2,0,0,1,3,33.3,2,22,3,13.6,10,12,0,0,0,0,0,2,,1,0,07/26/20,Aston Villa,West Ham
370,Matt Targett,18.0,eng ENG,LB,90,6,2,3,3,0,3,4,75.0,1,14,4,28.6,4,8,2,1,0,0,1,2,,1,0,07/26/20,Aston Villa,West Ham
371,Tyrone Mings,40.0,eng ENG,CB,90,0,0,0,0,0,0,0,,0,3,0,0.0,2,1,0,1,1,0,0,0,,4,0,07/26/20,Aston Villa,West Ham
372,Ezri Konsa Ngoyo,15.0,eng ENG,CB,90,0,0,0,0,0,0,1,0.0,1,4,1,25.0,1,2,1,2,1,0,1,0,,5,1,07/26/20,Aston Villa,West Ham
373,Frederic Guilbert,24.0,fr FRA,RB,75,1,0,0,1,0,0,0,,0,9,3,33.3,4,2,3,1,0,0,1,1,,1,0,07/26/20,Aston Villa,West Ham
374,Kortney Hause,30.0,eng ENG,RB,15,0,0,0,0,0,0,0,,0,0,0,,0,0,0,1,1,0,0,0,,0,0,07/26/20,Aston Villa,West Ham
375,Pepe Reina,29.0,es ESP,GK,90,0,0,0,0,0,0,0,,0,0,0,,0,0,0,0,0,0,0,0,,0,0,07/26/20,Aston Villa,West Ham
376,Olivier Giroud,18.0,fr FRA,FW,77,1,1,1,0,0,0,0,,0,12,3,25.0,1,2,9,1,0,0,1,0,,1,0,07/26/20,Chelsea,Wolves
377,Tammy Abraham,9.0,eng ENG,FW,13,0,0,0,0,0,0,1,0.0,1,4,1,25.0,0,4,0,0,0,0,0,0,,0,0,07/26/20,Chelsea,Wolves
378,Christian Pulisic,22.0,us USA,LW,77,1,0,1,0,0,0,0,,0,12,3,25.0,3,5,4,2,0,0,2,0,,0,0,07/26/20,Chelsea,Wolves
379,Callum Hudson-Odoi,20.0,eng ENG,LW,13,0,0,0,0,0,0,0,,0,0,0,,0,0,0,2,0,0,2,1,,0,0,07/26/20,Chelsea,Wolves
380,Mason Mount,19.0,eng ENG,RW,84,2,1,0,1,1,0,0,,0,11,6,54.5,0,4,7,0,0,0,0,0,,0,0,07/26/20,Chelsea,Wolves
381,Pedro,11.0,es ESP,RW,6,0,0,0,0,0,0,0,,0,0,0,,0,0,0,0,0,0,0,0,,0,0,07/26/20,Chelsea,Wolves
382,Mateo Kovacic,17.0,hr CRO,DM,84,6,2,4,2,0,1,2,50.0,1,18,5,27.8,5,9,4,1,0,0,1,0,,0,0,07/26/20,Chelsea,Wolves
383,Ruben Loftus-Cheek,12.0,eng ENG,DM,6,0,0,0,0,0,0,0,,0,1,0,0.0,1,0,0,0,0,0,0,0,,0,0,07/26/20,Chelsea,Wolves
384,Jorginho,5.0,it ITA,DM,87,2,2,0,2,0,0,3,0.0,3,18,7,38.9,9,9,0,1,0,0,1,2,,0,0,07/26/20,Chelsea,Wolves
385,Ross Barkley,8.0,eng ENG,DM,3,0,0,0,0,0,0,0,,0,1,1,100.0,0,1,0,0,0,0,0,0,,0,0,07/26/20,Chelsea,Wolves
386,Marcos Alonso,3.0,es ESP,WB,90,4,3,2,1,1,0,0,,0,14,7,50.0,5,8,1,2,0,0,2,1,,2,0,07/26/20,Chelsea,Wolves
387,Reece James,24.0,eng ENG,WB,90,4,1,0,3,1,0,0,,0,17,7,41.2,2,11,4,1,0,0,1,0,,1,0,07/26/20,Chelsea,Wolves
388,Antonio Rudiger,2.0,de GER,CB,90,7,2,6,1,0,1,3,33.3,2,21,8,38.1,8,13,0,1,0,0,1,0,,5,0,07/26/20,Chelsea,Wolves
389,Kurt Zouma,15.0,fr FRA,CB,90,2,1,0,2,0,0,0,,0,2,2,100.0,0,2,0,2,1,0,1,2,,13,0,07/26/20,Chelsea,Wolves
390,Cesar Azpilicueta,28.0,es ESP,CB,90,4,2,0,3,1,0,2,0.0,2,14,7,50.0,4,8,2,2,1,0,1,1,,5,0,07/26/20,Chelsea,Wolves
391,Willy Caballero,13.0,ar ARG,GK,90,0,0,0,0,0,0,0,,0,0,0,,0,0,0,0,0,0,0,0,,0,0,07/26/20,Chelsea,Wolves
392,Raul Jimenez,9.0,mx MEX,FW,90,1,1,0,1,0,0,0,,0,19,3,15.8,1,8,10,1,0,0,1,0,,1,0,07/26/20,Wolves,Chelsea
393,Diogo Jota,18.0,pt POR,LW,83,1,1,0,1,0,0,0,,0,8,1,12.5,1,5,2,2,0,0,2,0,,1,0,07/26/20,Wolves,Chelsea
394,Bruno JordÃ£o,6.0,pt POR,LW,7,0,0,0,0,0,0,0,,0,0,0,,0,0,0,1,0,0,1,0,,0,0,07/26/20,Wolves,Chelsea
395,Pedro Neto,7.0,pt POR,RW,45,2,1,1,1,0,1,3,33.3,2,8,2,25.0,3,4,1,0,0,0,0,0,,1,0,07/26/20,Wolves,Chelsea
396,Adama Traore,37.0,es ESP,RW,45,0,0,0,0,0,0,1,0.0,1,5,2,40.0,4,1,0,0,0,0,0,0,,1,0,07/26/20,Wolves,Chelsea
397,Ruben Neves,8.0,pt POR,DM,58,1,1,0,1,0,0,0,,0,16,5,31.3,5,9,2,2,0,0,2,0,,1,0,07/26/20,Wolves,Chelsea
398,Joao Moutinho,28.0,pt POR,DM,32,3,0,0,3,0,0,0,,0,11,3,27.3,1,9,1,0,0,0,0,0,,0,0,07/26/20,Wolves,Chelsea
399,Leander Dendoncker,32.0,be BEL,DM,90,3,1,0,2,1,1,1,100.0,0,17,8,47.1,5,10,2,3,0,0,3,0,,1,0,07/26/20,Wolves,Chelsea
400,Jonny,19.0,es ESP,WB,57,0,0,0,0,0,0,0,,0,17,3,17.6,9,8,0,1,0,0,1,0,,0,0,07/26/20,Wolves,Chelsea
401,Ruben Vinagre,29.0,pt POR,WB,33,1,0,1,0,0,0,0,,0,9,1,11.1,2,7,0,0,0,0,0,1,,0,0,07/26/20,Wolves,Chelsea
402,Matt Doherty,2.0,ie IRL,WB,58,1,0,1,0,0,1,1,100.0,0,8,3,37.5,6,1,1,2,0,0,2,0,,1,0,07/26/20,Wolves,Chelsea
403,Daniel Podence,10.0,pt POR,WB,32,0,0,0,0,0,0,0,,0,8,0,0.0,1,5,2,1,1,0,0,1,,0,0,07/26/20,Wolves,Chelsea
404,Romain Saiss,27.0,ma MAR,CB,90,4,2,3,1,0,2,2,100.0,0,9,2,22.2,5,4,0,1,0,0,1,2,,8,0,07/26/20,Wolves,Chelsea
405,Conor Coady,16.0,eng ENG,CB,90,1,0,0,1,0,0,0,,0,11,2,18.2,6,5,0,0,0,0,0,2,,9,0,07/26/20,Wolves,Chelsea
406,Willy Boly,15.0,fr FRA,CB,90,8,7,6,2,0,2,3,66.7,1,14,7,50.0,7,7,0,6,2,0,4,2,,8,0,07/26/20,Wolves,Chelsea
407,Rui PatrÃ­cio,11.0,pt POR,GK,90,0,0,0,0,0,0,1,0.0,1,1,0,0.0,1,0,0,0,0,0,0,0,,0,0,07/26/20,Wolves,Chelsea
408,Wilfried Zaha,11.0,ci CIV,FW,90,1,1,0,0,1,1,1,100.0,0,13,6,46.2,0,7,6,0,0,0,0,0,,0,0,07/26/20,Crystal Palace,Tottenham
409,Jordan Ayew,9.0,gh GHA,FW,90,1,0,1,0,0,0,0,,0,11,3,27.3,2,3,6,0,0,0,0,0,,1,0,07/26/20,Crystal Palace,Tottenham
410,Jeffrey Schlupp,15.0,gh GHA,CM,84,1,0,1,0,0,0,0,,0,13,2,15.4,4,6,3,2,0,0,2,2,,0,0,07/26/20,Crystal Palace,Tottenham
411,Luka Milivojevic,4.0,rs SRB,CM,6,0,0,0,0,0,0,0,,0,2,2,100.0,2,0,0,0,0,0,0,0,,0,0,07/26/20,Crystal Palace,Tottenham
412,James McArthur,18.0,sco SCO,CM,69,5,4,2,3,0,2,5,40.0,3,17,7,41.2,12,5,0,1,1,0,0,1,,0,0,07/26/20,Crystal Palace,Tottenham
413,Jairo Riedewald,44.0,nl NED,CM,21,0,0,0,0,0,0,0,,0,4,2,50.0,0,4,0,0,0,0,0,0,,0,0,07/26/20,Crystal Palace,Tottenham
414,James McCarthy,22.0,ie IRL,CM,90,5,3,0,3,2,4,8,50.0,4,17,8,47.1,5,10,2,0,0,0,0,2,,0,0,07/26/20,Crystal Palace,Tottenham
415,Andros Townsend,10.0,eng ENG,CM,90,3,3,1,2,0,3,3,100.0,0,16,4,25.0,5,3,8,7,0,0,7,2,,0,0,07/26/20,Crystal Palace,Tottenham
416,Tyrick Mitchell,39.0,eng ENG,LB,90,4,1,2,0,2,1,5,20.0,4,24,4,16.7,12,6,6,2,0,0,2,1,,0,0,07/26/20,Crystal Palace,Tottenham
417,Scott Dann,6.0,eng ENG,CB,90,0,0,0,0,0,0,1,0.0,1,0,0,,0,0,0,0,0,0,0,0,,3,0,07/26/20,Crystal Palace,Tottenham
418,Cheikhou Kouyate,8.0,sn SEN,CB,90,1,0,1,0,0,0,2,0.0,2,7,4,57.1,3,4,0,2,1,0,1,1,,3,0,07/26/20,Crystal Palace,Tottenham
419,Joel Ward,2.0,eng ENG,RB,90,2,1,1,1,0,0,0,,0,5,1,20.0,2,3,0,0,0,0,0,2,,3,0,07/26/20,Crystal Palace,Tottenham
420,Vicente Guaita,31.0,es ESP,GK,90,0,0,0,0,0,0,1,0.0,1,1,0,0.0,1,0,0,0,0,0,0,0,,0,0,07/26/20,Crystal Palace,Tottenham
421,Harry Kane,10.0,eng ENG,FW,90,0,0,0,0,0,0,0,,0,12,6,50.0,0,5,7,2,1,0,1,0,,1,0,07/26/20,Tottenham,Crystal Palace
422,Son Heung-Min,7.0,kr KOR,LW,79,3,2,2,1,0,1,3,33.3,2,13,5,38.5,1,8,4,2,0,0,2,2,,0,0,07/26/20,Tottenham,Crystal Palace
423,Dele Alli,20.0,eng ENG,LW,11,1,1,0,1,0,0,0,,0,4,2,50.0,1,2,1,1,0,0,1,1,,1,0,07/26/20,Tottenham,Crystal Palace
424,Lucas Moura,27.0,br BRA,RW,89,5,3,3,1,1,1,3,33.3,2,22,8,36.4,8,7,7,1,0,0,1,0,,2,0,07/26/20,Tottenham,Crystal Palace
425,Davinson Sanchez,6.0,co COL,CB,1,0,0,0,0,0,0,0,,0,1,1,100.0,1,0,0,0,0,0,0,1,,1,0,07/26/20,Tottenham,Crystal Palace
426,Giovani Lo Celso,18.0,ar ARG,AM,59,5,3,1,2,2,0,0,,0,19,5,26.3,4,11,4,2,1,0,1,1,,0,0,07/26/20,Tottenham,Crystal Palace
427,Steven Bergwijn,23.0,nl NED,AM,31,1,1,1,0,0,0,1,0.0,1,7,3,42.9,2,5,0,0,0,0,0,0,,0,0,07/26/20,Tottenham,Crystal Palace
428,Harry Winks,8.0,eng ENG,DM,90,1,0,0,0,1,0,1,0.0,1,12,4,33.3,6,5,1,0,0,0,0,2,,3,0,07/26/20,Tottenham,Crystal Palace
429,Moussa Sissoko,17.0,fr FRA,DM,79,4,2,4,0,0,0,1,0.0,1,13,5,38.5,6,4,3,2,0,0,2,6,,0,0,07/26/20,Tottenham,Crystal Palace
430,Oliver Skipp,29.0,eng ENG,DM,11,1,1,0,1,0,0,0,,0,1,1,100.0,0,1,0,1,0,0,1,0,,0,0,07/26/20,Tottenham,Crystal Palace
431,Ben Davies,33.0,wal WAL,LB,90,0,0,0,0,0,0,2,0.0,2,11,3,27.3,0,7,4,2,0,0,2,3,,7,0,07/26/20,Tottenham,Crystal Palace
432,Eric Dier,15.0,eng ENG,CB,90,0,0,0,0,0,0,0,,0,6,1,16.7,4,1,1,0,0,0,0,3,,7,0,07/26/20,Tottenham,Crystal Palace
433,Toby Alderweireld,4.0,be BEL,CB,90,4,3,1,3,0,0,0,,0,14,5,35.7,8,6,0,0,0,0,0,2,,3,0,07/26/20,Tottenham,Crystal Palace
434,Serge Aurier,24.0,ci CIV,RB,90,6,4,5,1,0,1,2,50.0,1,20,6,30.0,16,2,2,2,0,0,2,3,,0,0,07/26/20,Tottenham,Crystal Palace
435,Hugo Lloris,1.0,fr FRA,GK,90,0,0,0,0,0,0,0,,0,0,0,,0,0,0,0,0,0,0,0,,0,0,07/26/20,Tottenham,Crystal Palace
436,Moise Kean,27.0,it ITA,FW,69,0,0,0,0,0,0,0,,0,5,4,80.0,0,0,5,1,0,0,1,1,,0,0,07/26/20,Everton,Bournemouth
437,Dominic Calvert-Lewin,9.0,eng ENG,FW,21,0,0,0,0,0,0,0,,0,2,1,50.0,0,2,0,0,0,0,0,0,,1,0,07/26/20,Everton,Bournemouth
438,Richarlison,7.0,br BRA,LW,90,4,3,2,1,1,1,2,50.0,1,15,9,60.0,6,4,5,1,0,0,1,0,,1,0,07/26/20,Everton,Bournemouth
439,Theo Walcott,11.0,eng ENG,RW,57,0,0,0,0,0,0,0,,0,2,1,50.0,1,1,0,1,0,0,1,0,,0,0,07/26/20,Everton,Bournemouth
440,Anthony Gordon,42.0,eng ENG,RW,33,1,1,0,1,0,0,0,,0,8,3,37.5,6,2,0,1,0,0,1,0,,0,0,07/26/20,Everton,Bournemouth
441,Gylfi Sigurdsson,10.0,is ISL,AM,90,4,2,1,2,1,1,4,25.0,3,18,7,38.9,2,11,5,1,0,0,1,2,,1,0,07/26/20,Everton,Bournemouth
442,Tom Davies,26.0,eng ENG,CM,69,4,3,2,0,2,1,1,100.0,0,13,5,38.5,8,2,3,0,0,0,0,1,,4,0,07/26/20,Everton,Bournemouth
443,Bernard,20.0,br BRA,CM,21,0,0,0,0,0,0,0,,0,5,2,40.0,2,0,3,0,0,0,0,0,,0,0,07/26/20,Everton,Bournemouth
444,Andre Gomes,21.0,pt POR,CM,90,1,0,0,0,1,0,2,0.0,2,16,4,25.0,6,6,4,2,0,0,2,0,,1,0,07/26/20,Everton,Bournemouth
445,Lucas Digne,12.0,fr FRA,LB,69,1,0,1,0,0,0,2,0.0,2,6,2,33.3,5,0,1,2,1,0,1,0,,4,0,07/26/20,Everton,Bournemouth
446,Leighton Baines,3.0,eng ENG,LB,21,0,0,0,0,0,0,0,,0,2,1,50.0,1,0,1,0,0,0,0,0,,0,0,07/26/20,Everton,Bournemouth
447,Jarrad Branthwaite,32.0,eng ENG,CB,90,3,3,3,0,0,1,1,100.0,0,13,6,46.2,10,2,1,1,0,0,1,1,,9,0,07/26/20,Everton,Bournemouth
448,Michael Keane,5.0,eng ENG,CB,90,2,1,1,0,1,0,0,,0,6,2,33.3,4,1,1,4,3,0,1,1,,7,0,07/26/20,Everton,Bournemouth
449,Seamus Coleman,23.0,ie IRL,RB,57,3,2,1,2,0,1,3,33.3,2,12,6,50.0,6,6,0,2,0,0,2,0,,1,0,07/26/20,Everton,Bournemouth
450,Djibril Sidibe,19.0,fr FRA,RB,33,0,0,0,0,0,0,0,,0,7,2,28.6,4,0,3,0,0,0,0,0,,3,0,07/26/20,Everton,Bournemouth
451,Jordan Pickford,1.0,eng ENG,GK,90,0,0,0,0,0,0,0,,0,0,0,,0,0,0,0,0,0,0,0,,0,0,07/26/20,Everton,Bournemouth
452,Dominic Solanke,9.0,eng ENG,FW,63,1,0,0,1,0,1,1,100.0,0,13,3,23.1,1,5,7,0,0,0,0,1,,0,0,07/26/20,Bournemouth,Everton
453,Philip Billing,29.0,dk DEN,"CM,FW",27,1,0,0,1,0,0,0,,0,8,2,25.0,1,3,4,1,0,0,1,1,,0,0,07/26/20,Bournemouth,Everton
454,Callum Wilson,13.0,eng ENG,FW,90,0,0,0,0,0,0,0,,0,24,3,12.5,0,6,18,0,0,0,0,0,,0,0,07/26/20,Bournemouth,Everton
455,Joshua King,7.0,no NOR,CM,87,1,1,0,0,1,0,0,,0,15,5,33.3,3,7,5,1,0,0,1,0,,0,0,07/26/20,Bournemouth,Everton
456,Harry Wilson,22.0,wal WAL,CM,3,0,0,0,0,0,0,0,,0,1,0,0.0,0,1,0,0,0,0,0,0,,0,0,07/26/20,Bournemouth,Everton
457,Jefferson Lerma,8.0,co COL,"CM,DM",90,3,1,0,3,0,0,0,,0,15,5,33.3,5,6,4,2,0,0,2,1,,2,0,07/26/20,Bournemouth,Everton
458,Dan Gosling,4.0,eng ENG,CM,90,1,1,0,1,0,0,2,0.0,2,26,4,15.4,7,10,9,2,0,0,2,2,,3,0,07/26/20,Bournemouth,Everton
459,David Brooks,20.0,wal WAL,CM,63,0,0,0,0,0,0,3,0.0,3,15,3,20.0,2,8,5,2,0,0,2,1,,0,0,07/26/20,Bournemouth,Everton
460,Junior Stanislas,19.0,eng ENG,CM,27,1,0,0,0,1,1,1,100.0,0,2,0,0.0,1,0,1,0,0,0,0,0,,1,0,07/26/20,Bournemouth,Everton
461,Diego Rico,21.0,es ESP,LB,90,7,7,3,3,1,2,6,33.3,4,16,9,56.3,8,6,2,6,0,0,6,2,,1,0,07/26/20,Bournemouth,Everton
462,Lloyd Kelly,26.0,eng ENG,CB,90,1,0,0,1,0,1,1,100.0,0,8,3,37.5,4,3,1,2,2,0,0,2,,2,0,07/26/20,Bournemouth,Everton
463,Steve Cook,3.0,eng ENG,CB,90,1,1,0,1,0,1,1,100.0,0,4,2,50.0,1,2,1,2,2,0,0,1,,6,0,07/26/20,Bournemouth,Everton
464,Adam Smith,15.0,eng ENG,RB,90,1,1,1,0,0,0,2,0.0,2,14,3,21.4,7,5,2,2,0,0,2,1,,1,0,07/26/20,Bournemouth,Everton
465,Aaron Ramsdale,12.0,eng ENG,GK,90,0,0,0,0,0,0,0,,0,0,0,,0,0,0,0,0,0,0,0,,0,0,07/26/20,Bournemouth,Everton
466,Alexandre Lacazette,9.0,fr FRA,FW,56,1,1,1,0,0,0,1,0.0,1,6,1,16.7,2,3,1,1,0,0,1,0,,1,0,07/26/20,Arsenal,Watford
467,Eddie Nketiah,30.0,eng ENG,FW,34,2,2,1,1,0,0,1,0.0,1,7,2,28.6,2,4,1,1,0,0,1,0,,0,0,07/26/20,Arsenal,Watford
468,Pierre-Emerick Aubameyang,14.0,ga GAB,LW,90,1,1,0,1,0,0,2,0.0,2,11,2,18.2,3,8,0,3,0,0,3,2,,0,0,07/26/20,Arsenal,Watford
469,Nicolas Pepe,19.0,ci CIV,RW,71,1,0,0,1,0,1,1,100.0,0,4,0,0.0,1,2,1,2,1,0,1,0,,1,0,07/26/20,Arsenal,Watford
470,Reiss Nelson,24.0,eng ENG,RW,19,0,0,0,0,0,0,1,0.0,1,3,0,0.0,2,1,0,0,0,0,0,0,,0,0,07/26/20,Arsenal,Watford
471,Joseph Willock,28.0,eng ENG,AM,56,1,1,1,0,0,0,1,0.0,1,8,3,37.5,2,6,0,0,0,0,0,0,,0,0,07/26/20,Arsenal,Watford
472,Sead Kolasinac,31.0,ba BIH,"CB,AM",34,1,1,1,0,0,0,0,,0,8,7,87.5,6,2,0,2,0,0,2,0,,0,0,07/26/20,Arsenal,Watford
473,Granit Xhaka,34.0,ch SUI,"CM,DM",90,1,1,1,0,0,0,3,0.0,3,13,6,46.2,8,4,1,1,0,0,1,1,,4,0,07/26/20,Arsenal,Watford
474,Dani Ceballos,8.0,es ESP,"CM,DM",71,1,0,1,0,0,0,1,0.0,1,12,2,16.7,4,7,1,3,1,0,2,2,,0,0,07/26/20,Arsenal,Watford
475,Lucas Torreira,11.0,uy URU,DM,19,0,0,0,0,0,0,0,,0,3,0,0.0,1,2,0,0,0,0,0,0,,0,0,07/26/20,Arsenal,Watford
476,Kieran Tierney,3.0,sco SCO,"LB,WB",90,2,1,1,1,0,2,4,50.0,2,8,4,50.0,4,4,0,2,0,0,2,1,,2,0,07/26/20,Arsenal,Watford
477,David Luiz,23.0,br BRA,CB,90,1,0,1,0,0,0,0,,0,3,0,0.0,2,1,0,2,2,0,0,0,,3,0,07/26/20,Arsenal,Watford
478,Rob Holding,16.0,eng ENG,CB,90,1,1,1,0,0,1,1,100.0,0,8,1,12.5,7,1,0,7,1,0,6,0,,12,1,07/26/20,Arsenal,Watford
479,Ainsley Maitland-Niles,15.0,eng ENG,"RB,WB",90,2,2,1,1,0,0,1,0.0,1,7,3,42.9,4,2,1,1,0,0,1,1,,2,0,07/26/20,Arsenal,Watford
480,Emiliano MartÃ­nez,26.0,ar ARG,GK,90,0,0,0,0,0,0,0,,0,0,0,,0,0,0,0,0,0,0,0,,0,1,07/26/20,Arsenal,Watford
481,Troy Deeney,9.0,eng ENG,FW,90,0,0,0,0,0,0,2,0.0,2,17,3,17.6,0,7,10,1,0,0,1,0,,1,0,07/26/20,Watford,Arsenal
482,Danny Welbeck,10.0,eng ENG,FW,90,0,0,0,0,0,0,2,0.0,2,11,4,36.4,0,2,9,2,2,0,0,1,,0,0,07/26/20,Watford,Arsenal
483,Roberto Pereyra,37.0,ar ARG,AM,87,0,0,0,0,0,0,5,0.0,5,24,5,20.8,4,10,10,4,0,0,4,2,,0,0,07/26/20,Watford,Arsenal
484,Joao Pedro,17.0,br BRA,AM,3,0,0,0,0,0,0,0,,0,1,0,0.0,0,1,0,0,0,0,0,0,,0,0,07/26/20,Watford,Arsenal
485,Ismaila Sarr,23.0,sn SEN,AM,90,0,0,0,0,0,0,0,,0,12,3,25.0,1,4,7,0,0,0,0,1,,0,0,07/26/20,Watford,Arsenal
486,Abdoulaye Doucoure,16.0,fr FRA,CM,80,2,1,0,1,1,2,3,66.7,1,17,6,35.3,2,11,4,1,0,0,1,1,,1,0,07/26/20,Watford,Arsenal
487,Tom Cleverley,8.0,eng ENG,CM,10,0,0,0,0,0,0,0,,0,0,0,,0,0,0,0,0,0,0,0,,0,0,07/26/20,Watford,Arsenal
488,Will Hughes,19.0,eng ENG,CM,80,0,0,0,0,0,0,3,0.0,3,12,5,41.7,5,6,1,0,0,0,0,0,,1,0,07/26/20,Watford,Arsenal
489,Nathaniel Chalobah,14.0,eng ENG,CM,10,1,1,0,0,1,1,1,100.0,0,2,2,100.0,0,0,2,0,0,0,0,0,,0,0,07/26/20,Watford,Arsenal
490,Adam Masina,11.0,it ITA,LB,90,2,2,2,0,0,2,7,28.6,5,14,2,14.3,7,1,6,1,1,0,0,1,,1,0,07/26/20,Watford,Arsenal
491,Craig Dawson,4.0,eng ENG,CB,90,3,2,2,1,0,3,4,75.0,1,10,6,60.0,7,2,1,0,0,0,0,2,,2,1,07/26/20,Watford,Arsenal
492,Christian Kabasele,27.0,be BEL,CB,90,2,1,2,0,0,1,4,25.0,3,11,5,45.5,7,3,1,3,3,0,0,2,,3,0,07/26/20,Watford,Arsenal
493,Kiko Femenia,21.0,es ESP,RB,44,0,0,0,0,0,0,0,,0,5,1,20.0,3,1,1,1,0,0,1,0,,0,0,07/26/20,Watford,Arsenal
494,Adrian Mariappa,6.0,jm JAM,RB,46,1,0,1,0,0,1,2,50.0,1,4,0,0.0,0,2,2,0,0,0,0,0,,3,0,07/26/20,Watford,Arsenal
495,Ben Foster,26.0,eng ENG,GK,90,0,0,0,0,0,0,0,,0,0,0,,0,0,0,0,0,0,0,0,,0,0,07/26/20,Watford,Arsenal
496,Gabriel Jesus,9.0,br BRA,FW,90,1,1,0,0,1,0,1,0.0,1,14,3,21.4,3,3,8,2,0,0,2,1,,0,0,07/26/20,Manchester City,Norwich City
497,Phil Foden,47.0,eng ENG,"LW,RW",45,0,0,0,0,0,0,0,,0,6,3,50.0,0,0,6,1,0,0,1,2,,0,0,07/26/20,Manchester City,Norwich City
498,Riyad Mahrez,26.0,dz ALG,RW,45,2,1,0,1,1,2,4,50.0,2,7,4,57.1,1,2,4,0,0,0,0,0,,0,0,07/26/20,Manchester City,Norwich City
499,Raheem Sterling,7.0,eng ENG,"LW,RW",90,0,0,0,0,0,0,1,0.0,1,8,1,12.5,0,3,5,0,0,0,0,1,,0,0,07/26/20,Manchester City,Norwich City
500,David Silva,21.0,es ESP,CM,84,3,3,0,3,0,0,0,,0,10,4,40.0,0,6,4,0,0,0,0,0,,0,0,07/26/20,Manchester City,Norwich City
501,Bernardo Silva,20.0,pt POR,CM,6,0,0,0,0,0,0,0,,0,0,0,,0,0,0,0,0,0,0,0,,0,0,07/26/20,Manchester City,Norwich City
502,Kevin De Bruyne,17.0,be BEL,CM,90,2,2,0,0,2,0,0,,0,14,9,64.3,0,5,9,1,0,0,1,1,,1,0,07/26/20,Manchester City,Norwich City
503,Rodrigo,16.0,es ESP,DM,45,0,0,0,0,0,0,0,,0,9,2,22.2,3,3,3,1,0,0,1,0,,0,0,07/26/20,Manchester City,Norwich City
504,Ilkay Gundogan,8.0,de GER,DM,45,1,0,0,1,0,0,0,,0,6,1,16.7,0,5,1,1,0,0,1,0,,1,0,07/26/20,Manchester City,Norwich City
505,Joao Cancelo,27.0,pt POR,LB,90,0,0,0,0,0,0,2,0.0,2,9,1,11.1,2,4,3,1,0,0,1,1,,0,0,07/26/20,Manchester City,Norwich City
506,Aymeric Laporte,14.0,fr FRA,CB,90,0,0,0,0,0,0,0,,0,3,0,0.0,2,1,0,0,0,0,0,1,,1,0,07/26/20,Manchester City,Norwich City
507,Eric Garcia,50.0,es ESP,CB,45,0,0,0,0,0,0,1,0.0,1,1,1,100.0,0,1,0,0,0,0,0,1,,0,1,07/26/20,Manchester City,Norwich City
508,Fernandinho,25.0,br BRA,CB,45,1,1,0,1,0,0,1,0.0,1,2,2,100.0,0,2,0,2,0,0,2,1,,1,0,07/26/20,Manchester City,Norwich City
509,Kyle Walker,2.0,eng ENG,RB,90,1,1,0,0,1,0,0,,0,5,3,60.0,2,1,2,0,0,0,0,1,,3,0,07/26/20,Manchester City,Norwich City
510,Ederson,31.0,br BRA,GK,90,0,0,0,0,0,0,0,,0,0,0,,0,0,0,0,0,0,0,0,,0,0,07/26/20,Manchester City,Norwich City
511,Teemu Pukki,22.0,fi FIN,FW,76,0,0,0,0,0,0,0,,0,6,3,50.0,2,1,3,0,0,0,0,0,,0,0,07/26/20,Norwich City,Manchester City
512,Adam Idah,35.0,ie IRL,FW,14,0,0,0,0,0,0,0,,0,1,1,100.0,0,1,0,0,0,0,0,0,,0,0,07/26/20,Norwich City,Manchester City
513,Onel Hernandez,11.0,cu CUB,LW,86,1,1,1,0,0,0,5,0.0,5,10,3,30.0,5,4,1,0,0,0,0,2,,2,0,07/26/20,Norwich City,Manchester City
514,Josh Martin,56.0,eng ENG,LW,4,0,0,0,0,0,0,0,,0,1,0,0.0,1,0,0,0,0,0,0,0,,0,0,07/26/20,Norwich City,Manchester City
515,Todd Cantwell,14.0,eng ENG,RW,89,1,0,0,1,0,1,10,10.0,9,28,5,17.9,17,9,2,1,0,0,1,0,,0,0,07/26/20,Norwich City,Manchester City
516,Jordan Thomas,41.0,eng ENG,RW,1,0,0,0,0,0,0,0,,0,0,0,,0,0,0,0,0,0,0,0,,0,0,07/26/20,Norwich City,Manchester City
517,Marco Stiepermann,18.0,de GER,AM,76,2,1,2,0,0,0,1,0.0,1,7,1,14.3,6,1,0,1,1,0,0,0,,0,0,07/26/20,Norwich City,Manchester City
518,Mario Vrancic,8.0,ba BIH,AM,14,0,0,0,0,0,0,0,,0,1,0,0.0,0,0,1,0,0,0,0,0,,0,0,07/26/20,Norwich City,Manchester City
519,Kenny McLean,23.0,sco SCO,CM,89,1,1,1,0,0,1,2,50.0,1,12,4,33.3,7,5,0,0,0,0,0,0,,2,1,07/26/20,Norwich City,Manchester City
520,Akin Famewo,43.0,eng ENG,CM,1,0,0,0,0,0,0,0,,0,0,0,,0,0,0,0,0,0,0,0,,0,0,07/26/20,Norwich City,Manchester City
521,Lukas Rupp,7.0,de GER,CM,90,1,1,0,0,1,0,1,0.0,1,16,5,31.3,8,5,3,2,0,0,2,5,,2,1,07/26/20,Norwich City,Manchester City
522,Jamal Lewis,12.0,nir NIR,LB,90,2,2,2,0,0,1,1,100.0,0,18,2,11.1,16,2,0,3,3,0,0,0,,1,0,07/26/20,Norwich City,Manchester City
523,Ben Godfrey,4.0,eng ENG,CB,90,0,0,0,0,0,0,1,0.0,1,8,0,0.0,7,1,0,3,3,0,0,2,,8,0,07/26/20,Norwich City,Manchester City
524,Christoph Zimmermann,6.0,de GER,CB,90,1,1,1,0,0,0,5,0.0,5,11,3,27.3,9,2,0,3,2,0,1,2,,8,0,07/26/20,Norwich City,Manchester City
525,Max Aarons,2.0,eng ENG,RB,90,1,0,1,0,0,1,2,50.0,1,9,0,0.0,7,2,0,5,2,1,3,2,,2,0,07/26/20,Norwich City,Manchester City
526,Tim Krul,1.0,nl NED,GK,90,0,0,0,0,0,0,0,,0,0,0,,0,0,0,0,0,0,0,0,,0,0,07/26/20,Norwich City,Manchester City
527,Dwight Gayle,12.0,eng ENG,FW,69,2,1,1,0,1,1,1,100.0,0,12,1,8.3,4,4,4,1,1,0,0,0,,2,0,07/26/20,Newcastle Utd,Liverpool
528,Andy Carroll,7.0,eng ENG,FW,21,0,0,0,0,0,0,1,0.0,1,1,0,0.0,1,0,0,0,0,0,0,0,,1,0,07/26/20,Newcastle Utd,Liverpool
529,Allan Saint-Maximin,10.0,fr FRA,FW,45,0,0,0,0,0,0,2,0.0,2,7,1,14.3,0,7,0,0,0,0,0,0,,0,0,07/26/20,Newcastle Utd,Liverpool
530,Joelinton,9.0,br BRA,FW,45,1,1,0,1,0,1,3,33.3,2,9,4,44.4,2,4,3,2,0,0,2,0,,0,0,07/26/20,Newcastle Utd,Liverpool
531,Miguel Almiron,24.0,py PAR,CM,69,5,3,4,1,0,4,6,66.7,2,24,7,29.2,10,8,6,1,0,0,1,1,,0,0,07/26/20,Newcastle Utd,Liverpool
532,Isaac Hayden,14.0,eng ENG,CM,21,0,0,0,0,0,0,0,,0,4,0,0.0,1,3,0,0,0,0,0,0,,0,0,07/26/20,Newcastle Utd,Liverpool
533,Jonjo Shelvey,8.0,eng ENG,CM,90,0,0,0,0,0,0,2,0.0,2,14,3,21.4,6,8,0,1,0,0,1,1,,2,0,07/26/20,Newcastle Utd,Liverpool
534,Nabil Bentaleb,42.0,dz ALG,DM,48,4,4,2,2,0,1,2,50.0,1,11,4,36.4,7,4,0,0,0,0,0,0,,0,0,07/26/20,Newcastle Utd,Liverpool
535,Sean Longstaff,36.0,eng ENG,DM,42,5,0,2,3,0,5,7,71.4,2,20,4,20.0,6,13,1,1,0,0,1,0,,1,0,07/26/20,Newcastle Utd,Liverpool
536,Matt Ritchie,11.0,sco SCO,WB,90,3,2,2,1,0,2,2,100.0,0,8,2,25.0,5,1,2,4,1,0,3,0,,6,0,07/26/20,Newcastle Utd,Liverpool
537,Valentino Lazaro,23.0,at AUT,WB,90,3,1,2,1,0,3,5,60.0,2,12,1,8.3,7,5,0,3,0,0,3,1,,1,0,07/26/20,Newcastle Utd,Liverpool
538,Danny Rose,28.0,eng ENG,CB,73,1,1,0,1,0,0,2,0.0,2,9,2,22.2,6,3,0,1,0,0,1,1,,1,0,07/26/20,Newcastle Utd,Liverpool
539,Kelland Watts,49.0,eng ENG,CB,17,1,0,1,0,0,1,1,100.0,0,0,0,,0,0,0,0,0,0,0,0,,0,0,07/26/20,Newcastle Utd,Liverpool
540,Federico Fernandez,18.0,ar ARG,CB,90,1,1,1,0,0,1,1,100.0,0,4,3,75.0,3,0,1,2,2,0,0,2,,10,0,07/26/20,Newcastle Utd,Liverpool
541,Javier Manquillo,19.0,es ESP,CB,90,5,1,4,1,0,4,6,66.7,2,9,3,33.3,5,4,0,3,0,0,3,3,,7,0,07/26/20,Newcastle Utd,Liverpool
542,Martin DÃºbravka,1.0,sk SVK,GK,90,0,0,0,0,0,0,0,,0,0,0,,0,0,0,0,0,0,0,0,,0,0,07/26/20,Newcastle Utd,Liverpool
543,Divock Origi,27.0,be BEL,FW,63,0,0,0,0,0,0,0,,0,10,4,40.0,0,1,9,0,0,0,0,0,,0,0,07/26/20,Liverpool,Newcastle Utd
544,Mohamed Salah,11.0,eg EGY,RW,27,0,0,0,0,0,0,0,,0,1,0,0.0,0,0,1,0,0,0,0,0,,0,0,07/26/20,Liverpool,Newcastle Utd
545,Takumi Minamino,18.0,jp JPN,LW,63,0,0,0,0,0,0,2,0.0,2,4,0,0.0,1,0,3,1,0,0,1,0,,1,0,07/26/20,Liverpool,Newcastle Utd
546,Sadio Mane,10.0,sn SEN,LW,27,0,0,0,0,0,0,0,,0,0,0,,0,0,0,0,0,0,0,0,,0,0,07/26/20,Liverpool,Newcastle Utd
547,Alex Oxlade-Chamberlain,15.0,eng ENG,RW,63,0,0,0,0,0,0,1,0.0,1,14,4,28.6,2,4,8,0,0,0,0,0,,0,0,07/26/20,Liverpool,Newcastle Utd
548,Roberto Firmino,9.0,br BRA,FW,27,2,1,0,2,0,0,0,,0,5,4,80.0,0,3,2,0,0,0,0,0,,0,0,07/26/20,Liverpool,Newcastle Utd
549,James Milner,7.0,eng ENG,CM,90,2,2,0,2,0,0,1,0.0,1,14,4,28.6,1,9,4,2,0,0,2,1,,1,0,07/26/20,Liverpool,Newcastle Utd
550,Naby Keita,8.0,gn GUI,CM,84,4,2,0,2,2,0,2,0.0,2,24,10,41.7,5,10,9,1,0,0,1,0,,0,0,07/26/20,Liverpool,Newcastle Utd
551,Curtis Jones,48.0,eng ENG,CM,6,0,0,0,0,0,0,0,,0,3,1,33.3,0,0,3,0,0,0,0,0,,0,0,07/26/20,Liverpool,Newcastle Utd
552,Georginio Wijnaldum,5.0,nl NED,DM,90,1,0,0,1,0,0,0,,0,11,5,45.5,3,8,0,2,0,0,2,1,,1,0,07/26/20,Liverpool,Newcastle Utd
553,Andrew Robertson,26.0,sco SCO,LB,90,0,0,0,0,0,0,0,,0,8,3,37.5,1,1,6,0,0,0,0,1,,0,0,07/26/20,Liverpool,Newcastle Utd
554,Virgil van Dijk,4.0,nl NED,CB,90,0,0,0,0,0,0,0,,0,1,0,0.0,0,1,0,1,0,0,1,1,,2,0,07/26/20,Liverpool,Newcastle Utd
555,Joseph Gomez,12.0,eng ENG,CB,90,0,0,0,0,0,0,1,0.0,1,2,1,50.0,2,0,0,0,0,0,0,4,,6,0,07/26/20,Liverpool,Newcastle Utd
556,Neco Williams,76.0,wal WAL,RB,84,2,1,0,1,1,1,1,100.0,0,13,6,46.2,3,5,5,2,0,0,2,3,,0,0,07/26/20,Liverpool,Newcastle Utd
557,Trent Alexander-Arnold,66.0,eng ENG,RB,6,0,0,0,0,0,0,0,,0,1,1,100.0,0,0,1,0,0,0,0,0,,0,0,07/26/20,Liverpool,Newcastle Utd
558,Alisson,1.0,br BRA,GK,90,0,0,0,0,0,0,0,,0,0,0,,0,0,0,0,0,0,0,0,,0,0,07/26/20,Liverpool,Newcastle Utd
559,Jamie Vardy,9.0,eng ENG,FW,90,1,1,0,1,0,0,0,,0,6,2,33.3,0,5,1,0,0,0,0,0,,0,0,07/26/20,Leicester City,Manchester Utd
560,Kelechi Iheanacho,14.0,ng NGA,FW,57,1,1,0,1,0,0,0,,0,19,5,26.3,1,11,7,1,0,0,1,0,,0,0,07/26/20,Leicester City,Manchester Utd
561,Ayoze Perez,17.0,es ESP,"CM,FW",33,2,2,0,2,0,0,0,,0,7,4,57.1,0,6,1,0,0,0,0,0,,0,0,07/26/20,Leicester City,Manchester Utd
562,Youri Tielemans,8.0,be BEL,CM,72,2,1,0,2,0,0,2,0.0,2,16,5,31.3,3,9,4,2,0,0,2,1,,0,0,07/26/20,Leicester City,Manchester Utd
563,Harvey Barnes,15.0,eng ENG,"FW,WB",18,0,0,0,0,0,0,0,,0,0,0,,0,0,0,0,0,0,0,0,,0,0,07/26/20,Leicester City,Manchester Utd
564,Hamza Choudhury,20.0,eng ENG,CM,72,0,0,0,0,0,0,1,0.0,1,15,3,20.0,4,9,2,0,0,0,0,0,,1,0,07/26/20,Leicester City,Manchester Utd
565,Dennis Praet,26.0,be BEL,CM,18,1,0,0,1,0,0,0,,0,5,0,0.0,3,2,0,0,0,0,0,0,,0,0,07/26/20,Leicester City,Manchester Utd
566,Wilfred Ndidi,25.0,ng NGA,DM,90,5,3,4,1,0,1,2,50.0,1,26,5,19.2,12,12,2,5,0,0,5,2,,0,0,07/26/20,Leicester City,Manchester Utd
567,Luke Thomas,56.0,eng ENG,WB,87,3,2,2,1,0,1,2,50.0,1,15,5,33.3,7,5,3,1,0,0,1,3,,2,0,07/26/20,Leicester City,Manchester Utd
568,George Hirst,45.0,eng ENG,FW,3,0,0,0,0,0,0,0,,0,0,0,,0,0,0,0,0,0,0,0,,0,0,07/26/20,Leicester City,Manchester Utd
569,Marc Albrighton,11.0,eng ENG,WB,72,4,3,2,2,0,3,4,75.0,1,17,9,52.9,5,9,3,1,0,0,1,2,,0,0,07/26/20,Leicester City,Manchester Utd
570,Demarai Gray,7.0,eng ENG,WB,18,0,0,0,0,0,0,0,,0,0,0,,0,0,0,0,0,0,0,0,,0,0,07/26/20,Leicester City,Manchester Utd
571,Jonny Evans,6.0,nir NIR,CB,89,1,1,1,0,0,1,1,100.0,0,8,3,37.5,8,0,0,1,0,0,1,5,,4,0,07/26/20,Leicester City,Manchester Utd
572,Wes Morgan,5.0,jm JAM,CB,90,2,2,2,0,0,0,0,,0,9,4,44.4,7,2,0,1,0,0,1,2,,0,0,07/26/20,Leicester City,Manchester Utd
573,James Justin,2.0,eng ENG,CB,90,5,3,4,1,0,1,1,100.0,0,7,5,71.4,5,2,0,2,1,0,1,2,,6,0,07/26/20,Leicester City,Manchester Utd
574,Kasper Schmeichel,1.0,dk DEN,GK,90,0,0,0,0,0,0,0,,0,0,0,,0,0,0,0,0,0,0,0,,0,1,07/26/20,Leicester City,Manchester Utd
575,Anthony Martial,9.0,fr FRA,FW,89,0,0,0,0,0,0,0,,0,3,1,33.3,1,1,1,0,0,0,0,0,,0,0,07/26/20,Manchester Utd,Leicester City
576,Odion Ighalo,25.0,ng NGA,FW,1,0,0,0,0,0,0,0,,0,0,0,,0,0,0,0,0,0,0,0,,0,0,07/26/20,Manchester Utd,Leicester City
577,Marcus Rashford,10.0,eng ENG,LW,89,0,0,0,0,0,0,1,0.0,1,9,4,44.4,0,6,3,2,0,0,2,0,,0,0,07/26/20,Manchester Utd,Leicester City
578,Timothy Fosu-Mensah,24.0,nl NED,LW,1,0,0,0,0,0,0,0,,0,0,0,,0,0,0,0,0,0,0,0,,0,0,07/26/20,Manchester Utd,Leicester City
579,Mason Greenwood,26.0,eng ENG,RW,76,1,1,0,0,1,1,2,50.0,1,6,3,50.0,3,0,3,0,0,0,0,1,,0,0,07/26/20,Manchester Utd,Leicester City
580,Jesse Lingard,14.0,eng ENG,RW,14,1,1,0,0,1,1,1,100.0,0,2,1,50.0,1,0,1,0,0,0,0,0,,0,0,07/26/20,Manchester Utd,Leicester City
581,Bruno Fernandes,18.0,pt POR,AM,85,1,1,0,1,0,0,0,,0,10,1,10.0,1,7,2,3,0,0,3,0,,0,0,07/26/20,Manchester Utd,Leicester City
582,Scott McTominay,39.0,sco SCO,DM,5,1,1,0,1,0,1,1,100.0,0,2,2,100.0,0,1,1,0,0,0,0,0,,0,0,07/26/20,Manchester Utd,Leicester City
583,Nemanja Matic,31.0,rs SRB,DM,90,4,1,1,3,0,1,4,25.0,3,14,4,28.6,3,10,1,1,0,0,1,2,,2,0,07/26/20,Manchester Utd,Leicester City
584,Paul Pogba,6.0,fr FRA,"DM,AM",90,3,2,0,1,2,1,2,50.0,1,7,4,57.1,2,3,2,3,1,0,2,0,,0,0,07/26/20,Manchester Utd,Leicester City
585,Brandon Williams,53.0,eng ENG,LB,90,3,0,3,0,0,2,4,50.0,2,10,3,30.0,5,5,0,5,2,0,3,3,,1,0,07/26/20,Manchester Utd,Leicester City
586,Harry Maguire,5.0,eng ENG,CB,90,1,0,1,0,0,0,0,,0,14,3,21.4,9,5,0,3,2,0,1,1,,3,0,07/26/20,Manchester Utd,Leicester City
587,Victor Lindelof,2.0,se SWE,CB,90,1,0,0,1,0,0,0,,0,4,0,0.0,3,1,0,3,1,0,2,2,,4,0,07/26/20,Manchester Utd,Leicester City
588,Aaron Wan-Bissaka,29.0,eng ENG,RB,90,5,3,3,2,0,0,0,,0,10,5,50.0,6,3,1,1,0,0,1,2,,5,0,07/26/20,Manchester Utd,Leicester City
589,David de Gea,1.0,es ESP,GK,90,0,0,0,0,0,0,0,,0,0,0,,0,0,0,0,0,0,0,0,,0,0,07/26/20,Manchester Utd,Leicester City
