,Player,#,Nation,Pos,Min,Touches,Def Pen,Def 3rd,Mid 3rd,Att 3rd,Att Pen,Live,Succ,Att,Succ%,#Pl,Megs,Carries,TotDist,PrgDist,Targ,Rec,Rec%,Miscon,Dispos,Date,Team,Opponent
0,Josip Drmic,20.0,ch SUI,FW,44,11,1,1,10,0,0,11,0,1,0.0,0,0,5,31,8,9,6,66.7,3,1,07/18/20,Norwich City,Burnley
1,Onel Hernandez,11.0,cu CUB,"LW,CM",85,32,1,9,10,15,2,32,0,1,0.0,0,0,24,228,182,32,23,71.9,3,1,07/18/20,Norwich City,Burnley
2,Adam Idah,35.0,ie IRL,CM,5,1,0,0,1,0,0,1,0,0,,0,0,0,0,0,3,1,33.3,0,0,07/18/20,Norwich City,Burnley
3,Emiliano Buendia,17.0,ar ARG,"FW,RW",34,13,0,1,6,7,0,7,0,0,,0,0,4,34,8,11,6,54.5,0,0,07/18/20,Norwich City,Burnley
4,Todd Cantwell,14.0,eng ENG,"AM,CM",75,29,0,4,22,9,1,28,3,4,75.0,3,0,24,201,91,26,24,92.3,1,1,07/18/20,Norwich City,Burnley
5,Lukas Rupp,7.0,de GER,CM,15,8,2,7,2,0,0,7,0,0,,0,0,5,31,0,4,4,100.0,0,0,07/18/20,Norwich City,Burnley
6,Kenny McLean,23.0,sco SCO,DM,90,52,2,14,31,11,0,48,2,4,50.0,2,0,36,240,121,42,38,90.5,3,0,07/18/20,Norwich City,Burnley
7,Alexander Tettey,27.0,no NOR,DM,89,47,3,21,23,3,1,46,1,1,100.0,1,0,30,145,47,31,31,100.0,0,1,07/18/20,Norwich City,Burnley
8,Mario Vrancic,8.0,ba BIH,DM,1,3,0,0,3,0,0,3,0,0,,0,0,2,26,0,3,3,100.0,0,0,07/18/20,Norwich City,Burnley
9,Jamal Lewis,12.0,nir NIR,LB,90,66,4,25,26,20,0,56,1,3,33.3,2,0,40,227,100,39,38,97.4,2,1,07/18/20,Norwich City,Burnley
10,Timm Klose,15.0,ch SUI,CB,45,28,7,20,9,1,0,27,0,0,,0,0,17,68,30,17,17,100.0,1,0,07/18/20,Norwich City,Burnley
11,Christoph Zimmermann,6.0,de GER,CB,45,20,12,20,1,0,0,20,0,1,0.0,0,0,6,51,24,5,5,100.0,0,0,07/18/20,Norwich City,Burnley
12,Ben Godfrey,4.0,eng ENG,CB,90,52,14,37,14,3,3,51,0,0,,0,0,26,177,43,28,28,100.0,0,0,07/18/20,Norwich City,Burnley
13,Max Aarons,2.0,eng ENG,RB,90,47,11,29,19,4,0,45,1,2,50.0,2,0,32,258,114,31,30,96.8,2,0,07/18/20,Norwich City,Burnley
14,Tim Krul,1.0,nl NED,GK,90,71,59,71,1,0,0,47,0,0,,0,0,31,175,110,30,29,96.7,0,0,07/18/20,Norwich City,Burnley
15,Jay Rodriguez,19.0,eng ENG,FW,90,38,0,0,11,28,9,38,1,1,100.0,1,0,18,129,52,46,33,71.7,4,2,07/18/20,Burnley,Norwich City
16,Chris Wood,9.0,nz NZL,FW,78,21,1,1,4,16,9,21,0,0,,0,0,9,17,8,26,17,65.4,2,0,07/18/20,Burnley,Norwich City
17,Matej Vydra,27.0,cz CZE,FW,12,9,0,0,3,6,4,9,0,0,,0,0,2,18,3,8,7,87.5,0,0,07/18/20,Burnley,Norwich City
18,Dwight McNeil,11.0,eng ENG,CM,90,70,0,2,31,45,2,65,0,0,,0,0,54,492,297,59,58,98.3,1,1,07/18/20,Burnley,Norwich City
19,Johann Gudmundsson,7.0,is ISL,CM,59,29,0,2,12,18,2,29,1,1,100.0,1,0,21,142,65,22,18,81.8,0,1,07/18/20,Burnley,Norwich City
20,Robbie Brady,12.0,ie IRL,CM,31,34,0,1,16,21,5,33,0,0,,0,0,21,111,64,32,29,90.6,1,0,07/18/20,Burnley,Norwich City
21,Josh Brownhill,8.0,eng ENG,DM,90,50,0,4,24,24,1,47,0,0,,0,0,34,119,40,43,40,93.0,0,0,07/18/20,Burnley,Norwich City
22,Ashley Westwood,18.0,eng ENG,DM,90,96,0,6,63,35,0,91,0,0,,0,0,74,383,247,84,82,97.6,1,0,07/18/20,Burnley,Norwich City
23,Erik Pieters,23.0,nl NED,LB,90,62,1,7,25,37,4,54,0,0,,0,0,34,295,238,43,43,100.0,0,0,07/18/20,Burnley,Norwich City
24,James Tarkowski,5.0,eng ENG,CB,90,54,7,18,31,6,2,54,0,0,,0,0,24,93,48,34,34,100.0,0,0,07/18/20,Burnley,Norwich City
25,Kevin Long,28.0,ie IRL,CB,90,42,0,17,25,1,0,40,1,1,100.0,1,0,21,130,42,19,19,100.0,0,0,07/18/20,Burnley,Norwich City
26,Phil Bardsley,26.0,sco SCO,RB,90,70,1,10,33,31,2,57,0,1,0.0,0,0,31,89,47,40,39,97.5,0,0,07/18/20,Burnley,Norwich City
27,Nick Pope,1.0,eng ENG,GK,90,26,19,26,0,0,0,21,0,0,,0,0,18,109,67,13,13,100.0,0,0,07/18/20,Burnley,Norwich City
28,Joshua King,7.0,no NOR,FW,68,26,0,1,12,15,7,25,1,4,25.0,2,0,14,179,139,40,21,52.5,4,2,07/19/20,Bournemouth,Southampton
29,Lewis Cook,16.0,eng ENG,"CM,FW",22,13,0,0,9,6,0,13,2,2,100.0,2,0,9,28,9,7,6,85.7,1,1,07/19/20,Bournemouth,Southampton
30,Callum Wilson,13.0,eng ENG,"FW,LW",90,32,0,0,11,22,9,32,1,2,50.0,1,0,13,69,34,48,23,47.9,1,4,07/19/20,Bournemouth,Southampton
31,Junior Stanislas,19.0,eng ENG,CM,69,29,1,3,14,16,1,26,0,0,,0,0,14,112,64,25,17,68.0,1,3,07/19/20,Bournemouth,Southampton
32,Dominic Solanke,9.0,eng ENG,"FW,CM",21,8,1,1,1,6,3,8,0,0,,0,0,5,28,22,11,3,27.3,1,2,07/19/20,Bournemouth,Southampton
33,Philip Billing,29.0,dk DEN,CM,86,44,3,8,19,20,2,39,0,0,,0,0,15,100,58,18,15,83.3,1,1,07/19/20,Bournemouth,Southampton
34,Dan Gosling,4.0,eng ENG,CM,4,4,0,1,2,1,0,4,0,0,,0,0,1,2,2,2,1,50.0,0,0,07/19/20,Bournemouth,Southampton
35,Jefferson Lerma,8.0,co COL,CM,81,42,4,9,20,13,2,42,0,0,,0,0,10,44,19,15,13,86.7,2,0,07/19/20,Bournemouth,Southampton
36,Sam Surridge,44.0,eng ENG,"RW,CM",9,8,0,1,1,6,1,8,0,0,,0,0,3,13,2,9,6,66.7,2,0,07/19/20,Bournemouth,Southampton
37,David Brooks,20.0,wal WAL,CM,45,14,0,3,3,9,0,13,0,0,,0,0,6,40,29,18,9,50.0,0,0,07/19/20,Bournemouth,Southampton
38,Harry Wilson,22.0,wal WAL,"CM,WB",45,27,4,8,10,11,2,25,3,3,100.0,3,0,15,89,64,10,7,70.0,0,1,07/19/20,Bournemouth,Southampton
39,Diego Rico,21.0,es ESP,"LB,CB",90,73,2,16,35,24,0,53,0,0,,0,0,18,99,43,23,22,95.7,0,1,07/19/20,Bournemouth,Southampton
40,Lloyd Kelly,26.0,eng ENG,CB,90,42,7,20,15,9,4,35,0,0,,0,0,18,181,38,14,11,78.6,2,0,07/19/20,Bournemouth,Southampton
41,Steve Cook,3.0,eng ENG,CB,90,35,2,15,15,5,2,35,0,0,,0,0,9,74,36,18,13,72.2,0,0,07/19/20,Bournemouth,Southampton
42,Jack Stacey,17.0,eng ENG,"RB,WB",90,47,2,11,27,9,2,32,0,2,0.0,0,0,12,61,23,16,13,81.3,0,0,07/19/20,Bournemouth,Southampton
43,Aaron Ramsdale,12.0,eng ENG,GK,90,35,28,34,1,0,0,27,0,0,,0,0,14,73,37,13,13,100.0,0,0,07/19/20,Bournemouth,Southampton
44,Danny Ings,9.0,eng ENG,FW,89,32,1,6,17,10,4,31,3,6,50.0,4,1,22,122,75,43,24,55.8,0,0,07/19/20,Southampton,Bournemouth
45,Michael Obafemi,20.0,ie IRL,FW,1,3,0,0,0,3,1,3,0,0,,0,0,2,13,7,3,3,100.0,0,0,07/19/20,Southampton,Bournemouth
46,Shane Long,7.0,ie IRL,FW,65,27,2,5,12,10,2,27,0,1,0.0,0,0,12,53,30,42,19,45.2,3,0,07/19/20,Southampton,Bournemouth
47,Che Adams,10.0,eng ENG,FW,25,18,2,3,8,7,5,18,1,1,100.0,1,0,8,39,21,22,11,50.0,1,0,07/19/20,Southampton,Bournemouth
48,Nathan Redmond,22.0,eng ENG,CM,90,50,0,7,21,25,7,50,4,7,57.1,5,1,45,256,144,54,34,63.0,3,5,07/19/20,Southampton,Bournemouth
49,Oriol Romeu,14.0,es ESP,CM,76,50,5,15,29,8,1,49,0,0,,0,0,27,95,50,30,27,90.0,0,0,07/19/20,Southampton,Bournemouth
50,Pierre-Emile Hojbjerg,23.0,dk DEN,CM,14,13,1,2,6,5,2,12,0,0,,0,0,9,63,7,6,6,100.0,0,0,07/19/20,Southampton,Bournemouth
51,James Ward-Prowse,16.0,eng ENG,CM,90,62,6,16,30,18,1,55,0,0,,0,0,32,99,46,31,28,90.3,0,0,07/19/20,Southampton,Bournemouth
52,Stuart Armstrong,17.0,sco SCO,CM,90,44,7,14,21,14,2,44,1,2,50.0,1,1,34,235,136,44,30,68.2,1,2,07/19/20,Southampton,Bournemouth
53,Ryan Bertrand,21.0,eng ENG,LB,90,65,2,28,19,20,2,50,2,3,66.7,2,0,33,193,97,36,28,77.8,0,0,07/19/20,Southampton,Bournemouth
54,Jannik Vestergaard,4.0,dk DEN,CB,90,71,13,45,25,3,2,71,0,0,,0,0,26,127,25,30,28,93.3,1,0,07/19/20,Southampton,Bournemouth
55,Jack Stephens,5.0,eng ENG,CB,90,54,11,37,17,2,1,53,0,0,,0,0,24,70,31,26,25,96.2,0,0,07/19/20,Southampton,Bournemouth
56,Kyle Walker-Peters,24.0,eng ENG,RB,90,60,6,25,33,6,1,49,3,3,100.0,3,0,35,159,121,26,24,92.3,1,2,07/19/20,Southampton,Bournemouth
57,Alex McCarthy,1.0,eng ENG,GK,90,45,35,45,0,0,0,32,0,0,,0,0,20,80,48,20,20,100.0,0,0,07/19/20,Southampton,Bournemouth
58,Harry Kane,10.0,eng ENG,FW,90,23,1,2,10,11,3,23,0,0,,0,0,14,112,51,31,17,54.8,2,0,07/19/20,Tottenham,Leicester City
59,Son Heung-Min,7.0,kr KOR,LW,88,28,3,10,11,11,2,26,2,2,100.0,2,0,21,198,131,23,14,60.9,3,4,07/19/20,Tottenham,Leicester City
60,Gedson Fernandes,30.0,pt POR,LW,2,3,0,0,2,1,0,3,0,0,,0,0,3,13,7,3,3,100.0,1,0,07/19/20,Tottenham,Leicester City
61,Lucas Moura,27.0,br BRA,RW,76,22,3,9,11,5,1,22,2,3,66.7,2,0,15,166,110,14,9,64.3,1,1,07/19/20,Tottenham,Leicester City
62,Steven Bergwijn,23.0,nl NED,RW,14,10,0,3,5,3,0,10,0,0,,0,0,6,61,37,7,6,85.7,1,0,07/19/20,Tottenham,Leicester City
63,Giovani Lo Celso,18.0,ar ARG,CM,76,41,1,7,26,14,0,36,2,2,100.0,2,0,23,212,133,24,19,79.2,3,1,07/19/20,Tottenham,Leicester City
64,Erik Lamela,11.0,ar ARG,CM,14,7,0,1,4,2,0,7,0,0,,0,0,3,14,5,9,6,66.7,1,1,07/19/20,Tottenham,Leicester City
65,Moussa Sissoko,17.0,fr FRA,CM,90,40,5,22,17,3,0,40,3,3,100.0,3,0,27,106,41,26,20,76.9,1,1,07/19/20,Tottenham,Leicester City
66,Harry Winks,8.0,eng ENG,DM,89,34,1,11,26,3,0,33,0,0,,0,0,26,173,93,23,22,95.7,0,2,07/19/20,Tottenham,Leicester City
67,Oliver Skipp,29.0,eng ENG,DM,1,0,0,0,0,0,0,0,0,0,,0,0,0,0,0,0,0,,0,0,07/19/20,Tottenham,Leicester City
68,Ben Davies,33.0,wal WAL,LB,90,47,7,26,22,4,0,44,0,0,,0,0,19,142,92,25,24,96.0,0,1,07/19/20,Tottenham,Leicester City
69,Toby Alderweireld,4.0,be BEL,CB,90,35,11,27,11,1,1,33,0,0,,0,0,13,40,21,19,19,100.0,0,0,07/19/20,Tottenham,Leicester City
70,Davinson Sanchez,6.0,co COL,CB,90,39,8,27,14,0,0,39,0,0,,0,0,21,123,40,23,23,100.0,0,0,07/19/20,Tottenham,Leicester City
71,Serge Aurier,24.0,ci CIV,RB,90,55,8,23,29,5,0,43,0,0,,0,0,20,107,45,26,22,84.6,0,0,07/19/20,Tottenham,Leicester City
72,Hugo Lloris,1.0,fr FRA,GK,90,32,32,32,0,0,0,23,0,0,,0,0,10,42,30,9,9,100.0,0,0,07/19/20,Tottenham,Leicester City
73,Jamie Vardy,9.0,eng ENG,FW,90,30,1,2,8,21,8,30,0,0,,0,0,11,50,16,35,19,54.3,2,2,07/19/20,Leicester City,Tottenham
74,Harvey Barnes,15.0,eng ENG,LW,82,56,1,1,25,36,1,55,1,2,50.0,1,1,43,340,215,58,47,81.0,3,3,07/19/20,Leicester City,Tottenham
75,George Hirst,45.0,eng ENG,LW,8,9,0,0,3,6,1,9,0,0,,0,0,4,9,5,9,8,88.9,1,0,07/19/20,Leicester City,Tottenham
76,Ayoze Perez,17.0,es ESP,RW,58,34,0,0,15,20,4,29,2,3,66.7,2,0,19,105,55,29,24,82.8,2,1,07/19/20,Leicester City,Tottenham
77,Kelechi Iheanacho,14.0,ng NGA,RW,32,20,0,1,7,13,3,20,2,3,66.7,2,0,19,91,50,14,14,100.0,1,2,07/19/20,Leicester City,Tottenham
78,Youri Tielemans,8.0,be BEL,CM,69,75,0,3,43,34,1,62,2,3,66.7,2,1,45,151,88,59,54,91.5,2,2,07/19/20,Leicester City,Tottenham
79,Dennis Praet,26.0,be BEL,CM,21,23,0,3,10,14,0,23,0,0,,0,0,14,149,87,17,15,88.2,0,0,07/19/20,Leicester City,Tottenham
80,Wilfred Ndidi,25.0,ng NGA,CM,69,62,1,7,43,17,0,61,0,0,,0,0,38,196,97,49,45,91.8,1,0,07/19/20,Leicester City,Tottenham
81,Nampalys Mendy,24.0,fr FRA,CM,21,28,0,0,21,9,0,28,0,0,,0,0,24,116,33,25,25,100.0,0,0,07/19/20,Leicester City,Tottenham
82,Luke Thomas,56.0,eng ENG,WB,90,88,0,7,38,46,3,81,1,2,50.0,1,0,66,212,116,71,66,93.0,3,1,07/19/20,Leicester City,Tottenham
83,James Justin,2.0,eng ENG,"WB,CB",90,94,2,16,53,30,3,90,1,1,100.0,1,0,70,337,211,73,71,97.3,0,0,07/19/20,Leicester City,Tottenham
84,Jonny Evans,6.0,nir NIR,CB,90,118,4,25,90,8,0,113,1,1,100.0,1,0,84,380,218,89,89,100.0,0,0,07/19/20,Leicester City,Tottenham
85,Wes Morgan,5.0,jm JAM,CB,90,87,1,31,56,3,2,84,0,0,,0,0,62,338,166,68,67,98.5,0,0,07/19/20,Leicester City,Tottenham
86,Ryan Bennett,29.0,eng ENG,CB,45,43,1,16,30,1,0,42,0,0,,0,0,34,196,121,38,38,100.0,0,0,07/19/20,Leicester City,Tottenham
87,Demarai Gray,7.0,eng ENG,"WB,CB",45,45,0,1,18,31,1,40,0,0,,0,0,36,277,183,37,33,89.2,0,1,07/19/20,Leicester City,Tottenham
88,Kasper Schmeichel,1.0,dk DEN,GK,90,24,21,24,0,0,0,19,0,0,,0,0,14,58,32,13,13,100.0,0,0,07/19/20,Leicester City,Tottenham
89,David McGoldrick,17.0,ie IRL,FW,90,49,0,2,26,22,5,47,2,5,40.0,4,1,28,158,35,55,40,72.7,1,0,07/20/20,Sheffield Utd,Everton
90,Oliver McBurnie,9.0,sco SCO,FW,59,18,0,1,6,11,3,18,0,0,,0,0,7,34,7,20,13,65.0,1,0,07/20/20,Sheffield Utd,Everton
91,John Fleck,4.0,sco SCO,FW,31,26,0,0,10,17,0,23,1,1,100.0,1,0,22,105,68,18,18,100.0,0,0,07/20/20,Sheffield Utd,Everton
92,Ben Osborn,23.0,eng ENG,CM,59,36,0,7,18,17,1,36,0,0,,0,0,25,136,38,31,31,100.0,4,0,07/20/20,Sheffield Utd,Everton
93,Billy Sharp,10.0,eng ENG,CM,31,8,0,0,3,6,1,8,0,0,,0,0,6,15,2,11,7,63.6,1,2,07/20/20,Sheffield Utd,Everton
94,Sander Berge,32.0,no NOR,CM,90,62,1,7,28,31,1,61,1,1,100.0,1,0,42,186,82,48,43,89.6,3,1,07/20/20,Sheffield Utd,Everton
95,Oliver Norwood,16.0,nir NIR,DM,68,47,3,12,25,11,0,38,0,0,,0,0,17,45,15,23,23,100.0,0,0,07/20/20,Sheffield Utd,Everton
96,John Lundstram,7.0,eng ENG,DM,22,21,1,2,11,9,0,21,1,1,100.0,1,0,19,96,30,20,20,100.0,0,0,07/20/20,Sheffield Utd,Everton
97,Enda Stevens,3.0,ie IRL,WB,90,68,2,14,25,31,2,53,2,3,66.7,2,1,36,180,81,39,39,100.0,1,0,07/20/20,Sheffield Utd,Everton
98,George Baldock,2.0,eng ENG,WB,90,62,0,10,29,29,3,50,1,1,100.0,1,0,32,209,119,38,35,92.1,0,0,07/20/20,Sheffield Utd,Everton
99,Jack O'Connell,5.0,eng ENG,CB,90,72,6,31,40,6,0,68,0,0,,0,0,40,153,113,46,46,100.0,0,0,07/20/20,Sheffield Utd,Everton
100,John Egan,12.0,ie IRL,CB,90,50,6,21,26,3,2,47,0,0,,0,0,20,126,91,24,23,95.8,1,0,07/20/20,Sheffield Utd,Everton
101,Chris Basham,6.0,eng ENG,CB,82,55,3,15,29,13,2,52,1,1,100.0,1,0,29,117,72,35,33,94.3,3,1,07/20/20,Sheffield Utd,Everton
102,Richairo Zivkovic,30.0,nl NED,CB,8,3,0,0,0,3,0,3,0,0,,0,0,2,12,2,5,2,40.0,0,1,07/20/20,Sheffield Utd,Everton
103,Dean Henderson,1.0,eng ENG,GK,90,24,19,24,0,0,0,20,0,0,,0,0,13,50,34,13,13,100.0,0,0,07/20/20,Sheffield Utd,Everton
104,Richarlison,7.0,br BRA,FW,90,50,0,11,29,13,2,50,3,8,37.5,3,0,38,239,86,33,31,93.9,5,4,07/20/20,Everton,Sheffield Utd
105,Dominic Calvert-Lewin,9.0,eng ENG,FW,90,21,3,3,8,11,2,21,1,2,50.0,1,0,13,64,24,23,17,73.9,5,0,07/20/20,Everton,Sheffield Utd
106,Gylfi Sigurdsson,10.0,is ISL,CM,87,37,0,2,21,14,1,33,1,3,33.3,1,0,28,95,50,37,26,70.3,2,3,07/20/20,Everton,Sheffield Utd
107,Seamus Coleman,23.0,ie IRL,"CM,RB",3,2,0,1,1,0,0,1,0,0,,0,0,1,6,0,0,0,,0,0,07/20/20,Everton,Sheffield Utd
108,Theo Walcott,11.0,eng ENG,CM,83,34,0,5,15,15,4,34,2,3,66.7,2,0,24,106,58,25,19,76.0,1,3,07/20/20,Everton,Sheffield Utd
109,Anthony Gordon,42.0,eng ENG,CM,7,2,0,0,1,2,1,2,1,1,100.0,1,0,3,42,32,2,2,100.0,0,0,07/20/20,Everton,Sheffield Utd
110,Tom Davies,26.0,eng ENG,DM,90,49,5,25,27,4,0,47,0,2,0.0,1,0,30,168,126,28,27,96.4,1,1,07/20/20,Everton,Sheffield Utd
111,Andre Gomes,21.0,pt POR,DM,90,47,3,21,27,3,0,47,1,1,100.0,1,0,34,101,36,35,35,100.0,0,1,07/20/20,Everton,Sheffield Utd
112,Lucas Digne,12.0,fr FRA,LB,90,70,5,32,24,15,1,53,1,3,33.3,1,0,29,142,67,29,27,93.1,0,0,07/20/20,Everton,Sheffield Utd
113,Jarrad Branthwaite,32.0,eng ENG,CB,90,60,14,50,12,0,0,58,0,0,,0,0,35,175,66,45,45,100.0,0,0,07/20/20,Everton,Sheffield Utd
114,Michael Keane,5.0,eng ENG,CB,90,85,30,78,11,0,0,84,0,0,,0,0,45,192,83,53,53,100.0,0,0,07/20/20,Everton,Sheffield Utd
115,Djibril Sidibe,19.0,fr FRA,RB,90,78,4,47,35,4,0,70,0,0,,0,0,52,311,217,52,52,100.0,0,0,07/20/20,Everton,Sheffield Utd
116,Jordan Pickford,1.0,eng ENG,GK,90,57,55,57,0,0,0,45,0,0,,0,0,32,135,63,33,33,100.0,0,0,07/20/20,Everton,Sheffield Utd
117,Neal Maupay,7.0,fr FRA,FW,72,23,0,0,9,15,5,22,1,2,50.0,1,0,14,91,37,28,18,64.3,0,2,07/20/20,Brighton,Newcastle Utd
118,Glenn Murray,17.0,eng ENG,FW,18,2,0,0,0,2,0,2,0,0,,0,0,1,4,0,3,2,66.7,0,1,07/20/20,Brighton,Newcastle Utd
119,Aaron Mooy,18.0,au AUS,LW,57,32,2,6,14,15,0,32,0,0,,0,0,22,118,45,22,21,95.5,0,1,07/20/20,Brighton,Newcastle Utd
120,Solly March,20.0,eng ENG,LW,33,24,0,0,10,17,0,22,0,0,,0,0,17,95,50,18,18,100.0,2,1,07/20/20,Brighton,Newcastle Utd
121,Pascal Gross,13.0,de GER,RW,57,37,0,2,13,24,1,28,0,0,,0,0,20,77,44,31,24,77.4,1,1,07/20/20,Brighton,Newcastle Utd
122,Alexis Mac Allister,10.0,ar ARG,RW,33,20,0,1,7,13,0,16,0,0,,0,0,8,20,2,11,9,81.8,2,0,07/20/20,Brighton,Newcastle Utd
123,Leandro Trossard,11.0,be BEL,AM,90,39,1,1,12,29,3,39,1,1,100.0,1,0,28,127,42,35,31,88.6,3,2,07/20/20,Brighton,Newcastle Utd
124,Dale Stephens,6.0,eng ENG,DM,90,67,5,18,46,13,0,67,2,2,100.0,2,0,52,395,213,51,50,98.0,0,1,07/20/20,Brighton,Newcastle Utd
125,Yves Bissouma,8.0,ml MLI,DM,72,56,1,11,41,10,0,56,2,2,100.0,2,0,48,329,121,43,41,95.3,2,3,07/20/20,Brighton,Newcastle Utd
126,Davy Propper,24.0,nl NED,DM,18,13,0,3,9,2,0,13,0,0,,0,0,9,29,10,12,11,91.7,1,1,07/20/20,Brighton,Newcastle Utd
127,Dan Burn,33.0,eng ENG,LB,90,91,9,23,58,19,3,88,0,0,,0,0,55,278,185,66,64,97.0,1,0,07/20/20,Brighton,Newcastle Utd
128,Lewis Dunk,5.0,eng ENG,CB,90,94,8,39,57,6,2,92,0,0,,0,0,63,401,203,74,74,100.0,0,0,07/20/20,Brighton,Newcastle Utd
129,Adam Webster,15.0,eng ENG,"CB,RB",90,87,10,40,47,8,2,85,1,1,100.0,1,0,63,522,345,61,61,100.0,0,1,07/20/20,Brighton,Newcastle Utd
130,Tariq Lamptey,2.0,eng ENG,RB,85,51,3,17,18,20,1,46,0,0,,0,0,31,154,101,35,32,91.4,0,4,07/20/20,Brighton,Newcastle Utd
131,Shane Duffy,4.0,ie IRL,"CB,RB",5,5,1,3,2,0,0,5,0,0,,0,0,4,7,0,4,4,100.0,0,0,07/20/20,Brighton,Newcastle Utd
132,Mathew Ryan,1.0,au AUS,GK,90,38,27,38,0,0,0,28,0,0,,0,0,20,43,12,23,23,100.0,0,0,07/20/20,Brighton,Newcastle Utd
133,Dwight Gayle,12.0,eng ENG,FW,73,21,0,5,9,8,4,21,2,2,100.0,2,0,11,64,34,16,14,87.5,1,1,07/20/20,Newcastle Utd,Brighton
134,Andy Carroll,7.0,eng ENG,FW,17,7,0,0,0,7,2,7,0,0,,0,0,3,8,0,9,7,77.8,0,0,07/20/20,Newcastle Utd,Brighton
135,Allan Saint-Maximin,10.0,fr FRA,FW,73,23,0,1,11,13,3,23,6,7,85.7,6,0,25,219,125,20,19,95.0,1,2,07/20/20,Newcastle Utd,Brighton
136,Joelinton,9.0,br BRA,FW,17,11,0,0,5,6,0,10,0,0,,0,0,9,57,10,8,8,100.0,0,1,07/20/20,Newcastle Utd,Brighton
137,Miguel Almiron,24.0,py PAR,CM,85,32,0,6,13,15,2,32,1,1,100.0,1,0,21,90,43,27,22,81.5,1,0,07/20/20,Newcastle Utd,Brighton
138,Valentino Lazaro,23.0,at AUT,CM,5,3,0,0,1,2,0,3,0,0,,0,0,2,6,1,2,2,100.0,0,0,07/20/20,Newcastle Utd,Brighton
139,Jonjo Shelvey,8.0,eng ENG,CM,90,41,0,10,17,14,3,36,0,0,,0,0,28,131,45,33,30,90.9,0,1,07/20/20,Newcastle Utd,Brighton
140,Nabil Bentaleb,42.0,dz ALG,DM,90,52,3,17,26,9,0,52,1,1,100.0,1,0,26,115,33,25,25,100.0,1,0,07/20/20,Newcastle Utd,Brighton
141,Matt Ritchie,11.0,sco SCO,WB,90,74,2,14,35,30,3,56,0,0,,0,0,44,203,95,44,40,90.9,0,2,07/20/20,Newcastle Utd,Brighton
142,Javier Manquillo,19.0,es ESP,WB,90,41,2,10,19,15,0,33,2,3,66.7,2,0,27,168,114,24,23,95.8,0,0,07/20/20,Newcastle Utd,Brighton
143,Danny Rose,28.0,eng ENG,CB,90,50,0,24,25,5,0,48,0,1,0.0,0,0,33,168,59,29,29,100.0,1,0,07/20/20,Newcastle Utd,Brighton
144,Federico Fernandez,18.0,ar ARG,CB,90,37,9,32,5,1,0,36,0,0,,0,0,21,85,35,21,21,100.0,0,0,07/20/20,Newcastle Utd,Brighton
145,Emil Krafth,17.0,se SWE,CB,90,46,8,32,19,1,0,44,0,0,,0,0,25,177,107,26,26,100.0,0,0,07/20/20,Newcastle Utd,Brighton
146,Martin DÃºbravka,1.0,sk SVK,GK,90,23,18,23,0,0,0,12,0,0,,0,0,8,44,27,6,6,100.0,0,0,07/20/20,Newcastle Utd,Brighton
147,Raul Jimenez,9.0,mx MEX,FW,90,35,2,2,14,20,5,35,3,5,60.0,3,0,17,96,64,39,26,66.7,1,1,07/20/20,Wolves,Crystal Palace
148,Daniel Podence,10.0,pt POR,AM,71,35,0,5,17,16,4,34,2,3,66.7,3,0,19,124,57,35,24,68.6,1,0,07/20/20,Wolves,Crystal Palace
149,Diogo Jota,18.0,pt POR,AM,19,7,0,1,4,2,0,7,0,0,,0,0,4,23,16,10,5,50.0,0,0,07/20/20,Wolves,Crystal Palace
150,Adama Traore,37.0,es ESP,AM,80,36,0,1,20,19,3,36,5,5,100.0,5,0,36,414,220,35,31,88.6,3,1,07/20/20,Wolves,Crystal Palace
151,Pedro Neto,7.0,pt POR,AM,10,9,0,0,3,6,0,9,0,3,0.0,1,0,8,43,15,8,7,87.5,0,0,07/20/20,Wolves,Crystal Palace
152,Joao Moutinho,28.0,pt POR,DM,90,76,2,11,46,21,0,64,0,0,,0,0,42,186,100,56,55,98.2,1,0,07/20/20,Wolves,Crystal Palace
153,Ruben Neves,8.0,pt POR,DM,90,80,4,18,55,8,0,76,0,0,,0,0,47,124,55,48,47,97.9,0,0,07/20/20,Wolves,Crystal Palace
154,Jonny,19.0,es ESP,WB,90,65,0,7,36,27,2,53,4,6,66.7,4,0,42,278,182,46,41,89.1,1,3,07/20/20,Wolves,Crystal Palace
155,Matt Doherty,2.0,ie IRL,WB,90,82,3,16,45,25,3,74,1,1,100.0,1,1,48,181,97,57,53,93.0,1,2,07/20/20,Wolves,Crystal Palace
156,Willy Boly,15.0,fr FRA,CB,90,52,6,20,31,2,2,52,1,1,100.0,1,0,32,136,64,31,31,100.0,0,0,07/20/20,Wolves,Crystal Palace
157,Conor Coady,16.0,eng ENG,CB,90,48,3,33,21,0,0,48,0,0,,0,0,34,167,66,37,37,100.0,0,0,07/20/20,Wolves,Crystal Palace
158,Leander Dendoncker,32.0,be BEL,CB,90,59,6,28,32,0,0,57,0,0,,0,0,36,185,68,36,36,100.0,0,0,07/20/20,Wolves,Crystal Palace
159,Rui PatrÃ­cio,11.0,pt POR,GK,90,21,19,21,0,0,0,15,0,0,,0,0,8,36,20,6,6,100.0,0,0,07/20/20,Wolves,Crystal Palace
160,Jordan Ayew,9.0,gh GHA,FW,90,38,2,3,22,14,2,36,2,2,100.0,2,0,26,147,100,41,28,68.3,1,3,07/20/20,Crystal Palace,Wolves
161,Wilfried Zaha,11.0,ci CIV,FW,90,35,0,2,18,20,5,35,2,3,66.7,2,0,31,193,84,37,28,75.7,5,3,07/20/20,Crystal Palace,Wolves
162,Jeffrey Schlupp,15.0,gh GHA,CM,72,40,0,8,16,17,2,38,3,5,60.0,3,0,25,193,125,36,29,80.6,1,3,07/20/20,Crystal Palace,Wolves
163,Jairo Riedewald,44.0,nl NED,CM,18,11,0,2,8,1,0,11,0,0,,0,0,6,9,7,10,9,90.0,0,0,07/20/20,Crystal Palace,Wolves
164,James McArthur,18.0,sco SCO,CM,90,68,4,20,44,7,1,68,2,2,100.0,2,0,40,233,126,44,43,97.7,1,1,07/20/20,Crystal Palace,Wolves
165,James McCarthy,22.0,ie IRL,CM,90,73,1,17,48,14,0,65,0,0,,0,0,35,143,46,47,47,100.0,1,0,07/20/20,Crystal Palace,Wolves
166,Andros Townsend,10.0,eng ENG,CM,90,34,0,3,22,13,0,26,1,1,100.0,1,0,21,145,42,28,20,71.4,3,1,07/20/20,Crystal Palace,Wolves
167,Tyrick Mitchell,39.0,eng ENG,LB,90,53,3,16,28,14,2,43,0,0,,0,0,26,171,117,35,32,91.4,0,1,07/20/20,Crystal Palace,Wolves
168,Mamadou Sakho,12.0,fr FRA,CB,22,16,5,13,4,0,0,16,0,0,,0,0,11,66,29,11,10,90.9,0,0,07/20/20,Crystal Palace,Wolves
169,Cheikhou Kouyate,8.0,sn SEN,CB,68,37,2,22,14,2,1,37,0,0,,0,0,20,132,41,24,24,100.0,0,0,07/20/20,Crystal Palace,Wolves
170,Scott Dann,6.0,eng ENG,CB,90,56,4,40,20,0,0,53,0,0,,0,0,29,132,94,38,37,97.4,0,0,07/20/20,Crystal Palace,Wolves
171,Joel Ward,2.0,eng ENG,RB,90,63,4,20,33,11,1,50,0,0,,0,0,29,129,81,35,33,94.3,1,1,07/20/20,Crystal Palace,Wolves
172,Vicente Guaita,31.0,es ESP,GK,90,25,22,25,0,0,0,17,0,0,,0,0,8,54,32,9,9,100.0,0,0,07/20/20,Crystal Palace,Wolves
173,Troy Deeney,9.0,eng ENG,FW,66,35,0,5,23,7,0,33,1,2,50.0,1,0,15,34,11,31,27,87.1,3,1,07/21/20,Watford,Manchester City
174,Danny Welbeck,10.0,eng ENG,FW,24,11,0,1,8,2,1,11,1,3,33.3,1,0,9,79,67,12,9,75.0,1,1,07/21/20,Watford,Manchester City
175,Roberto Pereyra,37.0,ar ARG,LW,86,24,1,9,11,5,0,24,0,2,0.0,0,0,22,134,92,22,15,68.2,2,1,07/21/20,Watford,Manchester City
176,Adam Masina,11.0,it ITA,LW,4,2,0,0,2,0,0,2,0,0,,0,0,2,1,1,2,2,100.0,0,0,07/21/20,Watford,Manchester City
177,Ismaila Sarr,23.0,sn SEN,RW,90,25,0,9,14,5,1,22,2,2,100.0,2,0,16,94,48,20,11,55.0,2,4,07/21/20,Watford,Manchester City
178,Will Hughes,19.0,eng ENG,CM,90,38,8,18,18,4,1,37,0,0,,0,0,20,67,42,18,16,88.9,2,3,07/21/20,Watford,Manchester City
179,Abdoulaye Doucoure,16.0,fr FRA,CM,81,37,4,21,14,4,0,37,1,2,50.0,1,0,28,96,59,21,18,85.7,2,3,07/21/20,Watford,Manchester City
180,Nathaniel Chalobah,14.0,eng ENG,CM,9,3,0,1,0,2,0,3,0,0,,0,0,2,3,0,2,2,100.0,0,1,07/21/20,Watford,Manchester City
181,Tom Cleverley,8.0,eng ENG,DM,90,37,6,18,15,4,0,34,0,1,0.0,0,0,19,31,11,17,17,100.0,0,1,07/21/20,Watford,Manchester City
182,Kiko Femenia,21.0,es ESP,LB,90,51,8,27,16,10,0,39,1,1,100.0,1,0,22,107,66,17,17,100.0,0,0,07/21/20,Watford,Manchester City
183,Craig Dawson,4.0,eng ENG,CB,90,33,9,22,13,2,1,33,1,1,100.0,1,0,16,45,17,15,15,100.0,1,0,07/21/20,Watford,Manchester City
184,Christian Kabasele,27.0,be BEL,CB,90,24,8,18,7,0,0,23,0,0,,0,0,8,41,7,10,9,90.0,0,0,07/21/20,Watford,Manchester City
185,Adrian Mariappa,6.0,jm JAM,RB,90,20,4,13,5,2,0,16,0,0,,0,0,3,0,0,5,5,100.0,0,0,07/21/20,Watford,Manchester City
186,Ben Foster,26.0,eng ENG,GK,90,37,33,35,2,0,0,21,0,0,,0,0,9,82,52,6,6,100.0,0,0,07/21/20,Watford,Manchester City
187,Gabriel Jesus,9.0,br BRA,FW,90,28,0,1,11,16,5,28,0,0,,0,0,19,73,29,34,21,61.8,0,2,07/21/20,Manchester City,Watford
188,Raheem Sterling,7.0,eng ENG,"LW,RW",63,53,0,4,13,37,6,52,2,5,40.0,2,1,47,166,86,44,42,95.5,3,1,07/21/20,Manchester City,Watford
189,Riyad Mahrez,26.0,dz ALG,RW,27,19,0,1,10,11,3,19,2,3,66.7,2,0,18,89,25,18,15,83.3,0,1,07/21/20,Manchester City,Watford
190,Phil Foden,47.0,eng ENG,"LW,RW",90,65,0,2,17,50,8,65,3,3,100.0,3,0,50,248,191,58,52,89.7,1,2,07/21/20,Manchester City,Watford
191,Bernardo Silva,20.0,pt POR,CM,90,82,2,14,42,31,3,78,0,0,,0,0,54,255,125,72,67,93.1,0,0,07/21/20,Manchester City,Watford
192,Kevin De Bruyne,17.0,be BEL,CM,90,102,1,10,41,56,8,91,1,1,100.0,1,0,70,225,134,86,81,94.2,3,2,07/21/20,Manchester City,Watford
193,Rodrigo,16.0,es ESP,DM,90,140,1,18,96,32,2,138,0,1,0.0,0,0,100,487,337,112,111,99.1,0,1,07/21/20,Manchester City,Watford
194,Joao Cancelo,27.0,pt POR,"LB,RB",90,103,3,15,51,43,5,101,7,9,77.8,8,2,90,425,241,84,81,96.4,1,1,07/21/20,Manchester City,Watford
195,Aymeric Laporte,14.0,fr FRA,CB,73,70,4,18,54,6,1,68,0,0,,0,0,50,293,200,54,54,100.0,0,0,07/21/20,Manchester City,Watford
196,John Stones,5.0,eng ENG,CB,17,20,2,9,12,1,0,20,0,0,,0,0,8,42,30,15,15,100.0,0,0,07/21/20,Manchester City,Watford
197,Eric Garcia,50.0,es ESP,CB,90,82,5,27,57,5,1,80,2,2,100.0,2,0,61,372,256,63,63,100.0,0,0,07/21/20,Manchester City,Watford
198,Kyle Walker,2.0,eng ENG,RB,63,77,1,10,41,31,0,71,0,1,0.0,0,0,55,263,102,58,56,96.6,0,0,07/21/20,Manchester City,Watford
199,Oleksandr Zinchenko,11.0,ua UKR,LB,27,26,0,2,16,9,1,26,0,0,,0,0,19,99,69,28,25,89.3,0,0,07/21/20,Manchester City,Watford
200,Ederson,31.0,br BRA,GK,90,23,20,22,1,0,0,14,0,0,,0,0,8,27,19,10,10,100.0,0,0,07/21/20,Manchester City,Watford
201,Mbwana Samatta,20.0,tz TAN,FW,71,21,0,2,10,9,0,21,0,0,,0,0,10,65,27,31,16,51.6,1,0,07/21/20,Aston Villa,Arsenal
202,Keinan Davis,39.0,eng ENG,FW,19,12,2,3,4,5,1,12,0,0,,0,0,9,51,20,14,11,78.6,1,0,07/21/20,Aston Villa,Arsenal
203,Jack Grealish,10.0,eng ENG,LW,90,48,4,15,26,17,1,47,1,1,100.0,1,0,36,453,317,40,29,72.5,0,0,07/21/20,Aston Villa,Arsenal
204,Trezeguet,17.0,eg EGY,RW,90,26,0,5,7,14,3,26,1,1,100.0,1,0,15,82,17,33,14,42.4,2,2,07/21/20,Aston Villa,Arsenal
205,Conor Hourihane,14.0,ie IRL,CM,72,37,2,6,15,16,0,22,0,0,,0,0,13,18,5,15,15,100.0,0,0,07/21/20,Aston Villa,Arsenal
206,Marvelous Nakamba,11.0,zw ZIM,CM,18,5,1,3,1,1,0,5,0,0,,0,0,1,2,0,3,2,66.7,0,0,07/21/20,Aston Villa,Arsenal
207,John McGinn,7.0,sco SCO,CM,89,27,3,5,13,11,3,27,0,0,,0,0,18,88,50,20,14,70.0,1,3,07/21/20,Aston Villa,Arsenal
208,Henri Lansbury,8.0,eng ENG,CM,1,0,0,0,0,0,0,0,0,0,,0,0,0,0,0,0,0,,0,0,07/21/20,Aston Villa,Arsenal
209,Douglas Luiz,6.0,br BRA,DM,90,39,6,12,26,3,0,36,1,1,100.0,1,0,19,143,70,17,17,100.0,0,1,07/21/20,Aston Villa,Arsenal
210,Matt Targett,18.0,eng ENG,LB,90,33,5,15,16,6,2,29,0,0,,0,0,16,77,58,17,16,94.1,0,0,07/21/20,Aston Villa,Arsenal
211,Tyrone Mings,40.0,eng ENG,CB,90,51,13,32,22,1,1,49,0,0,,0,0,26,117,43,27,26,96.3,1,0,07/21/20,Aston Villa,Arsenal
212,Ezri Konsa Ngoyo,15.0,eng ENG,CB,90,33,10,19,11,3,2,32,1,1,100.0,1,0,16,29,15,17,17,100.0,0,0,07/21/20,Aston Villa,Arsenal
213,Ahmed El Mohamady,27.0,eg EGY,RB,24,16,0,5,8,5,0,15,0,0,,0,0,10,43,12,9,9,100.0,0,0,07/21/20,Aston Villa,Arsenal
214,Frederic Guilbert,24.0,fr FRA,RB,66,31,2,9,9,14,2,23,1,1,100.0,1,0,10,36,24,13,10,76.9,0,1,07/21/20,Aston Villa,Arsenal
215,Pepe Reina,29.0,es ESP,GK,90,38,31,38,0,0,0,26,0,0,,0,0,17,99,66,19,19,100.0,0,0,07/21/20,Aston Villa,Arsenal
216,Alexandre Lacazette,9.0,fr FRA,FW,90,34,2,6,17,13,3,32,0,1,0.0,0,0,20,121,63,31,26,83.9,0,4,07/21/20,Arsenal,Aston Villa
217,Pierre-Emerick Aubameyang,14.0,ga GAB,LW,90,32,2,4,14,15,4,32,0,1,0.0,0,0,22,154,99,31,25,80.6,2,0,07/21/20,Arsenal,Aston Villa
218,Eddie Nketiah,30.0,eng ENG,RW,90,29,0,2,13,16,4,29,1,1,100.0,1,0,23,133,57,31,26,83.9,2,3,07/21/20,Arsenal,Aston Villa
219,Lucas Torreira,11.0,uy URU,DM,45,44,2,9,30,8,0,42,0,0,,0,0,31,151,47,37,36,97.3,0,2,07/21/20,Arsenal,Aston Villa
220,Granit Xhaka,34.0,ch SUI,DM,45,48,1,8,32,14,0,48,1,1,100.0,1,0,38,228,105,42,41,97.6,0,0,07/21/20,Arsenal,Aston Villa
221,Dani Ceballos,8.0,es ESP,DM,90,120,4,25,73,34,4,109,1,3,33.3,2,1,90,617,389,94,92,97.9,1,1,07/21/20,Arsenal,Aston Villa
222,Bukayo Saka,77.0,eng ENG,WB,59,46,2,13,12,22,2,40,0,0,,0,0,22,75,59,35,26,74.3,0,4,07/21/20,Arsenal,Aston Villa
223,Kieran Tierney,3.0,sco SCO,WB,31,30,1,12,6,15,2,27,0,0,,0,0,20,185,87,22,20,90.9,3,1,07/21/20,Arsenal,Aston Villa
224,Cedric Soares,17.0,pt POR,"WB,CB",78,61,1,10,25,30,0,51,0,0,,0,0,37,232,147,43,41,95.3,2,0,07/21/20,Arsenal,Aston Villa
225,Joseph Willock,28.0,eng ENG,CB,12,10,2,3,5,2,0,9,0,0,,0,0,6,40,4,6,6,100.0,0,0,07/21/20,Arsenal,Aston Villa
226,Sead Kolasinac,31.0,ba BIH,CB,90,95,5,33,52,14,2,93,2,2,100.0,2,0,63,369,256,66,66,100.0,0,0,07/21/20,Arsenal,Aston Villa
227,David Luiz,23.0,br BRA,CB,59,50,8,31,25,1,0,47,1,1,100.0,1,0,39,284,224,42,41,97.6,0,1,07/21/20,Arsenal,Aston Villa
228,Nicolas Pepe,19.0,ci CIV,"WB,CB",31,25,0,2,14,15,1,23,0,1,0.0,0,0,21,191,143,23,21,91.3,0,0,07/21/20,Arsenal,Aston Villa
229,Rob Holding,16.0,eng ENG,CB,90,87,10,41,56,2,0,85,0,0,,0,0,62,453,329,70,70,100.0,0,0,07/21/20,Arsenal,Aston Villa
230,Emiliano MartÃ­nez,26.0,ar ARG,GK,90,27,20,27,0,0,0,20,0,0,,0,0,16,67,38,14,14,100.0,0,0,07/21/20,Arsenal,Aston Villa
231,Anthony Martial,9.0,fr FRA,FW,90,48,0,2,18,30,10,47,1,2,50.0,1,0,37,193,101,58,44,75.9,1,1,07/22/20,Manchester Utd,West Ham
232,Marcus Rashford,10.0,eng ENG,LW,84,53,1,6,19,33,3,53,4,6,66.7,4,2,39,312,222,51,40,78.4,4,3,07/22/20,Manchester Utd,West Ham
233,Odion Ighalo,25.0,ng NGA,LW,6,8,0,0,3,5,4,8,0,0,,0,0,5,30,0,8,6,75.0,1,1,07/22/20,Manchester Utd,West Ham
234,Mason Greenwood,26.0,eng ENG,RW,90,50,1,2,15,34,5,50,1,2,50.0,1,0,41,191,98,52,41,78.8,5,2,07/22/20,Manchester Utd,West Ham
235,Bruno Fernandes,18.0,pt POR,AM,90,85,0,6,46,43,3,81,0,0,,0,0,61,310,189,84,72,85.7,4,1,07/22/20,Manchester Utd,West Ham
236,Nemanja Matic,31.0,rs SRB,CM,90,108,3,23,72,30,1,107,1,1,100.0,1,0,80,604,355,84,83,98.8,1,3,07/22/20,Manchester Utd,West Ham
237,Paul Pogba,6.0,fr FRA,CM,90,93,3,11,59,26,0,92,2,2,100.0,2,0,68,309,184,78,75,96.2,0,3,07/22/20,Manchester Utd,West Ham
238,Brandon Williams,53.0,eng ENG,LB,90,84,4,19,44,27,2,75,1,1,100.0,1,0,54,278,145,60,59,98.3,3,0,07/22/20,Manchester Utd,West Ham
239,Harry Maguire,5.0,eng ENG,CB,90,75,12,34,41,4,1,74,0,0,,0,0,42,351,240,47,47,100.0,0,0,07/22/20,Manchester Utd,West Ham
240,Victor Lindelof,2.0,se SWE,CB,90,67,14,33,36,2,0,67,0,0,,0,0,41,330,221,47,46,97.9,1,0,07/22/20,Manchester Utd,West Ham
241,Timothy Fosu-Mensah,24.0,nl NED,RB,45,22,0,5,8,10,1,20,1,1,100.0,1,0,13,45,28,18,14,77.8,0,0,07/22/20,Manchester Utd,West Ham
242,Aaron Wan-Bissaka,29.0,eng ENG,RB,45,26,1,4,10,14,1,25,0,0,,0,0,15,107,72,15,14,93.3,0,3,07/22/20,Manchester Utd,West Ham
243,David de Gea,1.0,es ESP,GK,90,26,25,26,0,0,0,13,0,0,,0,0,7,41,37,7,7,100.0,0,0,07/22/20,Manchester Utd,West Ham
244,Michail Antonio,30.0,eng ENG,FW,77,38,0,3,11,27,5,35,0,0,,0,0,27,139,89,53,30,56.6,1,2,07/22/20,West Ham,Manchester Utd
245,Sebastien Haller,22.0,fr FRA,FW,13,16,1,5,10,2,1,16,0,0,,0,0,9,61,13,17,11,64.7,1,2,07/22/20,West Ham,Manchester Utd
246,Pablo Fornals,18.0,es ESP,LW,90,52,0,13,22,19,1,52,0,0,,0,0,36,144,68,51,39,76.5,0,2,07/22/20,West Ham,Manchester Utd
247,Jarrod Bowen,17.0,eng ENG,RW,89,49,1,9,25,26,5,46,2,3,66.7,2,0,38,412,226,46,36,78.3,0,3,07/22/20,West Ham,Manchester Utd
248,Andriy Yarmolenko,7.0,ua UKR,RW,1,4,1,1,3,1,0,4,0,0,,0,0,4,37,1,6,4,66.7,0,0,07/22/20,West Ham,Manchester Utd
249,Mark Noble,16.0,eng ENG,AM,90,72,0,10,43,22,3,66,2,2,100.0,2,0,55,264,103,64,57,89.1,0,1,07/22/20,West Ham,Manchester Utd
250,Tomas Soucek,28.0,cz CZE,CM,90,41,7,23,14,6,2,41,0,0,,0,0,26,108,63,33,23,69.7,0,0,07/22/20,West Ham,Manchester Utd
251,Declan Rice,41.0,eng ENG,CM,90,61,3,16,38,11,1,61,1,1,100.0,1,0,36,241,118,39,39,100.0,0,0,07/22/20,West Ham,Manchester Utd
252,Aaron Cresswell,3.0,eng ENG,LB,74,47,1,14,29,9,0,39,1,1,100.0,1,0,34,166,85,35,33,94.3,0,0,07/22/20,West Ham,Manchester Utd
253,Arthur Masuaku,26.0,cd COD,LB,16,14,1,5,8,2,0,14,3,3,100.0,3,0,12,93,57,9,9,100.0,0,0,07/22/20,West Ham,Manchester Utd
254,Angelo Ogbonna,21.0,it ITA,CB,90,48,11,28,19,3,2,47,0,0,,0,0,25,127,26,26,26,100.0,1,0,07/22/20,West Ham,Manchester Utd
255,Issa Diop,23.0,fr FRA,CB,90,42,6,25,19,2,0,42,0,0,,0,0,24,150,43,25,25,100.0,0,0,07/22/20,West Ham,Manchester Utd
256,Ben Johnson,53.0,eng ENG,RB,90,72,8,32,30,11,0,60,0,0,,0,0,38,153,46,36,34,94.4,0,0,07/22/20,West Ham,Manchester Utd
257,Åukasz FabiaÅski,1.0,pl POL,GK,90,32,29,32,0,0,0,20,0,0,,0,0,16,90,37,14,14,100.0,0,0,07/22/20,West Ham,Manchester Utd
258,Roberto Firmino,9.0,br BRA,FW,86,35,0,2,20,14,3,30,0,0,,0,0,22,73,7,30,23,76.7,3,2,07/22/20,Liverpool,Chelsea
259,Takumi Minamino,18.0,jp JPN,FW,4,4,0,1,1,2,0,4,0,0,,0,0,3,8,6,5,4,80.0,2,0,07/22/20,Liverpool,Chelsea
260,Sadio Mane,10.0,sn SEN,LW,86,54,0,9,22,28,1,54,5,5,100.0,5,0,45,289,118,53,46,86.8,6,1,07/22/20,Liverpool,Chelsea
261,Divock Origi,27.0,be BEL,LW,4,4,0,0,2,3,0,4,0,0,,0,0,2,64,53,4,3,75.0,1,0,07/22/20,Liverpool,Chelsea
262,Mohamed Salah,11.0,eg EGY,RW,78,43,0,2,15,30,9,43,4,4,100.0,4,0,36,223,156,51,36,70.6,1,4,07/22/20,Liverpool,Chelsea
263,Alex Oxlade-Chamberlain,15.0,eng ENG,RW,12,6,0,1,2,3,2,6,0,1,0.0,0,0,2,3,0,4,4,100.0,0,0,07/22/20,Liverpool,Chelsea
264,Georginio Wijnaldum,5.0,nl NED,CM,65,41,0,5,25,15,4,40,0,1,0.0,0,0,29,177,79,38,34,89.5,1,0,07/22/20,Liverpool,Chelsea
265,James Milner,7.0,eng ENG,CM,25,15,1,2,11,3,0,14,0,0,,0,0,8,33,8,8,8,100.0,0,0,07/22/20,Liverpool,Chelsea
266,Naby Keita,8.0,gn GUI,CM,65,57,1,10,44,7,0,57,2,2,100.0,2,0,39,188,102,44,39,88.6,2,0,07/22/20,Liverpool,Chelsea
267,Curtis Jones,48.0,eng ENG,CM,25,12,0,3,7,2,0,12,0,0,,0,0,6,24,7,7,7,100.0,0,0,07/22/20,Liverpool,Chelsea
268,Fabinho,3.0,br BRA,DM,90,64,0,14,45,8,0,64,0,0,,0,0,37,145,55,42,42,100.0,0,3,07/22/20,Liverpool,Chelsea
269,Andrew Robertson,26.0,sco SCO,LB,90,92,5,31,47,21,1,81,3,4,75.0,3,0,66,351,246,67,64,95.5,0,1,07/22/20,Liverpool,Chelsea
270,Virgil van Dijk,4.0,nl NED,CB,90,81,7,36,48,1,1,80,0,0,,0,0,51,179,55,61,61,100.0,0,0,07/22/20,Liverpool,Chelsea
271,Joseph Gomez,12.0,eng ENG,CB,90,75,10,36,44,0,0,72,2,2,100.0,2,0,55,330,182,49,49,100.0,0,0,07/22/20,Liverpool,Chelsea
272,Trent Alexander-Arnold,66.0,eng ENG,RB,90,84,4,29,44,15,0,66,1,1,100.0,1,0,46,142,54,46,46,100.0,0,0,07/22/20,Liverpool,Chelsea
273,Alisson,1.0,br BRA,GK,90,46,40,45,1,0,0,33,0,0,,0,0,26,99,45,24,24,100.0,0,0,07/22/20,Liverpool,Chelsea
274,Olivier Giroud,18.0,fr FRA,FW,58,25,1,1,16,8,2,20,0,0,,0,0,3,1,0,27,12,44.4,0,0,07/22/20,Chelsea,Liverpool
275,Tammy Abraham,9.0,eng ENG,FW,32,6,0,0,4,2,1,5,0,0,,0,0,3,14,8,17,4,23.5,1,0,07/22/20,Chelsea,Liverpool
276,Mason Mount,19.0,eng ENG,LW,58,30,0,3,16,13,2,30,1,2,50.0,1,1,27,199,101,41,25,61.0,1,3,07/22/20,Chelsea,Liverpool
277,Callum Hudson-Odoi,20.0,eng ENG,"RW,LW",32,16,0,0,10,7,1,16,2,3,66.7,2,0,15,111,53,18,13,72.2,1,1,07/22/20,Chelsea,Liverpool
278,Willian,10.0,br BRA,RW,58,35,0,8,13,16,4,35,0,0,,0,0,21,135,55,36,27,75.0,2,0,07/22/20,Chelsea,Liverpool
279,Christian Pulisic,22.0,us USA,"LW,RW",32,20,0,2,6,13,5,20,2,4,50.0,2,2,18,131,96,22,14,63.6,2,1,07/22/20,Chelsea,Liverpool
280,Mateo Kovacic,17.0,hr CRO,DM,90,51,1,12,32,8,0,51,1,1,100.0,1,0,34,151,65,41,40,97.6,0,1,07/22/20,Chelsea,Liverpool
281,Jorginho,5.0,it ITA,DM,90,75,4,22,47,9,0,73,0,0,,0,0,43,196,91,55,50,90.9,0,1,07/22/20,Chelsea,Liverpool
282,Marcos Alonso,3.0,es ESP,WB,87,75,2,22,45,17,1,73,1,1,100.0,1,0,52,379,256,55,52,94.5,4,2,07/22/20,Chelsea,Liverpool
283,Emerson,33.0,it ITA,WB,3,4,0,0,0,4,0,3,0,0,,0,0,1,4,1,3,2,66.7,0,0,07/22/20,Chelsea,Liverpool
284,Reece James,24.0,eng ENG,WB,90,81,3,22,35,27,0,76,2,3,66.7,2,0,51,252,166,55,53,96.4,0,3,07/22/20,Chelsea,Liverpool
285,Antonio Rudiger,2.0,de GER,CB,90,69,13,48,21,3,0,67,0,0,,0,0,42,255,102,39,39,100.0,0,0,07/22/20,Chelsea,Liverpool
286,Kurt Zouma,15.0,fr FRA,CB,90,95,14,63,34,0,0,95,0,0,,0,0,61,262,119,67,67,100.0,0,1,07/22/20,Chelsea,Liverpool
287,Cesar Azpilicueta,28.0,es ESP,CB,90,91,12,52,31,11,1,80,0,0,,0,0,53,214,122,65,64,98.5,0,0,07/22/20,Chelsea,Liverpool
288,Kepa Arrizabalaga,1.0,es ESP,GK,90,38,36,38,0,0,0,33,0,0,,0,0,24,84,38,26,26,100.0,0,0,07/22/20,Chelsea,Liverpool
289,Danny Ings,9.0,eng ENG,FW,90,43,0,1,13,32,11,43,1,2,50.0,2,0,36,223,119,37,35,94.6,0,4,07/26/20,Southampton,Sheffield Utd
290,Che Adams,10.0,eng ENG,FW,84,30,0,0,10,20,8,29,1,2,50.0,1,0,25,104,48,33,25,75.8,5,2,07/26/20,Southampton,Sheffield Utd
291,Shane Long,7.0,ie IRL,FW,6,0,0,0,0,0,0,0,0,0,,0,0,0,0,0,1,0,0.0,0,0,07/26/20,Southampton,Sheffield Utd
292,Nathan Redmond,22.0,eng ENG,CM,90,64,0,4,35,33,4,63,10,13,76.9,11,1,65,693,450,56,53,94.6,0,1,07/26/20,Southampton,Sheffield Utd
293,Stuart Armstrong,17.0,sco SCO,CM,29,18,0,4,13,3,0,17,0,0,,0,0,14,122,63,13,11,84.6,0,1,07/26/20,Southampton,Sheffield Utd
294,William Smallbone,27.0,ie IRL,CM,61,42,0,5,22,18,2,42,0,1,0.0,0,0,26,119,85,32,30,93.8,1,0,07/26/20,Southampton,Sheffield Utd
295,Oriol Romeu,14.0,es ESP,DM,89,110,3,32,63,20,0,107,2,2,100.0,2,0,80,405,246,80,79,98.8,0,0,07/26/20,Southampton,Sheffield Utd
296,Michael Obafemi,20.0,ie IRL,DM,1,0,0,0,0,0,0,0,0,0,,0,0,0,0,0,1,0,0.0,0,0,07/26/20,Southampton,Sheffield Utd
297,James Ward-Prowse,16.0,eng ENG,DM,90,103,1,16,62,28,5,89,0,0,,0,0,67,232,111,75,74,98.7,0,1,07/26/20,Southampton,Sheffield Utd
298,Ryan Bertrand,21.0,eng ENG,LB,90,77,1,13,55,22,1,66,0,0,,0,0,60,447,277,65,64,98.5,0,1,07/26/20,Southampton,Sheffield Utd
299,Jannik Vestergaard,4.0,dk DEN,CB,90,107,3,54,59,5,3,106,0,0,,0,0,72,534,305,76,76,100.0,1,1,07/26/20,Southampton,Sheffield Utd
300,Jack Stephens,5.0,eng ENG,CB,90,107,8,43,70,2,0,105,0,1,0.0,0,0,76,446,287,84,84,100.0,0,0,07/26/20,Southampton,Sheffield Utd
301,Kyle Walker-Peters,24.0,eng ENG,RB,90,78,1,20,42,26,1,66,2,2,100.0,2,0,58,508,283,55,55,100.0,0,0,07/26/20,Southampton,Sheffield Utd
302,Alex McCarthy,1.0,eng ENG,GK,90,38,25,38,0,0,0,32,0,0,,0,0,27,88,39,25,25,100.0,0,0,07/26/20,Southampton,Sheffield Utd
303,Billy Sharp,10.0,eng ENG,FW,69,18,0,2,10,8,6,17,0,1,0.0,0,0,12,91,78,22,13,59.1,0,1,07/26/20,Sheffield Utd,Southampton
304,Leon Clarke,24.0,eng ENG,FW,21,6,2,2,1,3,1,6,0,0,,0,0,0,0,0,8,4,50.0,0,0,07/26/20,Sheffield Utd,Southampton
305,Oliver McBurnie,9.0,sco SCO,FW,50,21,1,3,12,7,1,21,2,3,66.7,2,0,11,47,13,28,18,64.3,0,2,07/26/20,Sheffield Utd,Southampton
306,Richairo Zivkovic,30.0,nl NED,FW,40,5,0,0,4,1,0,3,0,0,,0,0,3,12,9,18,2,11.1,1,2,07/26/20,Sheffield Utd,Southampton
307,John Fleck,4.0,sco SCO,CM,90,31,2,9,14,10,1,29,1,2,50.0,1,0,15,82,41,14,12,85.7,0,0,07/26/20,Sheffield Utd,Southampton
308,John Lundstram,7.0,eng ENG,CM,90,40,2,9,19,13,3,39,0,1,0.0,1,0,18,91,19,37,26,70.3,2,0,07/26/20,Sheffield Utd,Southampton
309,Sander Berge,32.0,no NOR,DM,90,46,5,16,27,6,0,42,1,1,100.0,1,0,22,140,79,20,19,95.0,0,2,07/26/20,Sheffield Utd,Southampton
310,Enda Stevens,3.0,ie IRL,WB,90,36,2,9,15,15,2,33,0,0,,0,0,20,98,60,26,25,96.2,0,2,07/26/20,Sheffield Utd,Southampton
311,George Baldock,2.0,eng ENG,WB,90,36,4,15,15,8,0,34,1,1,100.0,1,0,21,158,107,20,18,90.0,0,0,07/26/20,Sheffield Utd,Southampton
312,Jack Robinson,19.0,eng ENG,CB,90,41,8,28,10,4,0,40,1,1,100.0,1,0,23,97,19,12,11,91.7,2,0,07/26/20,Sheffield Utd,Southampton
313,John Egan,12.0,ie IRL,CB,90,30,10,26,5,0,0,30,0,0,,0,0,10,50,23,9,9,100.0,0,0,07/26/20,Sheffield Utd,Southampton
314,Chris Basham,6.0,eng ENG,CB,79,40,10,29,8,3,0,37,0,0,,0,0,11,41,9,12,11,91.7,1,0,07/26/20,Sheffield Utd,Southampton
315,Oliver Norwood,16.0,nir NIR,CB,11,8,1,5,3,0,0,7,0,0,,0,0,5,27,10,3,3,100.0,0,0,07/26/20,Sheffield Utd,Southampton
316,Dean Henderson,1.0,eng ENG,GK,90,32,30,32,0,0,0,21,0,0,,0,0,15,122,77,7,7,100.0,0,0,07/26/20,Sheffield Utd,Southampton
317,Jay Rodriguez,19.0,eng ENG,FW,77,26,1,1,4,21,6,25,1,1,100.0,1,0,16,84,57,27,19,70.4,5,3,07/26/20,Burnley,Brighton
318,Matej Vydra,27.0,cz CZE,FW,13,2,0,0,0,2,0,2,0,0,,0,0,1,9,0,4,2,50.0,0,0,07/26/20,Burnley,Brighton
319,Chris Wood,9.0,nz NZL,FW,90,24,1,2,6,17,7,22,0,0,,0,0,8,17,13,25,15,60.0,1,1,07/26/20,Burnley,Brighton
320,Dwight McNeil,11.0,eng ENG,CM,90,55,0,7,33,27,1,49,1,1,100.0,1,0,43,403,208,45,42,93.3,2,1,07/26/20,Burnley,Brighton
321,Josh Brownhill,8.0,eng ENG,CM,90,52,0,4,33,16,1,52,1,1,100.0,1,0,30,160,77,38,37,97.4,1,0,07/26/20,Burnley,Brighton
322,Ashley Westwood,18.0,eng ENG,CM,90,87,0,11,60,20,1,80,0,0,,0,0,42,161,81,65,59,90.8,1,1,07/26/20,Burnley,Brighton
323,Johann Gudmundsson,7.0,is ISL,CM,74,25,1,2,11,16,4,25,0,0,,0,0,16,88,63,22,18,81.8,0,1,07/26/20,Burnley,Brighton
324,Robbie Brady,12.0,ie IRL,CM,16,17,1,3,8,8,1,16,0,0,,0,0,11,74,43,11,11,100.0,2,0,07/26/20,Burnley,Brighton
325,Erik Pieters,23.0,nl NED,LB,90,65,2,16,37,19,2,56,0,0,,0,0,35,215,146,34,34,100.0,1,2,07/26/20,Burnley,Brighton
326,James Tarkowski,5.0,eng ENG,CB,90,50,7,25,24,4,3,46,0,0,,0,0,20,130,57,23,23,100.0,2,0,07/26/20,Burnley,Brighton
327,Kevin Long,28.0,ie IRL,CB,90,48,2,28,21,1,1,48,0,0,,0,0,20,80,36,25,25,100.0,0,1,07/26/20,Burnley,Brighton
328,Phil Bardsley,26.0,sco SCO,RB,90,73,2,24,40,12,0,57,0,0,,0,0,39,209,98,41,41,100.0,0,0,07/26/20,Burnley,Brighton
329,Nick Pope,1.0,eng ENG,GK,90,29,24,29,0,0,0,15,0,0,,0,0,8,90,66,6,6,100.0,0,0,07/26/20,Burnley,Brighton
330,Neal Maupay,7.0,fr FRA,FW,89,39,0,4,17,20,4,38,0,3,0.0,0,0,26,190,107,41,32,78.0,2,3,07/26/20,Brighton,Burnley
331,Alireza Jahanbakhsh,16.0,ir IRN,FW,1,2,1,2,1,0,0,2,0,0,,0,0,1,41,24,0,0,,0,0,07/26/20,Brighton,Burnley
332,Aaron Connolly,44.0,ie IRL,FW,89,26,0,1,11,14,6,25,1,1,100.0,1,0,14,64,41,27,15,55.6,3,2,07/26/20,Brighton,Burnley
333,Glenn Murray,17.0,eng ENG,FW,1,1,0,0,1,0,0,1,0,0,,0,0,0,0,0,1,1,100.0,1,0,07/26/20,Brighton,Burnley
334,Alexis Mac Allister,10.0,ar ARG,AM,73,31,0,4,13,14,2,25,0,0,,0,0,14,62,47,19,16,84.2,1,2,07/26/20,Brighton,Burnley
335,Aaron Mooy,18.0,au AUS,AM,17,14,2,5,1,8,0,12,0,0,,0,0,6,19,5,8,7,87.5,0,0,07/26/20,Brighton,Burnley
336,Dale Stephens,6.0,eng ENG,DM,90,43,1,11,28,6,0,42,0,0,,0,0,27,148,89,29,29,100.0,0,0,07/26/20,Brighton,Burnley
337,Yves Bissouma,8.0,ml MLI,DM,72,33,1,10,19,6,0,33,0,0,,0,0,17,97,71,18,18,100.0,2,3,07/26/20,Brighton,Burnley
338,Davy Propper,24.0,nl NED,DM,18,14,2,2,6,8,0,14,0,0,,0,0,8,50,38,11,10,90.9,1,2,07/26/20,Brighton,Burnley
339,Solly March,20.0,eng ENG,WB,72,30,0,4,16,13,1,23,0,0,,0,0,18,148,104,19,17,89.5,0,0,07/26/20,Brighton,Burnley
340,Bernardo,30.0,br BRA,WB,18,18,1,2,9,7,0,18,0,0,,0,0,11,61,31,12,12,100.0,1,1,07/26/20,Brighton,Burnley
341,Tariq Lamptey,2.0,eng ENG,WB,90,50,3,16,16,24,5,45,3,4,75.0,3,0,39,396,261,30,30,100.0,6,4,07/26/20,Brighton,Burnley
342,Dan Burn,33.0,eng ENG,CB,90,58,7,30,23,5,0,50,0,0,,0,0,23,135,29,29,26,89.7,0,1,07/26/20,Brighton,Burnley
343,Lewis Dunk,5.0,eng ENG,CB,90,49,14,36,15,0,0,44,0,0,,0,0,18,81,36,26,26,100.0,0,0,07/26/20,Brighton,Burnley
344,Adam Webster,15.0,eng ENG,CB,90,49,10,33,17,4,0,48,0,0,,0,0,17,129,49,20,20,100.0,0,0,07/26/20,Brighton,Burnley
345,Mathew Ryan,1.0,au AUS,GK,90,40,40,40,0,0,0,25,0,0,,0,0,21,128,76,12,12,100.0,0,0,07/26/20,Brighton,Burnley
346,Michail Antonio,30.0,eng ENG,FW,45,20,0,1,12,8,1,20,0,0,,0,0,15,84,36,25,15,60.0,1,0,07/26/20,West Ham,Aston Villa
347,Sebastien Haller,22.0,fr FRA,FW,45,19,0,4,8,8,3,18,0,0,,0,0,9,96,37,21,15,71.4,1,0,07/26/20,West Ham,Aston Villa
348,Pablo Fornals,18.0,es ESP,LW,66,32,2,6,13,17,3,31,2,3,66.7,2,0,22,110,59,25,22,88.0,2,1,07/26/20,West Ham,Aston Villa
349,Manuel Lanzini,10.0,ar ARG,LW,24,15,0,1,10,5,2,15,1,1,100.0,1,0,12,60,25,14,13,92.9,0,0,07/26/20,West Ham,Aston Villa
350,Jarrod Bowen,17.0,eng ENG,RW,45,21,0,4,10,9,1,21,0,0,,0,0,14,80,24,18,16,88.9,2,2,07/26/20,West Ham,Aston Villa
351,Andriy Yarmolenko,7.0,ua UKR,RW,45,24,1,7,5,13,3,23,0,0,,0,0,18,115,74,19,17,89.5,3,2,07/26/20,West Ham,Aston Villa
352,Mark Noble,16.0,eng ENG,AM,86,64,1,6,35,23,1,61,0,0,,0,0,39,233,70,58,55,94.8,0,1,07/26/20,West Ham,Aston Villa
353,Felipe Anderson,8.0,br BRA,AM,4,0,0,0,0,0,0,0,0,0,,0,0,0,0,0,1,0,0.0,0,0,07/26/20,West Ham,Aston Villa
354,Declan Rice,41.0,eng ENG,DM,90,74,1,15,47,16,0,74,1,2,50.0,1,0,50,237,74,67,63,94.0,1,1,07/26/20,West Ham,Aston Villa
355,Tomas Soucek,28.0,cz CZE,DM,90,40,4,13,23,6,0,40,1,2,50.0,2,0,20,71,21,28,27,96.4,0,0,07/26/20,West Ham,Aston Villa
356,Ben Johnson,53.0,eng ENG,LB,90,79,4,25,37,18,0,69,1,1,100.0,1,0,43,173,77,55,52,94.5,0,1,07/26/20,West Ham,Aston Villa
357,Angelo Ogbonna,21.0,it ITA,CB,90,50,12,26,26,2,0,47,1,1,100.0,1,0,31,212,90,31,31,100.0,0,0,07/26/20,West Ham,Aston Villa
358,Issa Diop,23.0,fr FRA,CB,90,50,9,36,15,1,0,48,0,0,,0,0,28,186,72,32,32,100.0,0,0,07/26/20,West Ham,Aston Villa
359,Ryan Fredericks,24.0,eng ENG,RB,90,86,5,28,34,28,0,67,1,3,33.3,1,0,40,266,196,46,42,91.3,1,2,07/26/20,West Ham,Aston Villa
360,Åukasz FabiaÅski,1.0,pl POL,GK,90,30,27,30,0,0,0,22,0,0,,0,0,12,95,65,10,10,100.0,0,0,07/26/20,West Ham,Aston Villa
361,Mbwana Samatta,20.0,tz TAN,FW,67,25,0,1,12,13,4,25,1,1,100.0,1,0,16,119,27,36,19,52.8,2,2,07/26/20,Aston Villa,West Ham
362,Keinan Davis,39.0,eng ENG,FW,23,10,0,0,8,2,1,9,0,1,0.0,0,0,5,17,6,10,8,80.0,1,0,07/26/20,Aston Villa,West Ham
363,Jack Grealish,10.0,eng ENG,CM,90,39,1,4,19,24,3,33,1,4,25.0,2,0,26,316,183,38,25,65.8,0,2,07/26/20,Aston Villa,West Ham
364,Conor Hourihane,14.0,ie IRL,CM,75,37,2,3,25,9,1,31,0,0,,0,0,18,47,16,21,20,95.2,0,2,07/26/20,Aston Villa,West Ham
365,Marvelous Nakamba,11.0,zw ZIM,CM,15,5,0,3,0,2,0,5,0,0,,0,0,3,11,2,2,2,100.0,0,0,07/26/20,Aston Villa,West Ham
366,John McGinn,7.0,sco SCO,CM,90,37,0,2,13,23,3,36,1,1,100.0,1,0,26,166,73,27,26,96.3,0,6,07/26/20,Aston Villa,West Ham
367,Trezeguet,17.0,eg EGY,CM,89,20,2,6,6,10,3,20,0,1,0.0,1,0,8,79,32,23,12,52.2,0,1,07/26/20,Aston Villa,West Ham
368,Anwar El Ghazi,21.0,nl NED,CM,1,0,0,0,0,0,0,0,0,0,,0,0,0,0,0,1,0,0.0,0,0,07/26/20,Aston Villa,West Ham
369,Douglas Luiz,6.0,br BRA,DM,90,36,1,9,29,3,0,33,0,0,,0,0,14,150,98,19,18,94.7,0,0,07/26/20,Aston Villa,West Ham
370,Matt Targett,18.0,eng ENG,LB,90,57,4,13,35,10,0,40,0,0,,0,0,17,54,32,24,22,91.7,0,1,07/26/20,Aston Villa,West Ham
371,Tyrone Mings,40.0,eng ENG,CB,90,36,7,18,19,0,0,35,0,0,,0,0,18,132,37,16,16,100.0,0,0,07/26/20,Aston Villa,West Ham
372,Ezri Konsa Ngoyo,15.0,eng ENG,CB,90,42,6,19,23,2,0,40,0,0,,0,0,23,150,34,24,24,100.0,0,0,07/26/20,Aston Villa,West Ham
373,Frederic Guilbert,24.0,fr FRA,RB,75,34,1,9,16,10,0,24,1,2,50.0,1,0,14,90,48,15,14,93.3,0,2,07/26/20,Aston Villa,West Ham
374,Kortney Hause,30.0,eng ENG,RB,15,2,1,1,0,1,0,2,0,0,,0,0,0,0,0,0,0,,0,0,07/26/20,Aston Villa,West Ham
375,Pepe Reina,29.0,es ESP,GK,90,28,24,28,0,0,0,16,0,0,,0,0,12,95,65,14,14,100.0,0,0,07/26/20,Aston Villa,West Ham
376,Olivier Giroud,18.0,fr FRA,FW,77,41,1,2,21,19,6,40,1,1,100.0,1,0,25,86,56,54,31,57.4,2,1,07/26/20,Chelsea,Wolves
377,Tammy Abraham,9.0,eng ENG,FW,13,9,0,0,6,4,1,9,1,1,100.0,1,0,8,98,74,17,9,52.9,1,2,07/26/20,Chelsea,Wolves
378,Christian Pulisic,22.0,us USA,LW,77,50,0,6,28,23,3,50,0,4,0.0,0,0,39,244,173,56,41,73.2,4,2,07/26/20,Chelsea,Wolves
379,Callum Hudson-Odoi,20.0,eng ENG,LW,13,13,0,1,11,1,0,13,0,0,,0,0,11,59,30,13,10,76.9,0,2,07/26/20,Chelsea,Wolves
380,Mason Mount,19.0,eng ENG,RW,84,53,1,3,29,25,3,49,0,2,0.0,0,0,38,213,140,59,38,64.4,3,4,07/26/20,Chelsea,Wolves
381,Pedro,11.0,es ESP,RW,6,2,0,1,2,0,0,2,0,0,,0,0,2,18,1,1,1,100.0,0,0,07/26/20,Chelsea,Wolves
382,Mateo Kovacic,17.0,hr CRO,DM,84,71,0,16,49,9,0,67,2,2,100.0,2,0,54,295,117,46,46,100.0,1,3,07/26/20,Chelsea,Wolves
383,Ruben Loftus-Cheek,12.0,eng ENG,DM,6,7,0,2,5,0,0,7,0,0,,0,0,6,22,7,7,6,85.7,0,1,07/26/20,Chelsea,Wolves
384,Jorginho,5.0,it ITA,DM,87,92,0,24,64,8,0,90,0,0,,0,0,67,135,42,70,68,97.1,0,1,07/26/20,Chelsea,Wolves
385,Ross Barkley,8.0,eng ENG,DM,3,3,0,1,2,0,0,3,0,0,,0,0,3,6,0,2,2,100.0,0,0,07/26/20,Chelsea,Wolves
386,Marcos Alonso,3.0,es ESP,WB,90,84,3,19,39,31,5,69,1,2,50.0,1,0,43,204,130,50,45,90.0,1,1,07/26/20,Chelsea,Wolves
387,Reece James,24.0,eng ENG,WB,90,63,1,5,35,26,3,60,0,0,,0,0,47,208,86,53,46,86.8,1,1,07/26/20,Chelsea,Wolves
388,Antonio Rudiger,2.0,de GER,CB,90,89,8,54,40,2,0,86,0,0,,0,0,60,291,174,63,62,98.4,0,1,07/26/20,Chelsea,Wolves
389,Kurt Zouma,15.0,fr FRA,CB,90,80,14,50,33,0,0,79,0,0,,0,0,51,166,63,51,51,100.0,0,0,07/26/20,Chelsea,Wolves
390,Cesar Azpilicueta,28.0,es ESP,CB,90,106,4,30,65,14,1,95,0,0,,0,0,65,164,88,62,60,96.8,1,0,07/26/20,Chelsea,Wolves
391,Willy Caballero,13.0,ar ARG,GK,90,41,40,41,0,0,0,34,0,0,,0,0,29,119,47,28,28,100.0,0,0,07/26/20,Chelsea,Wolves
392,Raul Jimenez,9.0,mx MEX,FW,90,44,1,5,23,19,2,42,0,0,,0,0,31,165,76,44,31,70.5,3,7,07/26/20,Wolves,Chelsea
393,Diogo Jota,18.0,pt POR,LW,83,43,1,7,23,16,2,40,2,2,100.0,2,0,29,137,84,47,31,66.0,2,2,07/26/20,Wolves,Chelsea
394,Bruno JordÃ£o,6.0,pt POR,LW,7,6,0,0,4,2,0,6,0,0,,0,0,5,39,27,3,3,100.0,0,0,07/26/20,Wolves,Chelsea
395,Pedro Neto,7.0,pt POR,RW,45,23,1,4,11,10,0,20,0,1,0.0,0,0,14,100,34,23,11,47.8,0,3,07/26/20,Wolves,Chelsea
396,Adama Traore,37.0,es ESP,RW,45,30,0,6,20,9,0,26,3,3,100.0,3,0,22,267,179,24,19,79.2,3,5,07/26/20,Wolves,Chelsea
397,Ruben Neves,8.0,pt POR,DM,58,41,2,14,25,5,1,40,0,0,,0,0,22,63,27,24,23,95.8,0,1,07/26/20,Wolves,Chelsea
398,Joao Moutinho,28.0,pt POR,DM,32,21,0,3,19,0,0,18,1,1,100.0,1,0,10,33,18,11,8,72.7,0,0,07/26/20,Wolves,Chelsea
399,Leander Dendoncker,32.0,be BEL,DM,90,49,0,10,31,9,1,48,0,0,,0,0,19,47,14,25,24,96.0,1,1,07/26/20,Wolves,Chelsea
400,Jonny,19.0,es ESP,WB,57,35,1,9,20,8,0,22,1,1,100.0,1,0,14,102,50,15,13,86.7,2,4,07/26/20,Wolves,Chelsea
401,Ruben Vinagre,29.0,pt POR,WB,33,17,0,4,9,5,0,13,0,1,0.0,0,0,9,63,36,9,7,77.8,1,5,07/26/20,Wolves,Chelsea
402,Matt Doherty,2.0,ie IRL,WB,58,40,0,8,21,12,1,33,2,2,100.0,2,0,23,91,60,33,27,81.8,2,0,07/26/20,Wolves,Chelsea
403,Daniel Podence,10.0,pt POR,WB,32,14,1,1,8,6,0,14,0,0,,0,0,13,70,26,15,11,73.3,0,3,07/26/20,Wolves,Chelsea
404,Romain Saiss,27.0,ma MAR,CB,90,41,6,20,21,0,0,41,0,0,,0,0,18,41,28,19,18,94.7,0,0,07/26/20,Wolves,Chelsea
405,Conor Coady,16.0,eng ENG,CB,90,46,8,37,11,0,0,44,0,0,,0,0,22,116,45,21,21,100.0,0,0,07/26/20,Wolves,Chelsea
406,Willy Boly,15.0,fr FRA,CB,90,56,6,27,28,2,1,55,0,0,,0,0,19,60,23,18,17,94.4,0,0,07/26/20,Wolves,Chelsea
407,Rui PatrÃ­cio,11.0,pt POR,GK,90,21,19,21,0,0,0,10,0,0,,0,0,8,53,25,4,4,100.0,0,0,07/26/20,Wolves,Chelsea
408,Wilfried Zaha,11.0,ci CIV,FW,90,49,0,2,19,32,7,48,1,3,33.3,2,0,46,307,155,58,43,74.1,5,10,07/26/20,Crystal Palace,Tottenham
409,Jordan Ayew,9.0,gh GHA,FW,90,36,1,3,10,26,5,35,2,3,66.7,2,0,33,212,122,53,26,49.1,3,4,07/26/20,Crystal Palace,Tottenham
410,Jeffrey Schlupp,15.0,gh GHA,CM,84,46,1,6,28,21,3,44,1,2,50.0,1,0,31,187,106,36,30,83.3,3,3,07/26/20,Crystal Palace,Tottenham
411,Luka Milivojevic,4.0,rs SRB,CM,6,3,0,1,1,1,0,2,0,0,,0,0,2,4,4,2,2,100.0,0,0,07/26/20,Crystal Palace,Tottenham
412,James McArthur,18.0,sco SCO,CM,69,60,0,13,43,8,2,60,0,0,,0,0,43,211,102,47,44,93.6,0,0,07/26/20,Crystal Palace,Tottenham
413,Jairo Riedewald,44.0,nl NED,CM,21,14,0,4,10,2,1,14,0,0,,0,0,9,22,4,12,12,100.0,1,0,07/26/20,Crystal Palace,Tottenham
414,James McCarthy,22.0,ie IRL,CM,90,71,0,12,44,17,1,64,0,0,,0,0,44,181,85,40,39,97.5,0,3,07/26/20,Crystal Palace,Tottenham
415,Andros Townsend,10.0,eng ENG,CM,90,58,0,8,29,27,3,52,3,3,100.0,3,0,46,381,189,45,34,75.6,2,3,07/26/20,Crystal Palace,Tottenham
416,Tyrick Mitchell,39.0,eng ENG,LB,90,63,2,20,24,21,0,47,1,1,100.0,1,0,33,119,70,32,30,93.8,0,3,07/26/20,Crystal Palace,Tottenham
417,Scott Dann,6.0,eng ENG,CB,90,52,7,27,21,4,4,51,0,0,,0,0,24,64,46,33,32,97.0,1,0,07/26/20,Crystal Palace,Tottenham
418,Cheikhou Kouyate,8.0,sn SEN,CB,90,50,6,30,20,2,2,48,1,1,100.0,1,0,27,132,86,28,26,92.9,0,1,07/26/20,Crystal Palace,Tottenham
419,Joel Ward,2.0,eng ENG,RB,90,66,2,16,44,13,2,54,0,0,,0,0,33,163,94,41,39,95.1,0,1,07/26/20,Crystal Palace,Tottenham
420,Vicente Guaita,31.0,es ESP,GK,90,22,19,22,0,0,0,14,0,0,,0,0,9,47,31,9,9,100.0,0,0,07/26/20,Crystal Palace,Tottenham
421,Harry Kane,10.0,eng ENG,FW,90,23,2,2,12,10,1,23,0,1,0.0,1,1,18,77,43,22,17,77.3,2,1,07/26/20,Tottenham,Crystal Palace
422,Son Heung-Min,7.0,kr KOR,LW,79,50,0,8,27,19,1,49,3,6,50.0,3,0,41,215,120,43,36,83.7,1,4,07/26/20,Tottenham,Crystal Palace
423,Dele Alli,20.0,eng ENG,LW,11,11,1,3,6,2,0,11,0,0,,0,0,6,6,0,7,6,85.7,1,0,07/26/20,Tottenham,Crystal Palace
424,Lucas Moura,27.0,br BRA,RW,89,49,3,7,19,26,2,48,5,6,83.3,5,0,38,233,143,36,35,97.2,4,2,07/26/20,Tottenham,Crystal Palace
425,Davinson Sanchez,6.0,co COL,CB,1,1,0,0,1,0,0,1,0,0,,0,0,0,0,0,0,0,,0,0,07/26/20,Tottenham,Crystal Palace
426,Giovani Lo Celso,18.0,ar ARG,AM,59,52,0,5,29,20,2,50,1,3,33.3,1,0,39,176,72,35,35,100.0,1,1,07/26/20,Tottenham,Crystal Palace
427,Steven Bergwijn,23.0,nl NED,AM,31,18,1,4,9,7,0,17,1,1,100.0,1,0,14,49,6,10,8,80.0,0,1,07/26/20,Tottenham,Crystal Palace
428,Harry Winks,8.0,eng ENG,DM,90,76,4,19,54,7,0,72,0,0,,0,0,58,252,135,58,57,98.3,0,0,07/26/20,Tottenham,Crystal Palace
429,Moussa Sissoko,17.0,fr FRA,DM,79,50,3,11,32,8,0,48,1,3,33.3,2,0,36,185,105,31,31,100.0,3,1,07/26/20,Tottenham,Crystal Palace
430,Oliver Skipp,29.0,eng ENG,DM,11,10,0,5,6,0,0,10,0,0,,0,0,7,11,10,6,6,100.0,0,0,07/26/20,Tottenham,Crystal Palace
431,Ben Davies,33.0,wal WAL,LB,90,66,7,20,35,15,1,52,0,2,0.0,0,0,35,138,79,33,33,100.0,2,0,07/26/20,Tottenham,Crystal Palace
432,Eric Dier,15.0,eng ENG,CB,90,74,11,44,36,1,0,72,1,2,50.0,2,0,56,291,174,59,59,100.0,0,0,07/26/20,Tottenham,Crystal Palace
433,Toby Alderweireld,4.0,be BEL,CB,90,63,7,28,34,1,1,63,0,0,,0,0,39,110,57,43,43,100.0,0,0,07/26/20,Tottenham,Crystal Palace
434,Serge Aurier,24.0,ci CIV,RB,90,76,1,21,41,20,0,65,0,2,0.0,0,0,51,183,108,46,45,97.8,1,2,07/26/20,Tottenham,Crystal Palace
435,Hugo Lloris,1.0,fr FRA,GK,90,27,27,27,0,0,0,15,0,0,,0,0,10,39,17,7,7,100.0,0,0,07/26/20,Tottenham,Crystal Palace
436,Moise Kean,27.0,it ITA,FW,69,24,0,2,7,15,8,24,4,7,57.1,5,2,16,58,19,39,19,48.7,1,1,07/26/20,Everton,Bournemouth
437,Dominic Calvert-Lewin,9.0,eng ENG,FW,21,10,1,1,5,4,2,8,0,0,,0,0,4,14,9,9,7,77.8,2,0,07/26/20,Everton,Bournemouth
438,Richarlison,7.0,br BRA,LW,90,49,2,10,15,27,6,49,0,0,,0,0,37,160,79,48,37,77.1,1,2,07/26/20,Everton,Bournemouth
439,Theo Walcott,11.0,eng ENG,RW,57,36,0,5,12,21,8,35,1,2,50.0,1,0,27,129,81,30,23,76.7,2,1,07/26/20,Everton,Bournemouth
440,Anthony Gordon,42.0,eng ENG,RW,33,27,0,5,11,13,1,26,0,2,0.0,0,0,22,100,62,26,23,88.5,1,2,07/26/20,Everton,Bournemouth
441,Gylfi Sigurdsson,10.0,is ISL,AM,90,74,2,7,42,30,4,70,1,1,100.0,1,0,60,210,76,65,58,89.2,5,1,07/26/20,Everton,Bournemouth
442,Tom Davies,26.0,eng ENG,CM,69,70,1,28,37,9,0,70,0,1,0.0,0,0,51,316,182,54,51,94.4,0,1,07/26/20,Everton,Bournemouth
443,Bernard,20.0,br BRA,CM,21,16,0,3,8,6,1,16,0,0,,0,0,12,47,21,15,13,86.7,0,1,07/26/20,Everton,Bournemouth
444,Andre Gomes,21.0,pt POR,CM,90,117,4,34,81,15,1,117,2,2,100.0,2,0,95,470,310,100,98,98.0,0,2,07/26/20,Everton,Bournemouth
445,Lucas Digne,12.0,fr FRA,LB,69,66,5,26,23,20,1,52,1,1,100.0,1,0,33,213,128,39,35,89.7,0,0,07/26/20,Everton,Bournemouth
446,Leighton Baines,3.0,eng ENG,LB,21,21,0,2,12,7,0,17,0,0,,0,0,16,43,18,14,14,100.0,0,0,07/26/20,Everton,Bournemouth
447,Jarrad Branthwaite,32.0,eng ENG,CB,90,103,14,48,63,2,0,102,0,0,,0,0,77,337,179,81,80,98.8,1,0,07/26/20,Everton,Bournemouth
448,Michael Keane,5.0,eng ENG,CB,90,113,27,58,56,2,1,112,0,0,,0,0,85,365,214,90,90,100.0,0,1,07/26/20,Everton,Bournemouth
449,Seamus Coleman,23.0,ie IRL,RB,57,45,4,18,21,10,2,43,1,1,100.0,1,0,34,193,133,31,28,90.3,1,0,07/26/20,Everton,Bournemouth
450,Djibril Sidibe,19.0,fr FRA,RB,33,52,1,13,26,17,0,46,0,0,,0,0,37,160,95,42,41,97.6,0,0,07/26/20,Everton,Bournemouth
451,Jordan Pickford,1.0,eng ENG,GK,90,38,36,38,0,0,0,33,0,0,,0,0,23,154,105,18,18,100.0,0,0,07/26/20,Everton,Bournemouth
452,Dominic Solanke,9.0,eng ENG,FW,63,29,1,4,8,19,3,29,0,1,0.0,0,0,18,101,67,37,22,59.5,4,4,07/26/20,Bournemouth,Everton
453,Philip Billing,29.0,dk DEN,"CM,FW",27,19,0,5,6,8,3,19,0,0,,0,0,7,56,32,11,10,90.9,0,0,07/26/20,Bournemouth,Everton
454,Callum Wilson,13.0,eng ENG,FW,90,37,0,4,16,18,6,37,0,0,,0,0,27,152,84,57,31,54.4,2,4,07/26/20,Bournemouth,Everton
455,Joshua King,7.0,no NOR,CM,87,43,0,6,14,28,6,42,4,6,66.7,4,2,37,242,196,35,30,85.7,1,5,07/26/20,Bournemouth,Everton
456,Harry Wilson,22.0,wal WAL,CM,3,4,0,0,3,1,0,4,0,0,,0,0,2,43,11,4,4,100.0,0,0,07/26/20,Bournemouth,Everton
457,Jefferson Lerma,8.0,co COL,"CM,DM",90,38,5,15,17,7,4,38,1,1,100.0,1,0,17,52,16,17,16,94.1,1,1,07/26/20,Bournemouth,Everton
458,Dan Gosling,4.0,eng ENG,CM,90,47,1,13,16,19,0,46,2,2,100.0,2,0,22,88,57,21,20,95.2,2,0,07/26/20,Bournemouth,Everton
459,David Brooks,20.0,wal WAL,CM,63,31,1,6,9,19,1,29,1,2,50.0,1,0,18,118,83,24,21,87.5,2,2,07/26/20,Bournemouth,Everton
460,Junior Stanislas,19.0,eng ENG,CM,27,22,0,5,8,11,3,22,1,2,50.0,1,1,17,98,41,14,14,100.0,0,1,07/26/20,Bournemouth,Everton
461,Diego Rico,21.0,es ESP,LB,90,71,10,29,18,25,0,53,0,0,,0,0,20,123,74,21,17,81.0,0,1,07/26/20,Bournemouth,Everton
462,Lloyd Kelly,26.0,eng ENG,CB,90,29,9,18,6,8,0,25,0,0,,0,0,9,130,73,11,9,81.8,0,0,07/26/20,Bournemouth,Everton
463,Steve Cook,3.0,eng ENG,CB,90,24,9,14,11,0,0,23,0,0,,0,0,4,16,11,7,7,100.0,0,0,07/26/20,Bournemouth,Everton
464,Adam Smith,15.0,eng ENG,RB,90,40,0,11,18,14,0,30,1,1,100.0,1,0,15,158,86,17,16,94.1,0,0,07/26/20,Bournemouth,Everton
465,Aaron Ramsdale,12.0,eng ENG,GK,90,22,19,20,2,0,0,16,0,0,,0,0,9,59,41,6,6,100.0,0,0,07/26/20,Bournemouth,Everton
466,Alexandre Lacazette,9.0,fr FRA,FW,56,17,4,5,8,4,2,15,1,3,33.3,1,0,9,40,10,19,7,36.8,2,0,07/26/20,Arsenal,Watford
467,Eddie Nketiah,30.0,eng ENG,FW,34,21,0,2,14,6,1,20,3,4,75.0,3,0,15,68,27,23,13,56.5,3,0,07/26/20,Arsenal,Watford
468,Pierre-Emerick Aubameyang,14.0,ga GAB,LW,90,42,2,10,17,19,5,42,1,2,50.0,1,0,26,182,143,46,28,60.9,1,1,07/26/20,Arsenal,Watford
469,Nicolas Pepe,19.0,ci CIV,RW,71,35,1,9,17,14,2,33,3,5,60.0,3,0,31,264,164,35,27,77.1,0,0,07/26/20,Arsenal,Watford
470,Reiss Nelson,24.0,eng ENG,RW,19,12,0,3,2,8,3,11,3,4,75.0,3,0,14,118,53,15,11,73.3,0,0,07/26/20,Arsenal,Watford
471,Joseph Willock,28.0,eng ENG,AM,56,19,1,3,13,6,2,19,2,3,66.7,2,0,20,183,120,21,16,76.2,1,0,07/26/20,Arsenal,Watford
472,Sead Kolasinac,31.0,ba BIH,"CB,AM",34,18,1,12,6,1,1,18,0,0,,0,0,9,35,23,10,10,100.0,0,0,07/26/20,Arsenal,Watford
473,Granit Xhaka,34.0,ch SUI,"CM,DM",90,74,4,31,45,5,0,73,3,3,100.0,3,0,55,323,189,54,52,96.3,0,0,07/26/20,Arsenal,Watford
474,Dani Ceballos,8.0,es ESP,"CM,DM",71,60,13,29,29,6,0,57,3,3,100.0,3,0,47,285,123,42,41,97.6,1,0,07/26/20,Arsenal,Watford
475,Lucas Torreira,11.0,uy URU,DM,19,9,0,3,5,1,0,8,0,1,0.0,0,0,6,15,11,7,7,100.0,0,0,07/26/20,Arsenal,Watford
476,Kieran Tierney,3.0,sco SCO,"LB,WB",90,46,3,19,16,14,3,42,1,2,50.0,1,0,26,168,113,35,27,77.1,1,0,07/26/20,Arsenal,Watford
477,David Luiz,23.0,br BRA,CB,90,41,9,28,15,1,1,36,0,0,,0,0,22,151,104,25,25,100.0,0,0,07/26/20,Arsenal,Watford
478,Rob Holding,16.0,eng ENG,CB,90,70,26,54,17,3,3,69,0,0,,0,0,37,201,143,43,42,97.7,0,0,07/26/20,Arsenal,Watford
479,Ainsley Maitland-Niles,15.0,eng ENG,"RB,WB",90,76,8,36,33,13,2,70,2,3,66.7,3,0,51,280,155,57,55,96.5,0,0,07/26/20,Arsenal,Watford
480,Emiliano MartÃ­nez,26.0,ar ARG,GK,90,37,36,37,0,0,0,29,0,0,,0,0,23,90,52,17,17,100.0,0,0,07/26/20,Arsenal,Watford
481,Troy Deeney,9.0,eng ENG,FW,90,52,1,3,22,31,9,50,2,2,100.0,2,0,30,189,106,55,41,74.5,3,1,07/26/20,Watford,Arsenal
482,Danny Welbeck,10.0,eng ENG,FW,90,32,1,2,2,28,12,29,0,0,,0,0,13,138,56,33,19,57.6,1,2,07/26/20,Watford,Arsenal
483,Roberto Pereyra,37.0,ar ARG,AM,87,54,0,7,29,22,2,49,2,2,100.0,2,0,39,277,174,42,37,88.1,2,1,07/26/20,Watford,Arsenal
484,Joao Pedro,17.0,br BRA,AM,3,4,0,0,3,3,1,4,2,2,100.0,2,0,6,117,94,5,3,60.0,0,1,07/26/20,Watford,Arsenal
485,Ismaila Sarr,23.0,sn SEN,AM,90,58,0,4,20,43,5,57,2,4,50.0,2,0,48,524,387,56,48,85.7,3,1,07/26/20,Watford,Arsenal
486,Abdoulaye Doucoure,16.0,fr FRA,CM,80,65,1,9,40,21,4,64,2,3,66.7,2,0,43,309,194,52,48,92.3,0,1,07/26/20,Watford,Arsenal
487,Tom Cleverley,8.0,eng ENG,CM,10,10,0,2,6,2,0,10,0,0,,0,0,6,15,9,7,7,100.0,0,0,07/26/20,Watford,Arsenal
488,Will Hughes,19.0,eng ENG,CM,80,47,2,6,26,20,0,40,2,2,100.0,2,0,30,185,115,34,33,97.1,0,2,07/26/20,Watford,Arsenal
489,Nathaniel Chalobah,14.0,eng ENG,CM,10,16,0,2,11,4,0,15,0,1,0.0,0,0,12,91,57,13,12,92.3,1,0,07/26/20,Watford,Arsenal
490,Adam Masina,11.0,it ITA,LB,90,46,4,13,22,14,4,37,0,0,,0,0,24,142,75,22,22,100.0,0,0,07/26/20,Watford,Arsenal
491,Craig Dawson,4.0,eng ENG,CB,90,57,5,17,32,9,8,57,0,0,,0,0,35,186,60,46,42,91.3,1,1,07/26/20,Watford,Arsenal
492,Christian Kabasele,27.0,be BEL,CB,90,39,9,26,15,1,0,38,0,0,,0,0,19,116,46,21,20,95.2,0,0,07/26/20,Watford,Arsenal
493,Kiko Femenia,21.0,es ESP,RB,44,25,0,5,10,11,1,21,1,1,100.0,1,0,15,77,49,17,16,94.1,0,1,07/26/20,Watford,Arsenal
494,Adrian Mariappa,6.0,jm JAM,RB,46,38,3,10,21,7,0,29,0,0,,0,0,11,50,16,15,13,86.7,0,0,07/26/20,Watford,Arsenal
495,Ben Foster,26.0,eng ENG,GK,90,24,19,23,1,0,0,17,0,0,,0,0,12,97,76,8,8,100.0,0,0,07/26/20,Watford,Arsenal
496,Gabriel Jesus,9.0,br BRA,FW,90,50,0,3,13,36,13,50,3,3,100.0,3,0,40,186,73,55,39,70.9,1,0,07/26/20,Manchester City,Norwich City
497,Phil Foden,47.0,eng ENG,"LW,RW",45,51,0,0,10,43,7,50,1,1,100.0,1,0,42,260,127,43,40,93.0,0,1,07/26/20,Manchester City,Norwich City
498,Riyad Mahrez,26.0,dz ALG,RW,45,37,0,2,13,27,7,37,2,3,66.7,2,0,32,269,185,35,32,91.4,0,1,07/26/20,Manchester City,Norwich City
499,Raheem Sterling,7.0,eng ENG,"LW,RW",90,50,0,0,10,41,19,49,1,2,50.0,1,0,38,219,138,57,43,75.4,1,0,07/26/20,Manchester City,Norwich City
500,David Silva,21.0,es ESP,CM,84,70,0,4,28,41,16,69,1,1,100.0,1,0,59,258,121,71,58,81.7,3,0,07/26/20,Manchester City,Norwich City
501,Bernardo Silva,20.0,pt POR,CM,6,2,0,0,1,1,0,2,0,0,,0,0,2,0,0,2,2,100.0,0,0,07/26/20,Manchester City,Norwich City
502,Kevin De Bruyne,17.0,be BEL,CM,90,80,1,2,21,62,12,71,3,4,75.0,3,1,59,262,196,73,64,87.7,1,2,07/26/20,Manchester City,Norwich City
503,Rodrigo,16.0,es ESP,DM,45,49,0,1,33,17,1,48,0,0,,0,0,42,132,55,41,41,100.0,0,1,07/26/20,Manchester City,Norwich City
504,Ilkay Gundogan,8.0,de GER,DM,45,32,1,3,26,7,0,32,1,1,100.0,1,0,22,80,51,27,24,88.9,0,0,07/26/20,Manchester City,Norwich City
505,Joao Cancelo,27.0,pt POR,LB,90,97,1,11,46,48,7,87,9,10,90.0,9,0,88,504,197,72,71,98.6,1,1,07/26/20,Manchester City,Norwich City
506,Aymeric Laporte,14.0,fr FRA,CB,90,100,7,27,84,3,0,99,0,0,,0,0,84,609,437,88,88,100.0,1,0,07/26/20,Manchester City,Norwich City
507,Eric Garcia,50.0,es ESP,CB,45,48,2,12,39,1,0,48,0,0,,0,0,42,187,128,44,43,97.7,1,0,07/26/20,Manchester City,Norwich City
508,Fernandinho,25.0,br BRA,CB,45,59,4,17,44,4,2,59,0,0,,0,0,47,393,294,50,50,100.0,0,0,07/26/20,Manchester City,Norwich City
509,Kyle Walker,2.0,eng ENG,RB,90,91,1,5,51,39,3,84,3,3,100.0,3,0,73,491,285,75,71,94.7,1,0,07/26/20,Manchester City,Norwich City
510,Ederson,31.0,br BRA,GK,90,32,22,31,1,0,0,28,0,0,,0,0,20,91,67,16,16,100.0,0,0,07/26/20,Manchester City,Norwich City
511,Teemu Pukki,22.0,fi FIN,FW,76,13,0,3,7,3,0,10,0,0,,0,0,8,42,28,21,9,42.9,1,1,07/26/20,Norwich City,Manchester City
512,Adam Idah,35.0,ie IRL,FW,14,8,0,0,5,3,0,5,0,0,,0,0,3,38,14,6,4,66.7,1,0,07/26/20,Norwich City,Manchester City
513,Onel Hernandez,11.0,cu CUB,LW,86,22,2,8,11,6,2,22,5,6,83.3,5,0,20,154,121,23,15,65.2,2,0,07/26/20,Norwich City,Manchester City
514,Josh Martin,56.0,eng ENG,LW,4,1,0,0,0,1,1,1,0,0,,0,0,0,0,0,1,1,100.0,0,0,07/26/20,Norwich City,Manchester City
515,Todd Cantwell,14.0,eng ENG,RW,89,32,2,9,16,9,1,32,0,0,,0,0,23,179,106,29,20,69.0,1,0,07/26/20,Norwich City,Manchester City
516,Jordan Thomas,41.0,eng ENG,RW,1,0,0,0,0,0,0,0,0,0,,0,0,0,0,0,1,0,0.0,0,0,07/26/20,Norwich City,Manchester City
517,Marco Stiepermann,18.0,de GER,AM,76,30,4,12,15,4,0,30,0,0,,0,0,18,97,46,27,21,77.8,2,1,07/26/20,Norwich City,Manchester City
518,Mario Vrancic,8.0,ba BIH,AM,14,6,0,1,2,3,1,5,0,0,,0,0,5,37,21,6,5,83.3,0,0,07/26/20,Norwich City,Manchester City
519,Kenny McLean,23.0,sco SCO,CM,89,30,1,15,15,2,0,28,0,0,,0,0,15,60,43,20,13,65.0,0,4,07/26/20,Norwich City,Manchester City
520,Akin Famewo,43.0,eng ENG,CM,1,0,0,0,0,0,0,0,0,0,,0,0,0,0,0,0,0,,0,0,07/26/20,Norwich City,Manchester City
521,Lukas Rupp,7.0,de GER,CM,90,39,3,14,20,6,2,38,1,2,50.0,1,0,25,92,30,25,20,80.0,2,1,07/26/20,Norwich City,Manchester City
522,Jamal Lewis,12.0,nir NIR,LB,90,33,7,24,11,1,0,26,0,0,,0,0,18,74,20,18,16,88.9,1,1,07/26/20,Norwich City,Manchester City
523,Ben Godfrey,4.0,eng ENG,CB,90,41,21,36,7,0,0,40,0,0,,0,0,19,98,35,23,23,100.0,0,0,07/26/20,Norwich City,Manchester City
524,Christoph Zimmermann,6.0,de GER,CB,90,27,16,25,2,0,0,26,0,0,,0,0,11,66,30,12,12,100.0,0,1,07/26/20,Norwich City,Manchester City
525,Max Aarons,2.0,eng ENG,RB,90,32,7,19,11,3,0,27,2,2,100.0,2,0,16,85,39,17,12,70.6,1,0,07/26/20,Norwich City,Manchester City
526,Tim Krul,1.0,nl NED,GK,90,57,54,57,0,0,0,33,0,0,,0,0,12,43,29,19,19,100.0,0,0,07/26/20,Norwich City,Manchester City
527,Dwight Gayle,12.0,eng ENG,FW,69,18,2,6,10,4,2,17,0,0,,0,0,6,19,8,16,7,43.8,3,0,07/26/20,Newcastle Utd,Liverpool
528,Andy Carroll,7.0,eng ENG,FW,21,5,1,1,4,0,0,5,0,1,0.0,1,0,2,4,2,9,3,33.3,1,1,07/26/20,Newcastle Utd,Liverpool
529,Allan Saint-Maximin,10.0,fr FRA,FW,45,9,0,0,4,5,0,8,0,0,,0,0,8,33,7,14,7,50.0,1,1,07/26/20,Newcastle Utd,Liverpool
530,Joelinton,9.0,br BRA,FW,45,21,0,3,10,10,1,21,1,1,100.0,1,0,15,87,61,23,13,56.5,3,5,07/26/20,Newcastle Utd,Liverpool
531,Miguel Almiron,24.0,py PAR,CM,69,28,2,12,11,8,0,28,1,1,100.0,1,1,17,209,118,20,14,70.0,3,0,07/26/20,Newcastle Utd,Liverpool
532,Isaac Hayden,14.0,eng ENG,CM,21,3,0,1,2,0,0,3,0,0,,0,0,2,5,0,2,1,50.0,0,1,07/26/20,Newcastle Utd,Liverpool
533,Jonjo Shelvey,8.0,eng ENG,CM,90,37,1,13,20,4,0,33,1,1,100.0,1,0,16,118,34,27,22,81.5,1,0,07/26/20,Newcastle Utd,Liverpool
534,Nabil Bentaleb,42.0,dz ALG,DM,48,22,0,10,11,3,0,22,0,0,,0,0,5,36,3,10,10,100.0,0,0,07/26/20,Newcastle Utd,Liverpool
535,Sean Longstaff,36.0,eng ENG,DM,42,23,2,12,11,1,0,23,0,0,,0,0,12,44,21,14,12,85.7,0,1,07/26/20,Newcastle Utd,Liverpool
536,Matt Ritchie,11.0,sco SCO,WB,90,65,5,28,31,10,0,50,1,2,50.0,1,0,24,176,101,25,23,92.0,0,1,07/26/20,Newcastle Utd,Liverpool
537,Valentino Lazaro,23.0,at AUT,WB,90,35,2,25,11,0,0,31,2,2,100.0,2,0,19,110,37,18,17,94.4,2,0,07/26/20,Newcastle Utd,Liverpool
538,Danny Rose,28.0,eng ENG,CB,73,26,2,12,12,2,0,24,0,0,,0,0,10,49,22,14,13,92.9,0,0,07/26/20,Newcastle Utd,Liverpool
539,Kelland Watts,49.0,eng ENG,CB,17,5,2,5,0,0,0,5,0,0,,0,0,3,17,5,3,3,100.0,0,0,07/26/20,Newcastle Utd,Liverpool
540,Federico Fernandez,18.0,ar ARG,CB,90,36,9,33,5,1,0,35,0,0,,0,0,19,102,40,20,20,100.0,0,0,07/26/20,Newcastle Utd,Liverpool
541,Javier Manquillo,19.0,es ESP,CB,90,37,10,31,6,0,0,37,0,0,,0,0,14,43,9,15,15,100.0,0,0,07/26/20,Newcastle Utd,Liverpool
542,Martin DÃºbravka,1.0,sk SVK,GK,90,34,30,34,0,0,0,24,0,0,,0,0,17,82,66,12,12,100.0,0,0,07/26/20,Newcastle Utd,Liverpool
543,Divock Origi,27.0,be BEL,FW,63,30,0,0,12,23,2,29,1,3,33.3,2,1,27,152,85,35,26,74.3,1,0,07/26/20,Liverpool,Newcastle Utd
544,Mohamed Salah,11.0,eg EGY,RW,27,25,0,0,8,19,7,25,1,1,100.0,1,0,19,83,70,24,21,87.5,1,0,07/26/20,Liverpool,Newcastle Utd
545,Takumi Minamino,18.0,jp JPN,LW,63,34,1,4,21,16,1,33,0,2,0.0,0,0,29,159,64,37,29,78.4,0,0,07/26/20,Liverpool,Newcastle Utd
546,Sadio Mane,10.0,sn SEN,LW,27,23,0,0,11,12,2,23,0,2,0.0,0,0,18,98,26,25,20,80.0,3,1,07/26/20,Liverpool,Newcastle Utd
547,Alex Oxlade-Chamberlain,15.0,eng ENG,RW,63,30,0,3,8,22,0,30,1,2,50.0,1,0,24,146,66,34,28,82.4,1,4,07/26/20,Liverpool,Newcastle Utd
548,Roberto Firmino,9.0,br BRA,FW,27,27,0,1,15,13,3,27,0,5,0.0,0,0,19,54,34,26,24,92.3,1,0,07/26/20,Liverpool,Newcastle Utd
549,James Milner,7.0,eng ENG,CM,90,108,1,10,76,28,0,101,3,4,75.0,3,0,81,468,238,88,87,98.9,0,1,07/26/20,Liverpool,Newcastle Utd
550,Naby Keita,8.0,gn GUI,CM,84,78,1,6,42,35,3,77,1,2,50.0,1,0,53,298,155,64,62,96.9,1,2,07/26/20,Liverpool,Newcastle Utd
551,Curtis Jones,48.0,eng ENG,CM,6,7,0,0,4,3,0,7,1,1,100.0,1,0,7,34,25,9,7,77.8,0,0,07/26/20,Liverpool,Newcastle Utd
552,Georginio Wijnaldum,5.0,nl NED,DM,90,96,1,13,70,19,2,94,3,6,50.0,3,0,74,342,142,80,78,97.5,0,0,07/26/20,Liverpool,Newcastle Utd
553,Andrew Robertson,26.0,sco SCO,LB,90,142,2,14,79,60,3,121,1,3,33.3,1,0,100,451,267,114,113,99.1,3,0,07/26/20,Liverpool,Newcastle Utd
554,Virgil van Dijk,4.0,nl NED,CB,90,111,4,21,87,8,3,110,0,0,,0,0,82,303,162,91,91,100.0,0,0,07/26/20,Liverpool,Newcastle Utd
555,Joseph Gomez,12.0,eng ENG,CB,90,120,9,39,84,5,0,118,2,3,66.7,2,0,79,410,231,80,80,100.0,1,0,07/26/20,Liverpool,Newcastle Utd
556,Neco Williams,76.0,wal WAL,RB,84,77,0,19,38,26,2,66,2,7,28.6,3,0,46,259,104,56,47,83.9,0,0,07/26/20,Liverpool,Newcastle Utd
557,Trent Alexander-Arnold,66.0,eng ENG,RB,6,7,0,3,4,2,0,7,0,0,,0,0,6,40,24,9,7,77.8,0,0,07/26/20,Liverpool,Newcastle Utd
558,Alisson,1.0,br BRA,GK,90,26,21,26,0,0,0,22,0,0,,0,0,16,49,28,15,15,100.0,0,0,07/26/20,Liverpool,Newcastle Utd
559,Jamie Vardy,9.0,eng ENG,FW,90,23,0,0,15,9,4,21,1,1,100.0,1,0,13,98,49,39,18,46.2,4,1,07/26/20,Leicester City,Manchester Utd
560,Kelechi Iheanacho,14.0,ng NGA,FW,57,40,0,1,22,22,2,40,0,0,,0,0,33,245,141,48,34,70.8,5,3,07/26/20,Leicester City,Manchester Utd
561,Ayoze Perez,17.0,es ESP,"CM,FW",33,17,0,1,7,10,0,17,0,1,0.0,0,0,13,61,24,15,13,86.7,1,3,07/26/20,Leicester City,Manchester Utd
562,Youri Tielemans,8.0,be BEL,CM,72,52,0,6,30,17,2,48,0,1,0.0,0,0,30,102,57,42,37,88.1,0,1,07/26/20,Leicester City,Manchester Utd
563,Harvey Barnes,15.0,eng ENG,"FW,WB",18,5,0,2,1,2,1,5,0,0,,0,0,4,13,3,4,3,75.0,1,0,07/26/20,Leicester City,Manchester Utd
564,Hamza Choudhury,20.0,eng ENG,CM,72,32,0,9,20,3,0,31,0,1,0.0,0,0,21,87,22,31,28,90.3,1,0,07/26/20,Leicester City,Manchester Utd
565,Dennis Praet,26.0,be BEL,CM,18,10,0,1,5,5,0,10,2,3,66.7,2,0,10,55,35,7,7,100.0,0,1,07/26/20,Leicester City,Manchester Utd
566,Wilfred Ndidi,25.0,ng NGA,DM,90,53,3,17,30,9,1,53,3,3,100.0,3,0,30,154,92,30,29,96.7,0,2,07/26/20,Leicester City,Manchester Utd
567,Luke Thomas,56.0,eng ENG,WB,87,59,3,17,29,19,1,50,0,0,,0,0,31,160,91,35,33,94.3,0,1,07/26/20,Leicester City,Manchester Utd
568,George Hirst,45.0,eng ENG,FW,3,5,0,0,3,2,1,5,0,0,,0,0,4,24,5,5,4,80.0,0,1,07/26/20,Leicester City,Manchester Utd
569,Marc Albrighton,11.0,eng ENG,WB,72,55,2,16,27,17,3,51,0,2,0.0,1,0,34,253,117,42,39,92.9,1,0,07/26/20,Leicester City,Manchester Utd
570,Demarai Gray,7.0,eng ENG,WB,18,16,0,0,6,10,2,13,1,2,50.0,1,0,13,98,54,12,10,83.3,0,0,07/26/20,Leicester City,Manchester Utd
571,Jonny Evans,6.0,nir NIR,CB,89,66,7,34,32,2,0,61,0,0,,0,0,38,190,106,43,41,95.3,0,0,07/26/20,Leicester City,Manchester Utd
572,Wes Morgan,5.0,jm JAM,CB,90,42,2,21,21,2,1,42,0,0,,0,0,27,64,20,29,28,96.6,2,0,07/26/20,Leicester City,Manchester Utd
573,James Justin,2.0,eng ENG,CB,90,82,6,30,44,11,0,74,0,0,,0,0,49,223,118,42,42,100.0,0,1,07/26/20,Leicester City,Manchester Utd
574,Kasper Schmeichel,1.0,dk DEN,GK,90,39,33,37,2,0,0,27,0,1,0.0,0,0,17,70,43,17,17,100.0,0,0,07/26/20,Leicester City,Manchester Utd
575,Anthony Martial,9.0,fr FRA,FW,89,25,0,0,4,21,5,25,0,1,0.0,0,0,20,108,58,37,24,64.9,2,4,07/26/20,Manchester Utd,Leicester City
576,Odion Ighalo,25.0,ng NGA,FW,1,1,0,0,0,1,1,1,0,0,,0,0,1,9,9,1,1,100.0,0,1,07/26/20,Manchester Utd,Leicester City
577,Marcus Rashford,10.0,eng ENG,LW,89,38,0,3,20,18,2,38,0,2,0.0,0,0,22,122,76,46,32,69.6,0,1,07/26/20,Manchester Utd,Leicester City
578,Timothy Fosu-Mensah,24.0,nl NED,LW,1,0,0,0,0,0,0,0,0,0,,0,0,0,0,0,0,0,,0,0,07/26/20,Manchester Utd,Leicester City
579,Mason Greenwood,26.0,eng ENG,RW,76,48,1,6,23,23,2,48,1,3,33.3,1,0,32,191,60,40,36,90.0,2,4,07/26/20,Manchester Utd,Leicester City
580,Jesse Lingard,14.0,eng ENG,RW,14,3,0,0,0,3,1,3,0,0,,0,0,1,11,0,2,1,50.0,0,0,07/26/20,Manchester Utd,Leicester City
581,Bruno Fernandes,18.0,pt POR,AM,85,62,0,8,35,29,3,57,0,0,,0,0,32,224,126,47,43,91.5,4,1,07/26/20,Manchester Utd,Leicester City
582,Scott McTominay,39.0,sco SCO,DM,5,1,0,0,1,0,0,1,0,0,,0,0,0,0,0,0,0,,0,0,07/26/20,Manchester Utd,Leicester City
583,Nemanja Matic,31.0,rs SRB,DM,90,79,4,31,48,9,0,77,0,0,,0,0,46,351,230,51,50,98.0,0,1,07/26/20,Manchester Utd,Leicester City
584,Paul Pogba,6.0,fr FRA,"DM,AM",90,68,4,8,45,16,1,65,1,1,100.0,1,0,52,226,108,56,52,92.9,1,5,07/26/20,Manchester Utd,Leicester City
585,Brandon Williams,53.0,eng ENG,LB,90,85,4,23,54,14,1,74,2,3,66.7,2,0,49,299,159,57,56,98.2,0,1,07/26/20,Manchester Utd,Leicester City
586,Harry Maguire,5.0,eng ENG,CB,90,60,9,31,31,2,0,58,0,1,0.0,0,0,38,268,129,41,41,100.0,0,0,07/26/20,Manchester Utd,Leicester City
587,Victor Lindelof,2.0,se SWE,CB,90,68,8,40,34,0,0,68,0,0,,0,0,42,338,252,46,46,100.0,0,0,07/26/20,Manchester Utd,Leicester City
588,Aaron Wan-Bissaka,29.0,eng ENG,RB,90,81,2,20,48,22,0,74,2,2,100.0,2,1,59,440,258,56,53,94.6,0,2,07/26/20,Manchester Utd,Leicester City
589,David de Gea,1.0,es ESP,GK,90,24,23,24,0,0,0,9,0,0,,0,0,5,22,8,3,3,100.0,0,0,07/26/20,Manchester Utd,Leicester City
