,Player,#,Nation,Pos,Min,Cmp,Att,Cmp%,TotDist,PrgDist,Cmp.1,Att.1,Cmp%.1,Cmp.2,Att.2,Cmp%.2,Cmp.3,Att.3,Cmp%.3,Ast,xA,KP,1/3,PPA,CrsPA,Prog,Date,Team,Opponent
0,Aaron Connolly,7.0,ie IRL,FW,74,8,9,88.9,118,12,1,1,100.0,6,7,85.7,1,1,100.0,0,0.0,1,0,0,0,0,09/26/20,Brighton,Manchester Utd
1,Alireza Jahanbakhsh,16.0,ir IRN,"RW,FW",16,15,16,93.8,304,110,0,1,0.0,12,12,100.0,3,3,100.0,1,0.4,2,0,4,2,4,09/26/20,Brighton,Manchester Utd
2,Neal Maupay,9.0,fr FRA,LW,90,24,33,72.7,398,69,0,4,0.0,19,23,82.6,5,6,83.3,0,0.3,3,1,3,1,5,09/26/20,Brighton,Manchester Utd
3,Leandro Trossard,11.0,be BEL,"RW,FW",90,28,39,71.8,616,136,0,1,0.0,19,25,76.0,9,13,69.2,0,0.1,2,2,4,0,7,09/26/20,Brighton,Manchester Utd
4,Steven Alzate,17.0,co COL,DM,90,46,50,92.0,766,89,1,1,100.0,39,41,95.1,6,8,75.0,0,0.1,1,1,1,0,1,09/26/20,Brighton,Manchester Utd
5,Adam Lallana,14.0,eng ENG,DM,74,31,37,83.8,613,139,1,2,50.0,22,26,84.6,8,9,88.9,0,0.0,0,3,0,0,1,09/26/20,Brighton,Manchester Utd
6,Pascal Gross,13.0,de GER,DM,16,15,20,75.0,351,122,0,0,,11,12,91.7,4,8,50.0,0,0.1,1,5,2,0,6,09/26/20,Brighton,Manchester Utd
7,Solly March,20.0,eng ENG,WB,90,45,67,67.2,849,333,1,5,20.0,33,40,82.5,11,22,50.0,0,0.0,1,4,1,0,5,09/26/20,Brighton,Manchester Utd
8,Tariq Lamptey,2.0,eng ENG,WB,90,37,44,84.1,564,175,1,2,50.0,31,34,91.2,5,8,62.5,0,0.0,0,2,1,0,3,09/26/20,Brighton,Manchester Utd
9,Adam Webster,4.0,eng ENG,CB,90,44,52,84.6,904,230,1,2,50.0,30,33,90.9,13,17,76.5,0,0.0,1,0,0,0,2,09/26/20,Brighton,Manchester Utd
10,Lewis Dunk,5.0,eng ENG,CB,90,58,63,92.1,1182,321,1,1,100.0,42,45,93.3,15,17,88.2,0,0.0,0,1,0,0,1,09/26/20,Brighton,Manchester Utd
11,Ben White,3.0,eng ENG,CB,90,63,68,92.6,1226,429,1,1,100.0,45,47,95.7,17,20,85.0,0,0.1,1,4,1,1,5,09/26/20,Brighton,Manchester Utd
12,Mathew Ryan,1.0,au AUS,GK,90,28,37,75.7,762,285,0,0,,16,16,100.0,12,21,57.1,0,0.0,0,0,0,0,0,09/26/20,Brighton,Manchester Utd
13,Anthony Martial,9.0,fr FRA,FW,89,17,22,77.3,228,9,0,0,,16,21,76.2,1,1,100.0,0,0.0,0,0,0,0,0,09/26/20,Manchester Utd,Brighton
14,Donny van de Beek,34.0,nl NED,FW,1,1,3,33.3,10,0,0,2,0.0,1,1,100.0,0,0,,0,0.0,0,0,0,0,0,09/26/20,Manchester Utd,Brighton
15,Marcus Rashford,10.0,eng ENG,"LW,FW",90,24,28,85.7,398,105,0,0,,22,26,84.6,2,2,100.0,0,0.0,1,1,2,0,5,09/26/20,Manchester Utd,Brighton
16,Mason Greenwood,11.0,eng ENG,RW,82,22,24,91.7,341,82,0,0,,17,18,94.4,5,6,83.3,0,0.1,1,3,1,0,2,09/26/20,Manchester Utd,Brighton
17,Eric Bailly,3.0,ci CIV,CB,8,2,3,66.7,17,3,0,0,,2,3,66.7,0,0,,0,0.0,0,0,0,0,0,09/26/20,Manchester Utd,Brighton
18,Bruno Fernandes,18.0,pt POR,AM,90,43,54,79.6,955,340,5,9,55.6,24,29,82.8,14,16,87.5,1,0.2,2,6,1,0,9,09/26/20,Manchester Utd,Brighton
19,Nemanja Matic,31.0,rs SRB,DM,90,57,64,89.1,991,323,1,3,33.3,46,49,93.9,10,12,83.3,0,0.0,0,7,1,1,6,09/26/20,Manchester Utd,Brighton
20,Paul Pogba,6.0,fr FRA,DM,64,25,35,71.4,394,98,0,1,0.0,22,26,84.6,3,8,37.5,0,0.0,0,2,0,0,4,09/26/20,Manchester Utd,Brighton
21,Fred,17.0,br BRA,DM,26,12,15,80.0,278,70,0,0,,7,8,87.5,5,7,71.4,0,0.0,0,1,0,0,0,09/26/20,Manchester Utd,Brighton
22,Luke Shaw,23.0,eng ENG,"LB,WB",90,39,50,78.0,486,206,2,4,50.0,34,39,87.2,3,7,42.9,0,0.0,0,1,1,0,5,09/26/20,Manchester Utd,Brighton
23,Harry Maguire,5.0,eng ENG,CB,90,40,47,85.1,900,222,1,1,100.0,29,31,93.5,10,15,66.7,0,0.0,0,2,0,0,0,09/26/20,Manchester Utd,Brighton
24,Victor Lindelof,2.0,se SWE,CB,90,41,45,91.1,654,200,2,3,66.7,34,35,97.1,5,7,71.4,0,0.0,0,2,0,0,3,09/26/20,Manchester Utd,Brighton
25,Aaron Wan-Bissaka,29.0,eng ENG,"RB,WB",90,33,36,91.7,455,192,2,3,66.7,28,29,96.6,3,4,75.0,0,0.0,0,1,0,0,0,09/26/20,Manchester Utd,Brighton
26,David de Gea,1.0,es ESP,GK,90,16,22,72.7,309,91,0,0,,13,13,100.0,3,9,33.3,0,0.0,0,0,0,0,0,09/26/20,Manchester Utd,Brighton
27,Wilfried Zaha,11.0,ci CIV,"FW,LM",90,16,23,69.6,280,27,0,2,0.0,13,17,76.5,3,4,75.0,0,0.0,0,0,1,0,1,09/26/20,Crystal Palace,Everton
28,Jordan Ayew,9.0,gh GHA,FW,81,19,21,90.5,307,59,0,0,,16,17,94.1,3,4,75.0,0,0.0,0,1,0,0,1,09/26/20,Crystal Palace,Everton
29,Christian Benteke,20.0,be BEL,FW,9,0,1,0.0,0,0,0,1,0.0,0,0,,0,0,,0,0.0,0,0,0,0,0,09/26/20,Crystal Palace,Everton
30,Eberechi Eze,25.0,eng ENG,LM,74,33,43,76.7,457,208,1,1,100.0,30,34,88.2,2,8,25.0,0,0.0,1,6,1,0,9,09/26/20,Crystal Palace,Everton
31,Michy Batshuayi,23.0,be BEL,FW,16,2,3,66.7,54,0,0,1,0.0,1,1,100.0,1,1,100.0,0,0.0,0,0,0,0,0,09/26/20,Crystal Palace,Everton
32,James McArthur,18.0,sco SCO,CM,87,41,49,83.7,846,278,0,1,0.0,32,34,94.1,9,14,64.3,0,0.0,1,8,1,0,7,09/26/20,Crystal Palace,Everton
33,Jairo Riedewald,44.0,nl NED,CM,3,2,3,66.7,18,8,0,0,,2,2,100.0,0,1,0.0,0,0.0,0,1,0,0,0,09/26/20,Crystal Palace,Everton
34,James McCarthy,22.0,ie IRL,CM,90,36,46,78.3,734,200,1,3,33.3,25,29,86.2,10,14,71.4,0,0.0,1,2,1,0,7,09/26/20,Crystal Palace,Everton
35,Andros Townsend,10.0,eng ENG,RM,90,23,38,60.5,454,186,2,3,66.7,16,22,72.7,5,13,38.5,1,0.3,2,0,0,0,6,09/26/20,Crystal Palace,Everton
36,Tyrick Mitchell,27.0,eng ENG,LB,90,30,40,75.0,540,319,0,0,,26,32,81.3,4,8,50.0,0,0.0,0,3,1,1,6,09/26/20,Crystal Palace,Everton
37,Mamadou Sakho,12.0,fr FRA,CB,90,29,33,87.9,692,261,0,0,,17,19,89.5,12,14,85.7,0,0.0,0,2,0,0,2,09/26/20,Crystal Palace,Everton
38,Cheikhou Kouyate,8.0,sn SEN,CB,90,24,36,66.7,618,204,1,2,50.0,12,16,75.0,11,18,61.1,0,0.0,0,0,0,0,2,09/26/20,Crystal Palace,Everton
39,Joel Ward,2.0,eng ENG,RB,90,32,39,82.1,540,277,0,3,0.0,27,29,93.1,5,7,71.4,0,0.0,0,4,1,0,5,09/26/20,Crystal Palace,Everton
40,Vicente Guaita,31.0,es ESP,GK,90,11,17,64.7,359,246,0,0,,6,6,100.0,5,11,45.5,0,0.0,0,0,0,0,0,09/26/20,Crystal Palace,Everton
41,Dominic Calvert-Lewin,9.0,eng ENG,FW,90,12,15,80.0,159,8,2,3,66.7,7,9,77.8,3,3,100.0,0,0.0,0,1,0,0,0,09/26/20,Everton,Crystal Palace
42,Richarlison,7.0,br BRA,LW,89,29,39,74.4,406,82,1,3,33.3,26,30,86.7,2,6,33.3,0,0.0,0,0,0,0,2,09/26/20,Everton,Crystal Palace
43,Tom Davies,26.0,eng ENG,LW,1,0,0,,0,0,0,0,,0,0,,0,0,,0,0.0,0,0,0,0,0,09/26/20,Everton,Crystal Palace
44,James Rodriguez,19.0,co COL,RW,85,45,53,84.9,862,260,2,3,66.7,32,35,91.4,11,15,73.3,0,0.6,3,2,3,1,8,09/26/20,Everton,Crystal Palace
45,Alex Iwobi,17.0,ng NGA,RW,5,1,3,33.3,9,4,0,0,,1,2,50.0,0,1,0.0,0,0.0,0,0,0,0,0,09/26/20,Everton,Crystal Palace
46,Andre Gomes,21.0,pt POR,CM,75,31,35,88.6,660,134,0,0,,24,27,88.9,7,8,87.5,0,0.0,0,3,0,0,1,09/26/20,Everton,Crystal Palace
47,Gylfi Sigurdsson,10.0,is ISL,CM,15,8,9,88.9,133,28,1,1,100.0,5,6,83.3,2,2,100.0,0,0.0,0,0,0,0,1,09/26/20,Everton,Crystal Palace
48,Abdoulaye Doucoure,16.0,fr FRA,CM,90,49,55,89.1,819,126,2,3,66.7,42,45,93.3,5,7,71.4,0,0.0,0,2,0,0,1,09/26/20,Everton,Crystal Palace
49,Allan,6.0,br BRA,DM,90,37,42,88.1,678,120,2,4,50.0,26,28,92.9,9,10,90.0,0,0.0,1,0,0,0,1,09/26/20,Everton,Crystal Palace
50,Lucas Digne,12.0,fr FRA,LB,90,63,80,78.8,1076,435,2,5,40.0,51,58,87.9,10,17,58.8,0,0.0,1,4,1,1,6,09/26/20,Everton,Crystal Palace
51,Michael Keane,5.0,eng ENG,CB,90,58,64,90.6,1433,440,0,0,,34,35,97.1,24,29,82.8,0,0.0,0,2,0,0,3,09/26/20,Everton,Crystal Palace
52,Yerry Mina,13.0,co COL,CB,90,53,55,96.4,1131,267,1,1,100.0,38,39,97.4,14,15,93.3,0,0.0,0,0,0,0,0,09/26/20,Everton,Crystal Palace
53,Seamus Coleman,23.0,ie IRL,RB,90,47,57,82.5,870,319,0,1,0.0,40,42,95.2,7,14,50.0,1,0.4,1,4,0,0,5,09/26/20,Everton,Crystal Palace
54,Jordan Pickford,1.0,eng ENG,GK,90,20,32,62.5,703,531,0,0,,12,12,100.0,8,20,40.0,0,0.0,0,0,0,0,0,09/26/20,Everton,Crystal Palace
55,Callum Robinson,7.0,ie IRL,FW,65,5,7,71.4,79,1,0,0,,4,6,66.7,1,1,100.0,0,0.0,0,0,0,0,0,09/26/20,West Brom,Chelsea
56,Hal Robson-Kanu,4.0,wal WAL,FW,25,4,6,66.7,76,11,0,0,,3,4,75.0,1,2,50.0,0,0.0,1,1,0,0,1,09/26/20,West Brom,Chelsea
57,Grady Diangana,11.0,eng ENG,AM,73,18,23,78.3,265,52,0,0,,17,21,81.0,1,2,50.0,0,0.0,1,2,1,0,2,09/26/20,West Brom,Chelsea
58,Matt Phillips,10.0,sco SCO,AM,17,2,7,28.6,72,71,0,0,,0,0,,2,7,28.6,0,0.0,0,0,0,0,0,09/26/20,West Brom,Chelsea
59,Matheus Pereira,12.0,br BRA,AM,89,28,40,70.0,461,171,1,2,50.0,23,27,85.2,4,11,36.4,1,0.1,2,2,0,0,6,09/26/20,West Brom,Chelsea
60,Sam Field,28.0,eng ENG,AM,1,0,0,,0,0,0,0,,0,0,,0,0,,0,0.0,0,0,0,0,0,09/26/20,West Brom,Chelsea
61,Romaine Sawyers,19.0,kn SKN,CM,90,26,32,81.3,458,113,1,5,20.0,20,20,100.0,5,7,71.4,0,0.1,1,4,1,1,3,09/26/20,West Brom,Chelsea
62,Jake Livermore,8.0,eng ENG,CM,90,12,21,57.1,185,40,1,4,25.0,10,16,62.5,1,1,100.0,0,0.0,1,1,0,0,1,09/26/20,West Brom,Chelsea
63,Conor Townsend,14.0,eng ENG,WB,90,21,33,63.6,337,193,0,1,0.0,19,24,79.2,2,8,25.0,0,0.0,0,2,0,0,6,09/26/20,West Brom,Chelsea
64,Darnell Furlong,2.0,eng ENG,WB,90,24,39,61.5,425,237,1,3,33.3,19,26,73.1,4,10,40.0,1,0.5,1,2,0,0,6,09/26/20,West Brom,Chelsea
65,Dara O'Shea,27.0,ie IRL,CB,90,14,21,66.7,278,105,1,1,100.0,11,11,100.0,2,9,22.2,0,0.0,0,0,0,0,2,09/26/20,West Brom,Chelsea
66,Kyle Bartley,5.0,eng ENG,CB,90,7,8,87.5,248,116,0,0,,1,1,100.0,6,7,85.7,0,0.0,0,1,0,0,1,09/26/20,West Brom,Chelsea
67,Semi Ajayi,6.0,ng NGA,CB,90,10,15,66.7,276,123,0,0,,3,4,75.0,7,11,63.6,0,0.0,0,0,0,0,1,09/26/20,West Brom,Chelsea
68,Sam Johnstone,1.0,eng ENG,GK,90,11,28,39.3,536,391,0,0,,2,2,100.0,9,26,34.6,0,0.0,0,1,0,0,0,09/26/20,West Brom,Chelsea
69,Tammy Abraham,9.0,eng ENG,FW,90,12,21,57.1,177,17,1,1,100.0,9,17,52.9,2,3,66.7,0,0.0,0,0,0,0,0,09/26/20,Chelsea,West Brom
70,Timo Werner,11.0,de GER,"LW,WB",90,36,42,85.7,535,94,0,3,0.0,30,32,93.8,6,7,85.7,0,0.0,0,3,0,0,4,09/26/20,Chelsea,West Brom
71,Mason Mount,19.0,eng ENG,"RW,CM",90,53,63,84.1,733,201,2,4,50.0,48,51,94.1,3,8,37.5,0,0.3,5,5,1,0,5,09/26/20,Chelsea,West Brom
72,Kai Havertz,29.0,de GER,"AM,CM",90,52,58,89.7,701,143,0,3,0.0,49,51,96.1,3,4,75.0,1,0.2,2,5,2,0,6,09/26/20,Chelsea,West Brom
73,Mateo Kovacic,17.0,hr CRO,CM,45,53,58,91.4,1126,233,0,0,,36,39,92.3,17,19,89.5,0,0.0,0,5,0,0,4,09/26/20,Chelsea,West Brom
74,Callum Hudson-Odoi,20.0,eng ENG,"RW,WB",45,30,42,71.4,498,137,0,2,0.0,26,31,83.9,4,9,44.4,0,0.1,2,1,4,0,5,09/26/20,Chelsea,West Brom
75,N'Golo Kante,7.0,fr FRA,"CM,DM",90,93,101,92.1,1673,246,1,1,100.0,72,78,92.3,20,22,90.9,0,0.0,1,11,1,0,3,09/26/20,Chelsea,West Brom
76,Marcos Alonso,3.0,es ESP,LB,45,27,31,87.1,457,166,0,0,,24,27,88.9,3,4,75.0,0,0.0,1,1,0,0,6,09/26/20,Chelsea,West Brom
77,Cesar Azpilicueta,28.0,es ESP,"LB,CB",45,56,63,88.9,1099,349,2,2,100.0,40,44,90.9,14,17,82.4,1,0.0,1,12,0,0,6,09/26/20,Chelsea,West Brom
78,Thiago Silva,6.0,br BRA,CB,72,78,82,95.1,1647,564,0,0,,56,58,96.6,22,24,91.7,0,0.0,0,13,0,0,6,09/26/20,Chelsea,West Brom
79,Olivier Giroud,18.0,fr FRA,"FW,CB",18,3,7,42.9,44,0,0,2,0.0,3,5,60.0,0,0,,0,0.0,0,0,0,0,0,09/26/20,Chelsea,West Brom
80,Andreas Christensen,4.0,dk DEN,CB,90,107,116,92.2,2253,723,0,0,,80,86,93.0,27,30,90.0,0,0.0,0,7,0,0,11,09/26/20,Chelsea,West Brom
81,Reece James,24.0,eng ENG,"RB,CB",90,108,127,85.0,2345,547,0,1,0.0,78,84,92.9,30,42,71.4,0,0.6,6,12,5,4,17,09/26/20,Chelsea,West Brom
82,Willy Caballero,13.0,ar ARG,GK,90,24,26,92.3,496,302,0,0,,20,20,100.0,4,6,66.7,0,0.0,0,0,0,0,0,09/26/20,Chelsea,West Brom
83,Matej Vydra,27.0,cz CZE,FW,90,13,17,76.5,174,26,0,2,0.0,12,13,92.3,1,2,50.0,0,0.0,1,0,1,1,1,09/26/20,Burnley,Southampton
84,Chris Wood,9.0,nz NZL,FW,90,13,20,65.0,221,11,0,0,,10,16,62.5,3,4,75.0,0,0.0,0,2,0,0,0,09/26/20,Burnley,Southampton
85,Dwight McNeil,11.0,eng ENG,LM,90,36,56,64.3,755,161,0,1,0.0,27,38,71.1,9,17,52.9,0,0.0,0,2,2,2,4,09/26/20,Burnley,Southampton
86,Josh Brownhill,8.0,eng ENG,RM,90,29,38,76.3,464,115,1,3,33.3,24,30,80.0,4,5,80.0,0,0.0,0,2,0,0,0,09/26/20,Burnley,Southampton
87,Dale Stephens,16.0,eng ENG,DM,90,47,56,83.9,941,155,0,1,0.0,36,43,83.7,11,12,91.7,0,0.0,0,2,1,0,3,09/26/20,Burnley,Southampton
88,Ashley Westwood,18.0,eng ENG,DM,90,63,85,74.1,1390,351,1,4,25.0,40,43,93.0,22,38,57.9,0,0.1,2,6,4,0,9,09/26/20,Burnley,Southampton
89,Charlie Taylor,3.0,eng ENG,LB,90,60,83,72.3,1048,384,0,1,0.0,51,59,86.4,9,23,39.1,0,0.0,0,4,0,0,7,09/26/20,Burnley,Southampton
90,Jimmy Dunne,34.0,ie IRL,CB,90,44,63,69.8,963,157,1,1,100.0,29,38,76.3,14,24,58.3,0,0.1,1,0,0,0,0,09/26/20,Burnley,Southampton
91,Kevin Long,28.0,ie IRL,CB,90,42,62,67.7,1035,251,1,4,25.0,25,35,71.4,16,23,69.6,0,0.0,0,2,0,0,0,09/26/20,Burnley,Southampton
92,Phil Bardsley,26.0,sco SCO,RB,90,54,76,71.1,1121,411,0,7,0.0,41,45,91.1,13,24,54.2,0,0.0,0,5,3,1,10,09/26/20,Burnley,Southampton
93,Nick Pope,1.0,eng ENG,GK,90,17,38,44.7,739,476,0,0,,3,3,100.0,14,35,40.0,0,0.0,0,0,0,0,0,09/26/20,Burnley,Southampton
94,Danny Ings,9.0,eng ENG,FW,90,14,29,48.3,136,22,1,4,25.0,13,22,59.1,0,3,0.0,0,0.0,0,0,0,0,0,09/26/20,Southampton,Burnley
95,Che Adams,10.0,eng ENG,FW,76,10,17,58.8,117,30,1,3,33.3,9,14,64.3,0,0,,1,0.4,1,0,1,0,1,09/26/20,Southampton,Burnley
96,Michael Obafemi,14.0,ie IRL,FW,14,3,3,100.0,22,12,0,0,,3,3,100.0,0,0,,0,0.0,0,0,0,0,0,09/26/20,Southampton,Burnley
97,Moussa Djenepo,12.0,ml MLI,LM,76,23,30,76.7,261,45,2,4,50.0,21,26,80.8,0,0,,0,0.0,0,1,1,0,1,09/26/20,Southampton,Burnley
98,Nathan Tella,23.0,eng ENG,LM,14,3,3,100.0,22,11,1,1,100.0,2,2,100.0,0,0,,0,0.0,0,1,0,0,0,09/26/20,Southampton,Burnley
99,Oriol Romeu,6.0,es ESP,CM,90,59,81,72.8,1113,147,2,3,66.7,45,59,76.3,12,19,63.2,0,0.0,0,3,0,0,2,09/26/20,Southampton,Burnley
100,James Ward-Prowse,8.0,eng ENG,CM,90,54,56,96.4,867,263,0,1,0.0,47,48,97.9,7,7,100.0,0,0.0,0,2,1,0,7,09/26/20,Southampton,Burnley
101,Stuart Armstrong,17.0,sco SCO,RM,90,29,40,72.5,404,101,1,4,25.0,24,30,80.0,4,6,66.7,0,0.0,0,1,0,0,3,09/26/20,Southampton,Burnley
102,Ryan Bertrand,3.0,eng ENG,LB,90,60,70,85.7,896,450,1,2,50.0,54,57,94.7,5,11,45.5,0,0.1,2,2,0,0,9,09/26/20,Southampton,Burnley
103,Jannik Vestergaard,4.0,dk DEN,CB,90,37,49,75.5,737,233,0,0,,30,37,81.1,7,12,58.3,0,0.0,0,2,0,0,3,09/26/20,Southampton,Burnley
104,Jan Bednarek,35.0,pl POL,CB,90,24,34,70.6,455,228,1,1,100.0,20,26,76.9,3,7,42.9,0,0.0,0,1,0,0,1,09/26/20,Southampton,Burnley
105,Kyle Walker-Peters,2.0,eng ENG,RB,90,40,56,71.4,687,351,3,5,60.0,27,36,75.0,10,15,66.7,0,0.1,1,3,1,0,5,09/26/20,Southampton,Burnley
106,Alex McCarthy,1.0,eng ENG,GK,90,11,33,33.3,393,316,0,0,,5,5,100.0,6,28,21.4,0,0.0,0,0,0,0,0,09/26/20,Southampton,Burnley
107,Oliver Burke,14.0,sco SCO,FW,73,13,19,68.4,191,16,2,5,40.0,9,12,75.0,2,2,100.0,0,0.2,3,0,1,0,1,09/27/20,Sheffield Utd,Leeds United
108,Billy Sharp,10.0,eng ENG,FW,17,3,4,75.0,48,0,0,0,,2,3,66.7,1,1,100.0,0,0.0,0,0,0,0,0,09/27/20,Sheffield Utd,Leeds United
109,David McGoldrick,17.0,ie IRL,FW,73,11,16,68.8,167,60,0,1,0.0,9,12,75.0,2,3,66.7,0,0.5,1,2,0,0,2,09/27/20,Sheffield Utd,Leeds United
110,Oliver McBurnie,9.0,sco SCO,FW,17,8,9,88.9,86,14,0,0,,8,9,88.9,0,0,,0,0.0,0,2,0,0,0,09/27/20,Sheffield Utd,Leeds United
111,Ben Osborn,23.0,eng ENG,CM,90,29,37,78.4,521,310,0,2,0.0,21,23,91.3,8,12,66.7,0,0.4,2,3,2,1,9,09/27/20,Sheffield Utd,Leeds United
112,John Lundstram,7.0,eng ENG,CM,63,25,29,86.2,474,218,4,6,66.7,13,15,86.7,8,8,100.0,0,0.2,3,1,0,0,6,09/27/20,Sheffield Utd,Leeds United
113,Oliver Norwood,16.0,nir NIR,CM,27,9,13,69.2,142,18,0,0,,8,8,100.0,1,5,20.0,0,0.0,0,0,0,0,0,09/27/20,Sheffield Utd,Leeds United
114,Sander Berge,8.0,no NOR,DM,90,26,40,65.0,482,104,1,5,20.0,19,26,73.1,6,9,66.7,0,0.2,2,2,0,0,4,09/27/20,Sheffield Utd,Leeds United
115,Enda Stevens,3.0,ie IRL,WB,90,26,34,76.5,389,176,1,2,50.0,22,25,88.0,3,7,42.9,0,0.0,0,2,0,0,4,09/27/20,Sheffield Utd,Leeds United
116,George Baldock,2.0,eng ENG,WB,90,30,38,78.9,452,254,2,4,50.0,23,27,85.2,5,7,71.4,0,0.0,0,2,1,0,10,09/27/20,Sheffield Utd,Leeds United
117,Jack Robinson,19.0,eng ENG,CB,90,25,28,89.3,478,217,0,1,0.0,16,17,94.1,9,10,90.0,0,0.0,0,2,0,0,3,09/27/20,Sheffield Utd,Leeds United
118,Ethan Ampadu,22.0,wal WAL,CB,90,24,37,64.9,602,175,1,3,33.3,10,13,76.9,13,21,61.9,0,0.0,0,1,1,0,1,09/27/20,Sheffield Utd,Leeds United
119,Chris Basham,6.0,eng ENG,CB,90,23,30,76.7,342,122,2,5,40.0,18,20,90.0,3,5,60.0,0,0.0,0,2,1,0,3,09/27/20,Sheffield Utd,Leeds United
120,Aaron Ramsdale,1.0,eng ENG,GK,90,16,36,44.4,559,487,0,0,,8,8,100.0,8,28,28.6,0,0.1,1,1,0,0,0,09/27/20,Sheffield Utd,Leeds United
121,Tyler Roberts,11.0,wal WAL,FW,45,13,18,72.2,174,26,1,3,33.3,10,13,76.9,2,2,100.0,0,0.0,0,0,0,0,1,09/27/20,Leeds United,Sheffield Utd
122,Rodrigo,20.0,es ESP,FW,44,24,30,80.0,391,61,1,4,25.0,19,21,90.5,4,5,80.0,0,0.0,0,1,0,0,1,09/27/20,Leeds United,Sheffield Utd
123,Ezgjan Alioski,10.0,mk MKD,FW,1,3,3,100.0,70,37,0,0,,2,2,100.0,1,1,100.0,0,0.0,0,0,0,0,0,09/27/20,Leeds United,Sheffield Utd
124,Patrick Bamford,9.0,eng ENG,FW,90,11,15,73.3,119,54,4,5,80.0,6,8,75.0,1,2,50.0,0,0.1,1,0,0,0,1,09/27/20,Leeds United,Sheffield Utd
125,Stuart Dallas,15.0,nir NIR,CM,90,53,64,82.8,977,281,0,1,0.0,43,46,93.5,10,17,58.8,0,0.0,1,5,1,1,8,09/27/20,Leeds United,Sheffield Utd
126,Mateusz Klich,43.0,pl POL,CM,90,38,49,77.6,547,181,1,2,50.0,34,40,85.0,3,7,42.9,0,0.2,3,2,5,0,8,09/27/20,Leeds United,Sheffield Utd
127,Kalvin Phillips,23.0,eng ENG,DM,90,52,65,80.0,1271,281,1,3,33.3,31,33,93.9,20,29,69.0,0,0.2,4,6,0,0,8,09/27/20,Leeds United,Sheffield Utd
128,Jack Harrison,22.0,eng ENG,WB,90,45,59,76.3,858,165,1,2,50.0,33,43,76.7,11,14,78.6,1,0.6,5,1,3,2,6,09/27/20,Leeds United,Sheffield Utd
129,Helder Costa,17.0,pt POR,WB,65,15,19,78.9,179,20,1,1,100.0,14,17,82.4,0,1,0.0,0,0.0,1,0,0,0,0,09/27/20,Leeds United,Sheffield Utd
130,Ian Poveda-Ocampo,7.0,eng ENG,WB,25,3,6,50.0,36,18,0,1,0.0,3,5,60.0,0,0,,0,0.0,0,0,0,0,1,09/27/20,Leeds United,Sheffield Utd
131,Liam Cooper,6.0,sco SCO,CB,90,72,86,83.7,1625,498,0,0,,52,56,92.9,20,30,66.7,0,0.0,0,1,0,0,1,09/27/20,Leeds United,Sheffield Utd
132,Robin Koch,5.0,de GER,CB,90,68,78,87.2,1615,406,1,2,50.0,40,46,87.0,27,30,90.0,0,0.0,0,3,1,0,3,09/27/20,Leeds United,Sheffield Utd
133,Luke Ayling,2.0,eng ENG,CB,90,76,95,80.0,1572,820,2,4,50.0,59,66,89.4,15,25,60.0,0,0.4,1,7,1,0,17,09/27/20,Leeds United,Sheffield Utd
134,Illan Meslier,1.0,fr FRA,GK,90,38,41,92.7,867,329,1,1,100.0,22,22,100.0,15,18,83.3,0,0.0,0,0,0,0,0,09/27/20,Leeds United,Sheffield Utd
135,Harry Kane,10.0,eng ENG,FW,90,15,19,78.9,426,136,0,2,0.0,8,9,88.9,7,8,87.5,1,0.7,2,4,1,0,4,09/27/20,Tottenham,Newcastle Utd
136,Son Heung-Min,7.0,kr KOR,LW,45,16,20,80.0,282,78,1,1,100.0,11,14,78.6,4,5,80.0,0,0.3,3,0,0,0,3,09/27/20,Tottenham,Newcastle Utd
137,Steven Bergwijn,23.0,nl NED,LW,45,24,28,85.7,342,69,0,0,,23,25,92.0,1,3,33.3,0,0.1,1,1,0,0,2,09/27/20,Tottenham,Newcastle Utd
138,Lucas Moura,27.0,br BRA,RW,78,35,47,74.5,429,127,1,4,25.0,34,41,82.9,0,2,0.0,0,0.0,0,0,1,0,4,09/27/20,Tottenham,Newcastle Utd
139,Erik Lamela,11.0,ar ARG,RW,12,9,9,100.0,139,31,0,0,,7,7,100.0,2,2,100.0,0,0.0,0,2,0,0,0,09/27/20,Tottenham,Newcastle Utd
140,Giovani Lo Celso,18.0,ar ARG,AM,76,44,57,77.2,872,246,0,3,0.0,30,38,78.9,14,16,87.5,0,0.1,2,7,3,0,10,09/27/20,Tottenham,Newcastle Utd
141,Tanguy Ndombele,28.0,fr FRA,AM,14,19,21,90.5,320,45,0,0,,16,18,88.9,3,3,100.0,0,0.0,0,1,0,0,0,09/27/20,Tottenham,Newcastle Utd
142,Harry Winks,8.0,eng ENG,DM,90,89,93,95.7,1655,464,1,1,100.0,70,72,97.2,18,20,90.0,0,0.0,1,12,0,0,6,09/27/20,Tottenham,Newcastle Utd
143,Pierre-Emile Hojbjerg,5.0,dk DEN,DM,90,96,108,88.9,1858,546,1,1,100.0,75,83,90.4,20,24,83.3,0,0.2,2,16,1,1,10,09/27/20,Tottenham,Newcastle Utd
144,Ben Davies,33.0,wal WAL,LB,90,49,58,84.5,854,189,0,0,,42,46,91.3,7,12,58.3,0,0.0,0,1,3,2,5,09/27/20,Tottenham,Newcastle Utd
145,Eric Dier,15.0,eng ENG,CB,90,58,61,95.1,1323,332,1,1,100.0,37,39,94.9,20,21,95.2,0,0.0,0,5,1,0,3,09/27/20,Tottenham,Newcastle Utd
146,Davinson Sanchez,6.0,co COL,CB,90,57,64,89.1,1165,282,0,1,0.0,41,44,93.2,16,19,84.2,0,0.0,0,0,0,0,1,09/27/20,Tottenham,Newcastle Utd
147,Matt Doherty,2.0,ie IRL,RB,90,68,80,85.0,1037,365,0,2,0.0,62,69,89.9,6,9,66.7,0,0.1,2,3,1,0,8,09/27/20,Tottenham,Newcastle Utd
148,Hugo Lloris,1.0,fr FRA,GK,90,11,13,84.6,278,183,0,0,,7,7,100.0,4,6,66.7,0,0.0,0,0,0,0,0,09/27/20,Tottenham,Newcastle Utd
149,Callum Wilson,13.0,eng ENG,FW,90,4,7,57.1,53,4,0,0,,4,7,57.1,0,0,,0,0.0,0,0,0,0,0,09/27/20,Newcastle Utd,Tottenham
150,Joelinton,9.0,br BRA,LW,90,24,30,80.0,340,36,1,2,50.0,20,24,83.3,3,4,75.0,0,0.0,0,3,1,1,1,09/27/20,Newcastle Utd,Tottenham
151,Miguel Almiron,24.0,py PAR,RW,76,23,30,76.7,329,25,0,1,0.0,21,24,87.5,2,5,40.0,0,0.1,1,0,1,0,1,09/27/20,Newcastle Utd,Tottenham
152,Andy Carroll,7.0,eng ENG,RW,14,4,7,57.1,60,28,0,1,0.0,3,4,75.0,1,2,50.0,0,0.0,0,0,1,0,1,09/27/20,Newcastle Utd,Tottenham
153,Jeff Hendrick,16.0,ie IRL,CM,73,19,21,90.5,348,115,1,1,100.0,14,14,100.0,4,6,66.7,0,0.0,0,1,0,0,1,09/27/20,Newcastle Utd,Tottenham
154,Jacob Murphy,23.0,eng ENG,"WB,CM",17,6,7,85.7,170,81,0,0,,3,4,75.0,3,3,100.0,0,0.0,0,1,0,0,1,09/27/20,Newcastle Utd,Tottenham
155,Jonjo Shelvey,8.0,eng ENG,CM,90,27,39,69.2,721,219,1,1,100.0,13,19,68.4,13,19,68.4,0,0.0,1,3,1,0,4,09/27/20,Newcastle Utd,Tottenham
156,Matt Ritchie,11.0,sco SCO,WB,68,25,36,69.4,474,197,1,1,100.0,20,23,87.0,4,12,33.3,0,0.1,1,1,1,1,6,09/27/20,Newcastle Utd,Tottenham
157,Jamal Lewis,15.0,nir NIR,WB,22,3,6,50.0,67,13,0,0,,2,5,40.0,1,1,100.0,0,0.0,0,0,0,0,0,09/27/20,Newcastle Utd,Tottenham
158,Javier Manquillo,19.0,es ESP,"WB,CB",90,34,44,77.3,431,158,1,2,50.0,31,34,91.2,2,8,25.0,0,0.0,0,0,0,0,3,09/27/20,Newcastle Utd,Tottenham
159,Federico Fernandez,18.0,ar ARG,CB,90,26,33,78.8,771,231,0,0,,13,13,100.0,13,20,65.0,0,0.0,0,0,0,0,2,09/27/20,Newcastle Utd,Tottenham
160,Jamaal Lascelles,6.0,eng ENG,CB,90,23,28,82.1,564,156,0,0,,16,18,88.9,7,10,70.0,0,0.0,0,2,0,0,3,09/27/20,Newcastle Utd,Tottenham
161,Isaac Hayden,14.0,eng ENG,"CB,CM",90,29,33,87.9,561,161,0,1,0.0,23,25,92.0,6,7,85.7,0,0.0,0,0,0,0,0,09/27/20,Newcastle Utd,Tottenham
162,Karl Darlow,26.0,eng ENG,GK,90,18,32,56.3,927,764,0,0,,2,2,100.0,16,30,53.3,0,0.0,0,1,0,0,0,09/27/20,Newcastle Utd,Tottenham
163,Raheem Sterling,7.0,eng ENG,"FW,LW,AM",90,19,24,79.2,279,19,0,0,,17,21,81.0,2,3,66.7,0,0.0,0,1,0,0,0,09/27/20,Manchester City,Leicester City
164,Phil Foden,47.0,eng ENG,LW,63,16,17,94.1,302,35,0,0,,14,15,93.3,2,2,100.0,0,0.0,0,1,0,0,1,09/27/20,Manchester City,Leicester City
165,Ferran Torres,21.0,es ESP,"RW,LW",27,14,19,73.7,223,23,1,2,50.0,12,13,92.3,1,4,25.0,0,0.1,1,0,0,0,1,09/27/20,Manchester City,Leicester City
166,Riyad Mahrez,26.0,dz ALG,"RW,CM",90,42,56,75.0,763,98,1,5,20.0,33,38,86.8,8,13,61.5,1,0.2,2,1,3,0,5,09/27/20,Manchester City,Leicester City
167,Kevin De Bruyne,17.0,be BEL,"AM,CM,DM",90,45,67,67.2,927,264,1,4,25.0,33,45,73.3,11,18,61.1,0,0.3,3,7,2,1,7,09/27/20,Manchester City,Leicester City
168,Rodrigo,16.0,es ESP,DM,90,79,85,92.9,1673,302,2,2,100.0,50,54,92.6,27,29,93.1,0,0.0,0,11,0,0,5,09/27/20,Manchester City,Leicester City
169,Fernandinho,25.0,br BRA,DM,50,67,74,90.5,1582,332,0,0,,49,51,96.1,18,23,78.3,0,0.0,0,21,0,0,8,09/27/20,Manchester City,Leicester City
170,Liam Delap,48.0,eng ENG,"FW,DM",40,5,7,71.4,45,0,1,1,100.0,4,6,66.7,0,0,,0,0.0,0,0,0,0,0,09/27/20,Manchester City,Leicester City
171,Benjamin Mendy,22.0,fr FRA,LB,90,57,70,81.4,986,186,1,3,33.3,48,55,87.3,8,12,66.7,0,0.0,1,1,2,1,6,09/27/20,Manchester City,Leicester City
172,Nathan Ake,6.0,nl NED,CB,90,98,104,94.2,2014,489,0,1,0.0,66,69,95.7,32,34,94.1,0,0.0,0,14,0,0,9,09/27/20,Manchester City,Leicester City
173,Eric Garcia,50.0,es ESP,CB,90,89,92,96.7,1887,456,0,0,,61,61,100.0,28,31,90.3,0,0.0,1,14,0,0,10,09/27/20,Manchester City,Leicester City
174,Kyle Walker,2.0,eng ENG,RB,90,86,95,90.5,1710,354,0,0,,62,67,92.5,24,28,85.7,0,0.0,0,10,0,0,7,09/27/20,Manchester City,Leicester City
175,Ederson,31.0,br BRA,GK,90,15,15,100.0,344,223,0,0,,8,8,100.0,7,7,100.0,0,0.0,0,0,0,0,0,09/27/20,Manchester City,Leicester City
176,Jamie Vardy,9.0,eng ENG,FW,84,3,7,42.9,41,0,0,1,0.0,3,5,60.0,0,1,0.0,0,0.0,0,0,0,0,0,09/27/20,Leicester City,Manchester City
177,Kelechi Iheanacho,14.0,ng NGA,FW,6,2,2,100.0,17,0,0,0,,2,2,100.0,0,0,,0,0.0,0,0,0,0,0,09/27/20,Leicester City,Manchester City
178,Harvey Barnes,15.0,eng ENG,LW,90,14,19,73.7,183,33,0,0,,13,17,76.5,1,2,50.0,0,0.0,0,1,0,0,1,09/27/20,Leicester City,Manchester City
179,Dennis Praet,26.0,be BEL,RW,68,12,16,75.0,260,75,0,0,,9,11,81.8,3,5,60.0,0,0.0,1,1,0,0,1,09/27/20,Leicester City,Manchester City
180,James Maddison,10.0,eng ENG,RW,22,2,2,100.0,38,15,0,0,,2,2,100.0,0,0,,0,0.0,0,0,1,0,1,09/27/20,Leicester City,Manchester City
181,Nampalys Mendy,24.0,fr FRA,DM,90,20,25,80.0,314,90,0,0,,17,18,94.4,3,7,42.9,1,0.1,2,2,0,0,1,09/27/20,Leicester City,Manchester City
182,Youri Tielemans,8.0,be BEL,DM,90,29,36,80.6,618,237,1,1,100.0,19,20,95.0,9,15,60.0,0,0.0,0,2,1,0,4,09/27/20,Leicester City,Manchester City
183,James Justin,2.0,eng ENG,"WB,CB",90,17,27,63.0,274,86,0,2,0.0,15,18,83.3,2,7,28.6,0,0.0,0,0,0,0,0,09/27/20,Leicester City,Manchester City
184,Timothy Castagne,27.0,be BEL,WB,90,23,29,79.3,308,145,0,0,,22,24,91.7,1,5,20.0,1,0.1,1,1,0,0,4,09/27/20,Leicester City,Manchester City
185,Caglar Soyuncu,4.0,tr TUR,CB,90,21,27,77.8,416,196,0,0,,19,21,90.5,2,6,33.3,0,0.0,0,1,0,0,3,09/27/20,Leicester City,Manchester City
186,Jonny Evans,6.0,nir NIR,CB,79,20,22,90.9,344,81,0,0,,17,18,94.4,3,4,75.0,0,0.0,0,0,0,0,0,09/27/20,Leicester City,Manchester City
187,Christian Fuchs,28.0,at AUT,"WB,CB",11,1,4,25.0,6,5,0,0,,1,3,33.3,0,1,0.0,0,0.0,0,0,0,0,0,09/27/20,Leicester City,Manchester City
188,Daniel Amartey,18.0,gh GHA,CB,90,19,26,73.1,345,113,0,1,0.0,15,21,71.4,4,4,100.0,0,0.0,0,5,0,0,4,09/27/20,Leicester City,Manchester City
189,Kasper Schmeichel,1.0,dk DEN,GK,90,23,46,50.0,978,610,0,0,,7,7,100.0,16,39,41.0,0,0.0,0,0,0,0,0,09/27/20,Leicester City,Manchester City
190,Michail Antonio,30.0,eng ENG,FW,87,16,25,64.0,278,75,1,3,33.3,10,15,66.7,5,7,71.4,0,0.0,1,2,0,0,3,09/27/20,West Ham,Wolves
191,Sebastien Haller,22.0,fr FRA,FW,3,3,5,60.0,56,0,0,1,0.0,2,3,66.7,1,1,100.0,0,0.0,0,0,0,0,0,09/27/20,West Ham,Wolves
192,Pablo Fornals,18.0,es ESP,AM,90,21,27,77.8,360,103,0,0,,17,22,77.3,4,5,80.0,1,0.0,1,2,0,0,4,09/27/20,West Ham,Wolves
193,Jarrod Bowen,20.0,eng ENG,AM,87,11,17,64.7,201,39,0,2,0.0,9,12,75.0,2,3,66.7,0,0.0,0,0,0,0,2,09/27/20,West Ham,Wolves
194,Mark Noble,16.0,eng ENG,AM,3,5,5,100.0,90,37,0,0,,4,4,100.0,1,1,100.0,0,0.0,0,3,0,0,0,09/27/20,West Ham,Wolves
195,Declan Rice,41.0,eng ENG,DM,90,40,51,78.4,619,125,2,3,66.7,32,36,88.9,6,12,50.0,0,0.0,0,0,0,0,2,09/27/20,West Ham,Wolves
196,Tomas Soucek,28.0,cz CZE,DM,90,30,35,85.7,544,172,0,0,,24,29,82.8,6,6,100.0,0,0.0,0,2,0,0,1,09/27/20,West Ham,Wolves
197,Arthur Masuaku,26.0,cd COD,WB,90,43,53,81.1,765,362,0,1,0.0,34,39,87.2,9,13,69.2,1,0.6,4,2,3,2,9,09/27/20,West Ham,Wolves
198,Ryan Fredericks,24.0,eng ENG,WB,48,23,35,65.7,324,151,0,1,0.0,21,30,70.0,2,4,50.0,0,0.1,2,0,2,1,7,09/27/20,West Ham,Wolves
199,Ben Johnson,31.0,eng ENG,WB,42,13,16,81.3,203,136,2,3,66.7,9,10,90.0,2,3,66.7,0,0.0,0,3,0,0,1,09/27/20,West Ham,Wolves
200,Aaron Cresswell,3.0,eng ENG,CB,90,39,46,84.8,717,500,0,0,,29,32,90.6,10,14,71.4,0,0.4,4,0,1,1,7,09/27/20,West Ham,Wolves
201,Angelo Ogbonna,21.0,it ITA,CB,90,24,29,82.8,528,163,1,1,100.0,15,18,83.3,8,10,80.0,0,0.0,0,0,0,0,0,09/27/20,West Ham,Wolves
202,Fabian Balbuena,4.0,py PAR,CB,90,22,29,75.9,555,266,0,0,,11,12,91.7,11,17,64.7,0,0.0,0,1,0,0,2,09/27/20,West Ham,Wolves
203,Åukasz FabiaÅski,1.0,pl POL,GK,90,15,29,51.7,525,369,0,0,,5,5,100.0,10,24,41.7,0,0.0,0,0,0,0,0,09/27/20,West Ham,Wolves
204,Raul Jimenez,9.0,mx MEX,FW,90,30,36,83.3,363,35,1,2,50.0,28,32,87.5,1,2,50.0,0,0.1,1,1,2,0,2,09/27/20,Wolves,West Ham
205,Pedro Neto,7.0,pt POR,LW,90,38,41,92.7,569,142,1,2,50.0,34,34,100.0,3,5,60.0,0,0.1,1,4,1,1,4,09/27/20,Wolves,West Ham
206,Adama Traore,37.0,es ESP,RW,61,18,31,58.1,188,51,1,3,33.3,17,20,85.0,0,8,0.0,0,0.0,0,2,0,0,2,09/27/20,Wolves,West Ham
207,Fabio Silva,17.0,pt POR,RW,29,17,17,100.0,238,1,0,0,,14,14,100.0,3,3,100.0,0,0.1,1,0,0,0,0,09/27/20,Wolves,West Ham
208,Joao Moutinho,28.0,pt POR,CM,72,75,79,94.9,1582,275,1,1,100.0,50,51,98.0,24,27,88.9,0,0.0,1,5,0,0,7,09/27/20,Wolves,West Ham
209,Vitinha,20.0,pt POR,CM,18,22,24,91.7,410,33,1,1,100.0,17,19,89.5,4,4,100.0,0,0.0,1,1,0,0,1,09/27/20,Wolves,West Ham
210,Ruben Neves,8.0,pt POR,CM,90,98,110,89.1,2089,549,0,2,0.0,69,74,93.2,29,34,85.3,0,0.1,1,6,2,0,13,09/27/20,Wolves,West Ham
211,Ruben Vinagre,29.0,pt POR,WB,90,54,64,84.4,877,236,0,0,,48,55,87.3,6,9,66.7,0,0.0,0,1,1,1,3,09/27/20,Wolves,West Ham
212,Nelson Semedo,22.0,pt POR,WB,72,47,58,81.0,696,166,0,3,0.0,45,50,90.0,2,5,40.0,0,0.0,0,2,0,0,2,09/27/20,Wolves,West Ham
213,Ki-Jana Hoever,2.0,nl NED,WB,18,17,21,81.0,326,100,0,0,,14,17,82.4,3,4,75.0,0,0.1,1,1,1,1,2,09/27/20,Wolves,West Ham
214,Romain Saiss,27.0,ma MAR,CB,90,59,72,81.9,1142,593,1,1,100.0,44,51,86.3,14,20,70.0,0,0.0,0,7,1,0,12,09/27/20,Wolves,West Ham
215,Conor Coady,16.0,eng ENG,CB,90,38,44,86.4,767,294,0,0,,30,33,90.9,8,11,72.7,0,0.0,0,4,0,0,4,09/27/20,Wolves,West Ham
216,Willy Boly,15.0,fr FRA,CB,90,45,48,93.8,889,265,0,0,,31,34,91.2,14,14,100.0,0,0.0,0,4,0,0,1,09/27/20,Wolves,West Ham
217,Rui PatrÃ­cio,11.0,pt POR,GK,90,12,21,57.1,341,250,0,0,,9,9,100.0,3,12,25.0,0,0.0,0,0,0,0,0,09/27/20,Wolves,West Ham
218,Aleksandar Mitrovic,9.0,rs SRB,FW,90,12,14,85.7,132,19,0,1,0.0,12,12,100.0,0,1,0.0,0,0.0,0,0,0,0,0,09/28/20,Fulham,Aston Villa
219,Ivan Cavaleiro,17.0,pt POR,AM,90,24,38,63.2,482,80,0,2,0.0,18,24,75.0,6,12,50.0,0,0.0,1,1,0,0,2,09/28/20,Fulham,Aston Villa
220,Bobby De Cordova-Reid,14.0,jm JAM,AM,77,19,24,79.2,394,55,1,1,100.0,14,17,82.4,4,6,66.7,0,0.0,0,2,0,0,3,09/28/20,Fulham,Aston Villa
221,Neeskens Kebano,7.0,cd COD,AM,13,7,9,77.8,95,37,0,0,,7,7,100.0,0,2,0.0,0,0.0,0,1,0,0,1,09/28/20,Fulham,Aston Villa
222,Tom Cairney,10.0,sco SCO,DM,90,77,88,87.5,1667,379,1,3,33.3,50,51,98.0,26,34,76.5,0,0.1,3,14,3,1,12,09/28/20,Fulham,Aston Villa
223,Andre-Frank Zambo Anguissa,29.0,cm CMR,DM,90,59,67,88.1,1151,270,1,3,33.3,43,46,93.5,15,18,83.3,0,0.0,1,8,2,1,6,09/28/20,Fulham,Aston Villa
224,Joe Bryan,23.0,eng ENG,WB,90,52,70,74.3,947,460,0,4,0.0,45,53,84.9,7,13,53.8,0,0.1,1,3,1,1,17,09/28/20,Fulham,Aston Villa
225,Kenny Tete,2.0,nl NED,WB,38,23,28,82.1,449,151,0,1,0.0,16,17,94.1,7,10,70.0,0,0.1,2,0,3,3,4,09/28/20,Fulham,Aston Villa
226,Aboubakar Kamara,47.0,fr FRA,WB,52,27,34,79.4,534,204,0,1,0.0,21,24,87.5,6,9,66.7,0,0.2,3,2,2,1,6,09/28/20,Fulham,Aston Villa
227,Tim Ream,13.0,us USA,CB,90,50,53,94.3,1024,429,0,1,0.0,39,40,97.5,11,12,91.7,0,0.0,0,3,0,0,2,09/28/20,Fulham,Aston Villa
228,Michael Hector,3.0,jm JAM,CB,57,37,45,82.2,1037,334,0,0,,16,16,100.0,21,29,72.4,0,0.0,0,4,0,0,2,09/28/20,Fulham,Aston Villa
229,Maxime Le Marchand,20.0,fr FRA,CB,33,22,24,91.7,480,224,0,0,,16,17,94.1,6,7,85.7,0,0.0,0,1,0,0,2,09/28/20,Fulham,Aston Villa
230,Denis Odoi,4.0,be BEL,CB,90,56,65,86.2,1328,478,0,0,,31,35,88.6,25,30,83.3,0,0.1,1,9,2,1,6,09/28/20,Fulham,Aston Villa
231,Alphonse Areola,1.0,fr FRA,GK,90,19,21,90.5,424,189,0,0,,14,14,100.0,5,7,71.4,0,0.0,0,0,0,0,0,09/28/20,Fulham,Aston Villa
232,Ollie Watkins,11.0,eng ENG,FW,90,13,24,54.2,177,35,2,4,50.0,10,19,52.6,1,1,100.0,0,0.0,1,2,0,0,1,09/28/20,Aston Villa,Fulham
233,Jack Grealish,10.0,eng ENG,LW,90,26,36,72.2,474,213,1,4,25.0,20,24,83.3,5,8,62.5,0,0.2,2,2,4,0,9,09/28/20,Aston Villa,Fulham
234,Trezeguet,17.0,eg EGY,RW,83,8,13,61.5,111,46,0,1,0.0,7,9,77.8,1,3,33.3,0,0.0,0,1,1,0,3,09/28/20,Aston Villa,Fulham
235,Bertrand Traore,15.0,bf BFA,RW,7,4,6,66.7,108,44,0,0,,2,3,66.7,2,3,66.7,0,0.0,0,0,0,0,0,09/28/20,Aston Villa,Fulham
236,Conor Hourihane,14.0,ie IRL,CM,76,18,25,72.0,416,123,1,1,100.0,7,10,70.0,10,14,71.4,1,0.7,2,2,1,1,3,09/28/20,Aston Villa,Fulham
237,Jacob Ramsey,41.0,eng ENG,CM,14,4,4,100.0,44,12,0,0,,4,4,100.0,0,0,,0,0.0,0,0,0,0,0,09/28/20,Aston Villa,Fulham
238,John McGinn,7.0,sco SCO,CM,90,17,21,81.0,315,99,2,2,100.0,11,13,84.6,4,6,66.7,2,0.4,3,0,2,0,3,09/28/20,Aston Villa,Fulham
239,Douglas Luiz,6.0,br BRA,DM,86,13,24,54.2,271,68,0,4,0.0,9,13,69.2,4,7,57.1,0,0.0,0,1,0,0,1,09/28/20,Aston Villa,Fulham
240,Marvelous Nakamba,19.0,zw ZIM,DM,4,4,4,100.0,86,0,0,0,,3,3,100.0,1,1,100.0,0,0.0,0,0,0,0,0,09/28/20,Aston Villa,Fulham
241,Matt Targett,18.0,eng ENG,LB,90,45,57,78.9,1083,587,1,1,100.0,28,36,77.8,16,20,80.0,0,0.1,1,5,2,0,9,09/28/20,Aston Villa,Fulham
242,Tyrone Mings,5.0,eng ENG,CB,90,22,31,71.0,593,262,0,0,,9,9,100.0,13,22,59.1,0,0.0,0,2,0,0,2,09/28/20,Aston Villa,Fulham
243,Ezri Konsa Ngoyo,4.0,eng ENG,CB,90,14,18,77.8,366,30,0,1,0.0,6,6,100.0,8,11,72.7,0,0.0,0,0,0,0,0,09/28/20,Aston Villa,Fulham
244,Matthew Cash,2.0,eng ENG,RB,90,18,27,66.7,446,131,1,2,50.0,10,12,83.3,7,13,53.8,0,0.1,1,1,2,1,2,09/28/20,Aston Villa,Fulham
245,Emiliano MartÃ­nez,26.0,ar ARG,GK,90,22,40,55.0,896,628,0,0,,11,11,100.0,11,29,37.9,0,0.0,0,1,0,0,0,09/28/20,Aston Villa,Fulham
246,Roberto Firmino,9.0,br BRA,FW,89,34,44,77.3,482,113,0,2,0.0,31,37,83.8,3,5,60.0,0,0.2,2,5,0,0,4,09/28/20,Liverpool,Arsenal
247,Takumi Minamino,18.0,jp JPN,FW,1,0,1,0.0,0,0,0,0,,0,1,0.0,0,0,,0,0.0,0,0,0,0,0,09/28/20,Liverpool,Arsenal
248,Sadio Mane,10.0,sn SEN,LW,79,35,39,89.7,571,157,0,0,,30,34,88.2,5,5,100.0,0,0.1,2,1,2,0,7,09/28/20,Liverpool,Arsenal
249,Diogo Jota,20.0,pt POR,LW,11,6,7,85.7,112,9,0,0,,5,6,83.3,1,1,100.0,0,0.0,0,1,0,0,0,09/28/20,Liverpool,Arsenal
250,Mohamed Salah,11.0,eg EGY,RW,90,30,39,76.9,457,90,1,2,50.0,28,34,82.4,1,3,33.3,0,0.3,2,2,2,0,5,09/28/20,Liverpool,Arsenal
251,Georginio Wijnaldum,5.0,nl NED,CM,90,58,60,96.7,1061,277,1,2,50.0,48,49,98.0,9,9,100.0,0,0.1,1,5,2,0,5,09/28/20,Liverpool,Arsenal
252,Naby Keita,8.0,gn GUI,CM,78,40,43,93.0,601,148,1,1,100.0,35,37,94.6,4,5,80.0,0,0.1,1,4,2,0,5,09/28/20,Liverpool,Arsenal
253,James Milner,7.0,eng ENG,CM,12,9,9,100.0,115,31,0,0,,9,9,100.0,0,0,,0,0.0,0,0,0,0,0,09/28/20,Liverpool,Arsenal
254,Fabinho,3.0,br BRA,DM,90,68,70,97.1,1142,185,0,0,,59,60,98.3,9,10,90.0,0,0.0,1,4,1,1,6,09/28/20,Liverpool,Arsenal
255,Andrew Robertson,26.0,sco SCO,LB,90,92,114,80.7,1645,397,0,3,0.0,80,87,92.0,12,24,50.0,0,0.1,2,3,0,0,7,09/28/20,Liverpool,Arsenal
256,Virgil van Dijk,4.0,nl NED,CB,90,114,125,91.2,2909,889,0,0,,79,81,97.5,35,44,79.5,0,0.0,0,10,0,0,5,09/28/20,Liverpool,Arsenal
257,Joseph Gomez,12.0,eng ENG,CB,90,112,121,92.6,2521,603,0,2,0.0,76,79,96.2,36,40,90.0,0,0.0,1,7,0,0,5,09/28/20,Liverpool,Arsenal
258,Trent Alexander-Arnold,66.0,eng ENG,RB,90,71,93,76.3,1679,593,0,1,0.0,41,53,77.4,30,39,76.9,1,0.4,2,6,5,3,13,09/28/20,Liverpool,Arsenal
259,Alisson,1.0,br BRA,GK,90,35,41,85.4,920,550,1,1,100.0,19,19,100.0,15,21,71.4,0,0.0,0,0,0,0,0,09/28/20,Liverpool,Arsenal
260,Alexandre Lacazette,9.0,fr FRA,FW,72,11,13,84.6,223,13,0,0,,6,8,75.0,5,5,100.0,0,0.0,0,0,0,0,0,09/28/20,Arsenal,Liverpool
261,Eddie Nketiah,30.0,eng ENG,LW,18,1,1,100.0,9,0,0,0,,1,1,100.0,0,0,,0,0.0,0,0,0,0,0,09/28/20,Arsenal,Liverpool
262,Pierre-Emerick Aubameyang,14.0,ga GAB,"LW,FW",90,11,25,44.0,160,8,0,2,0.0,11,19,57.9,0,4,0.0,0,0.0,0,0,0,0,0,09/28/20,Arsenal,Liverpool
263,Willian,12.0,br BRA,RW,67,8,10,80.0,221,69,0,0,,5,6,83.3,3,4,75.0,0,0.4,1,2,0,0,2,09/28/20,Arsenal,Liverpool
264,Nicolas Pepe,19.0,ci CIV,RW,23,4,7,57.1,43,0,0,1,0.0,4,4,100.0,0,2,0.0,0,0.0,0,0,0,0,0,09/28/20,Arsenal,Liverpool
265,Granit Xhaka,34.0,ch SUI,DM,59,22,29,75.9,388,60,0,1,0.0,18,24,75.0,4,4,100.0,0,0.0,0,0,0,0,0,09/28/20,Arsenal,Liverpool
266,Dani Ceballos,8.0,es ESP,DM,31,12,16,75.0,258,107,0,1,0.0,7,8,87.5,5,7,71.4,0,0.4,1,2,0,0,1,09/28/20,Arsenal,Liverpool
267,Mohamed Elneny,25.0,eg EGY,DM,90,30,35,85.7,535,56,0,0,,26,27,96.3,4,8,50.0,0,0.0,0,0,0,0,1,09/28/20,Arsenal,Liverpool
268,Ainsley Maitland-Niles,15.0,eng ENG,WB,90,20,30,66.7,367,64,0,1,0.0,17,22,77.3,3,7,42.9,0,0.0,0,1,0,0,1,09/28/20,Arsenal,Liverpool
269,Hector Bellerin,2.0,es ESP,WB,90,31,41,75.6,490,137,4,6,66.7,23,29,79.3,4,6,66.7,0,0.0,0,1,1,0,1,09/28/20,Arsenal,Liverpool
270,Kieran Tierney,3.0,sco SCO,CB,90,39,54,72.2,757,290,0,0,,27,31,87.1,12,23,52.2,0,0.0,0,3,0,0,3,09/28/20,Arsenal,Liverpool
271,David Luiz,23.0,br BRA,CB,90,44,58,75.9,1166,408,0,2,0.0,27,30,90.0,17,26,65.4,0,0.0,0,4,1,0,1,09/28/20,Arsenal,Liverpool
272,Rob Holding,16.0,eng ENG,CB,90,32,45,71.1,698,163,0,0,,26,33,78.8,6,12,50.0,0,0.0,0,0,0,0,0,09/28/20,Arsenal,Liverpool
273,Bernd Leno,1.0,de GER,GK,90,34,38,89.5,592,190,3,3,100.0,24,24,100.0,7,11,63.6,0,0.0,0,0,0,0,0,09/28/20,Arsenal,Liverpool
274,Tammy Abraham,9.0,eng ENG,FW,90,11,17,64.7,177,14,2,4,50.0,7,11,63.6,2,2,100.0,0,0.0,1,2,0,0,0,10/03/20,Chelsea,Crystal Palace
275,Timo Werner,11.0,de GER,LW,90,32,43,74.4,560,124,1,5,20.0,26,33,78.8,5,5,100.0,0,0.0,0,3,1,0,3,10/03/20,Chelsea,Crystal Palace
276,Callum Hudson-Odoi,20.0,eng ENG,RW,82,37,43,86.0,635,99,0,1,0.0,29,31,93.5,8,11,72.7,0,0.1,2,2,1,1,3,10/03/20,Chelsea,Crystal Palace
277,Christian Pulisic,10.0,us USA,RW,8,3,7,42.9,63,45,0,0,,2,5,40.0,1,2,50.0,0,0.0,0,1,0,0,0,10/03/20,Chelsea,Crystal Palace
278,Kai Havertz,29.0,de GER,AM,90,42,51,82.4,644,82,3,4,75.0,33,40,82.5,6,7,85.7,0,0.2,3,4,1,0,4,10/03/20,Chelsea,Crystal Palace
279,Jorginho,5.0,it ITA,DM,90,63,68,92.6,1367,336,0,1,0.0,40,41,97.6,23,26,88.5,0,0.2,2,12,2,0,6,10/03/20,Chelsea,Crystal Palace
280,N'Golo Kante,7.0,fr FRA,DM,82,49,54,90.7,916,180,2,2,100.0,39,43,90.7,8,9,88.9,0,0.0,0,3,0,0,6,10/03/20,Chelsea,Crystal Palace
281,Mateo Kovacic,17.0,hr CRO,DM,8,11,11,100.0,279,75,0,0,,6,6,100.0,5,5,100.0,0,0.0,0,0,0,0,1,10/03/20,Chelsea,Crystal Palace
282,Ben Chilwell,21.0,eng ENG,LB,90,78,97,80.4,1507,368,1,4,25.0,62,68,91.2,15,25,60.0,1,0.3,3,5,3,1,8,10/03/20,Chelsea,Crystal Palace
283,Kurt Zouma,15.0,fr FRA,CB,90,98,103,95.1,2232,448,0,1,0.0,66,68,97.1,32,34,94.1,0,0.0,0,6,0,0,4,10/03/20,Chelsea,Crystal Palace
284,Thiago Silva,6.0,br BRA,CB,90,110,114,96.5,2590,622,0,0,,63,65,96.9,47,49,95.9,0,0.0,1,12,0,0,1,10/03/20,Chelsea,Crystal Palace
285,Cesar Azpilicueta,28.0,es ESP,RB,90,92,101,91.1,1687,518,1,1,100.0,76,81,93.8,15,19,78.9,0,0.0,1,8,0,0,6,10/03/20,Chelsea,Crystal Palace
286,Edouard Mendy,16.0,sn SEN,GK,90,23,25,92.0,499,241,0,0,,17,17,100.0,6,8,75.0,0,0.0,0,0,0,0,0,10/03/20,Chelsea,Crystal Palace
287,Jordan Ayew,9.0,gh GHA,FW,90,13,18,72.2,138,28,0,3,0.0,13,14,92.9,0,1,0.0,0,0.0,0,0,1,0,1,10/03/20,Crystal Palace,Chelsea
288,Wilfried Zaha,11.0,ci CIV,FW,90,12,14,85.7,183,28,2,2,100.0,8,9,88.9,2,3,66.7,0,0.0,1,1,0,0,1,10/03/20,Crystal Palace,Chelsea
289,Eberechi Eze,25.0,eng ENG,LM,90,23,28,82.1,315,83,3,5,60.0,18,20,90.0,2,3,66.7,0,0.0,0,1,0,0,3,10/03/20,Crystal Palace,Chelsea
290,James McCarthy,22.0,ie IRL,CM,66,13,20,65.0,225,8,0,2,0.0,11,15,73.3,2,3,66.7,0,0.0,0,0,0,0,0,10/03/20,Crystal Palace,Chelsea
291,Luka Milivojevic,4.0,rs SRB,CM,24,16,19,84.2,349,70,0,0,,13,16,81.3,3,3,100.0,0,0.0,0,2,0,0,3,10/03/20,Crystal Palace,Chelsea
292,James McArthur,18.0,sco SCO,CM,71,23,31,74.2,451,94,0,0,,18,22,81.8,5,9,55.6,0,0.1,2,1,0,0,3,10/03/20,Crystal Palace,Chelsea
293,Jairo Riedewald,44.0,nl NED,CM,19,10,10,100.0,203,71,0,0,,8,8,100.0,2,2,100.0,0,0.0,0,2,0,0,1,10/03/20,Crystal Palace,Chelsea
294,Andros Townsend,10.0,eng ENG,RM,90,19,31,61.3,423,198,1,3,33.3,12,15,80.0,6,13,46.2,0,0.0,1,2,4,1,10,10/03/20,Crystal Palace,Chelsea
295,Tyrick Mitchell,27.0,eng ENG,LB,90,23,30,76.7,344,265,0,1,0.0,20,25,80.0,3,4,75.0,0,0.0,0,1,1,0,2,10/03/20,Crystal Palace,Chelsea
296,Mamadou Sakho,12.0,fr FRA,CB,90,24,27,88.9,459,235,1,1,100.0,18,19,94.7,5,7,71.4,0,0.0,0,0,0,0,2,10/03/20,Crystal Palace,Chelsea
297,Cheikhou Kouyate,8.0,sn SEN,CB,90,18,26,69.2,321,77,0,1,0.0,13,18,72.2,5,7,71.4,0,0.0,0,0,0,0,1,10/03/20,Crystal Palace,Chelsea
298,Joel Ward,2.0,eng ENG,RB,90,31,48,64.6,417,184,3,4,75.0,24,33,72.7,4,11,36.4,0,0.0,0,2,0,0,2,10/03/20,Crystal Palace,Chelsea
299,Vicente Guaita,31.0,es ESP,GK,90,9,23,39.1,268,173,0,0,,6,6,100.0,3,17,17.6,0,0.0,0,0,0,0,0,10/03/20,Crystal Palace,Chelsea
300,Dominic Calvert-Lewin,9.0,eng ENG,FW,90,20,25,80.0,312,43,0,1,0.0,18,22,81.8,2,2,100.0,0,0.0,0,0,1,0,2,10/03/20,Everton,Brighton
301,Richarlison,7.0,br BRA,LW,24,4,5,80.0,87,0,0,0,,3,4,75.0,1,1,100.0,0,0.0,0,0,0,0,0,10/03/20,Everton,Brighton
302,Alex Iwobi,17.0,ng NGA,LW,66,17,20,85.0,279,83,1,2,50.0,14,16,87.5,2,2,100.0,1,0.4,1,1,2,0,3,10/03/20,Everton,Brighton
303,James Rodriguez,19.0,co COL,RW,77,46,50,92.0,891,281,2,3,66.7,32,32,100.0,12,15,80.0,1,0.2,2,5,1,0,7,10/03/20,Everton,Brighton
304,Theo Walcott,11.0,eng ENG,RW,13,1,1,100.0,18,10,0,0,,1,1,100.0,0,0,,0,0.0,0,0,0,0,0,10/03/20,Everton,Brighton
305,Gylfi Sigurdsson,10.0,is ISL,CM,90,29,38,76.3,523,120,1,2,50.0,22,27,81.5,6,9,66.7,1,0.3,2,2,1,1,2,10/03/20,Everton,Brighton
306,Abdoulaye Doucoure,16.0,fr FRA,CM,90,53,57,93.0,826,229,2,5,40.0,46,47,97.9,5,5,100.0,1,0.8,3,2,1,0,3,10/03/20,Everton,Brighton
307,Tom Davies,26.0,eng ENG,"DM,RB",90,44,54,81.5,772,243,1,4,25.0,36,38,94.7,7,12,58.3,0,0.0,0,2,2,1,4,10/03/20,Everton,Brighton
308,Lucas Digne,12.0,fr FRA,LB,90,48,59,81.4,898,353,1,2,50.0,37,43,86.0,10,14,71.4,0,0.1,1,4,2,2,8,10/03/20,Everton,Brighton
309,Michael Keane,5.0,eng ENG,CB,90,50,56,89.3,1185,290,0,0,,34,36,94.4,16,20,80.0,0,0.0,0,2,0,0,0,10/03/20,Everton,Brighton
310,Yerry Mina,13.0,co COL,CB,90,39,45,86.7,688,165,2,4,50.0,28,30,93.3,9,11,81.8,0,0.0,0,0,0,0,0,10/03/20,Everton,Brighton
311,Seamus Coleman,23.0,ie IRL,RB,57,30,33,90.9,427,223,0,0,,28,28,100.0,2,5,40.0,0,0.0,0,2,0,0,3,10/03/20,Everton,Brighton
312,Fabian Delph,8.0,eng ENG,DM,33,17,20,85.0,362,52,0,0,,11,12,91.7,6,8,75.0,0,0.0,0,1,0,0,2,10/03/20,Everton,Brighton
313,Jordan Pickford,1.0,eng ENG,GK,90,19,31,61.3,531,343,0,0,,13,13,100.0,6,18,33.3,0,0.0,1,0,0,0,0,10/03/20,Everton,Brighton
314,Aaron Connolly,7.0,ie IRL,FW,65,4,8,50.0,90,0,0,1,0.0,2,4,50.0,2,3,66.7,0,0.0,0,0,0,0,0,10/03/20,Brighton,Everton
315,Adam Lallana,14.0,eng ENG,"WB,FW",25,18,23,78.3,245,50,2,3,66.7,16,19,84.2,0,1,0.0,0,0.0,1,1,0,0,1,10/03/20,Brighton,Everton
316,Neal Maupay,9.0,fr FRA,"LW,FW",90,19,23,82.6,274,25,1,2,50.0,16,19,84.2,2,2,100.0,0,0.1,1,1,1,0,1,10/03/20,Brighton,Everton
317,Leandro Trossard,11.0,be BEL,"RW,LW",90,33,44,75.0,617,162,0,3,0.0,26,33,78.8,7,8,87.5,0,0.4,1,2,3,0,6,10/03/20,Brighton,Everton
318,Steven Alzate,17.0,co COL,DM,81,57,62,91.9,975,133,0,1,0.0,50,53,94.3,7,8,87.5,0,0.0,1,3,0,0,3,10/03/20,Brighton,Everton
319,Pascal Gross,13.0,de GER,DM,9,16,17,94.1,341,107,0,0,,12,12,100.0,4,5,80.0,0,0.0,0,3,0,0,3,10/03/20,Brighton,Everton
320,Yves Bissouma,8.0,ml MLI,DM,90,69,80,86.3,1513,184,0,1,0.0,49,55,89.1,20,24,83.3,0,0.0,0,8,2,0,6,10/03/20,Brighton,Everton
321,Solly March,20.0,eng ENG,"WB,RW",90,45,59,76.3,803,229,0,2,0.0,38,47,80.9,7,10,70.0,1,0.0,1,4,5,0,8,10/03/20,Brighton,Everton
322,Tariq Lamptey,2.0,eng ENG,WB,45,20,21,95.2,357,55,0,0,,16,16,100.0,4,5,80.0,0,0.1,1,0,1,1,2,10/03/20,Brighton,Everton
323,Joel Veltman,34.0,nl NED,WB,45,43,56,76.8,707,205,0,1,0.0,40,47,85.1,3,8,37.5,0,0.0,0,3,0,0,1,10/03/20,Brighton,Everton
324,Adam Webster,4.0,eng ENG,CB,90,63,75,84.0,1108,412,0,2,0.0,51,56,91.1,12,17,70.6,0,0.0,0,8,0,0,5,10/03/20,Brighton,Everton
325,Lewis Dunk,5.0,eng ENG,CB,90,55,61,90.2,1064,187,0,0,,42,43,97.7,13,18,72.2,0,0.0,0,2,0,0,1,10/03/20,Brighton,Everton
326,Ben White,3.0,eng ENG,CB,90,74,86,86.0,1565,562,2,3,66.7,51,58,87.9,21,25,84.0,0,0.0,0,8,1,0,7,10/03/20,Brighton,Everton
327,Mathew Ryan,1.0,au AUS,GK,90,24,26,92.3,633,273,0,0,,15,15,100.0,9,11,81.8,0,0.0,0,0,0,0,0,10/03/20,Brighton,Everton
328,Patrick Bamford,9.0,eng ENG,FW,90,8,11,72.7,114,18,0,0,,7,10,70.0,1,1,100.0,0,0.0,0,1,0,0,1,10/03/20,Leeds United,Manchester City
329,Ezgjan Alioski,10.0,mk MKD,LM,45,15,21,71.4,251,45,0,2,0.0,14,17,82.4,1,2,50.0,0,0.0,0,2,0,0,1,10/03/20,Leeds United,Manchester City
330,Ian Poveda-Ocampo,7.0,eng ENG,"LM,RM",45,12,14,85.7,184,111,1,1,100.0,10,11,90.9,1,2,50.0,0,0.1,1,2,2,0,4,10/03/20,Leeds United,Manchester City
331,Mateusz Klich,43.0,pl POL,CM,76,29,30,96.7,485,160,0,0,,25,25,100.0,4,5,80.0,0,0.1,2,4,0,0,3,10/03/20,Leeds United,Manchester City
332,Leif Davis,24.0,eng ENG,"LB,CM",14,5,6,83.3,96,52,0,0,,4,5,80.0,1,1,100.0,0,0.0,0,0,0,0,0,10/03/20,Leeds United,Manchester City
333,Tyler Roberts,11.0,wal WAL,CM,55,9,12,75.0,158,46,0,0,,7,9,77.8,2,3,66.7,0,0.3,1,1,2,0,4,10/03/20,Leeds United,Manchester City
334,Rodrigo,20.0,es ESP,CM,35,14,17,82.4,304,116,0,0,,11,12,91.7,3,5,60.0,0,0.3,2,1,1,0,5,10/03/20,Leeds United,Manchester City
335,Helder Costa,17.0,pt POR,"RM,LM",90,23,28,82.1,311,92,1,4,25.0,20,22,90.9,2,2,100.0,0,0.0,1,0,1,0,1,10/03/20,Leeds United,Manchester City
336,Kalvin Phillips,23.0,eng ENG,DM,90,34,45,75.6,628,208,0,2,0.0,27,29,93.1,7,14,50.0,0,0.0,0,2,0,0,3,10/03/20,Leeds United,Manchester City
337,Stuart Dallas,15.0,nir NIR,"LB,CM",90,42,56,75.0,798,349,0,0,,32,39,82.1,10,17,58.8,0,0.2,1,3,1,0,4,10/03/20,Leeds United,Manchester City
338,Liam Cooper,6.0,sco SCO,CB,90,52,58,89.7,1191,275,0,1,0.0,35,36,97.2,17,21,81.0,0,0.0,0,1,0,0,1,10/03/20,Leeds United,Manchester City
339,Robin Koch,5.0,de GER,CB,90,54,63,85.7,1095,284,0,0,,43,44,97.7,11,19,57.9,0,0.0,0,1,0,0,1,10/03/20,Leeds United,Manchester City
340,Luke Ayling,2.0,eng ENG,RB,90,34,47,72.3,593,241,0,1,0.0,28,36,77.8,6,10,60.0,0,0.1,1,3,1,1,7,10/03/20,Leeds United,Manchester City
341,Illan Meslier,1.0,fr FRA,GK,90,44,57,77.2,1180,613,0,0,,28,28,100.0,16,29,55.2,0,0.0,0,1,0,0,0,10/03/20,Leeds United,Manchester City
342,Riyad Mahrez,26.0,dz ALG,"FW,RW",76,33,39,84.6,546,180,1,1,100.0,28,30,93.3,4,8,50.0,0,0.3,2,4,1,0,5,10/03/20,Manchester City,Leeds United
343,Fernandinho,25.0,br BRA,"CM,RW",14,7,9,77.8,111,19,0,1,0.0,7,8,87.5,0,0,,0,0.0,0,0,0,0,0,10/03/20,Manchester City,Leeds United
344,Raheem Sterling,7.0,eng ENG,"LW,FW",90,23,28,82.1,327,100,0,0,,22,27,81.5,1,1,100.0,0,0.2,4,1,0,0,3,10/03/20,Manchester City,Leeds United
345,Ferran Torres,21.0,es ESP,RW,64,17,23,73.9,288,87,0,1,0.0,16,20,80.0,1,2,50.0,1,0.1,1,2,2,0,3,10/03/20,Manchester City,Leeds United
346,Bernardo Silva,20.0,pt POR,"RW,CM",26,14,17,82.4,293,93,1,2,50.0,8,10,80.0,5,5,100.0,0,0.1,2,3,2,0,4,10/03/20,Manchester City,Leeds United
347,Phil Foden,47.0,eng ENG,"CM,LW",90,27,37,73.0,447,112,0,2,0.0,23,27,85.2,4,8,50.0,0,0.1,2,3,2,0,6,10/03/20,Manchester City,Leeds United
348,Kevin De Bruyne,17.0,be BEL,"CM,AM",90,39,50,78.0,946,440,0,2,0.0,23,26,88.5,16,22,72.7,0,0.3,5,4,4,1,18,10/03/20,Manchester City,Leeds United
349,Rodrigo,16.0,es ESP,"DM,CM",90,42,45,93.3,786,288,1,2,50.0,32,34,94.1,9,9,100.0,0,0.0,0,8,1,0,4,10/03/20,Manchester City,Leeds United
350,Benjamin Mendy,22.0,fr FRA,LB,70,17,30,56.7,356,183,0,2,0.0,12,20,60.0,5,8,62.5,0,0.0,0,0,0,0,4,10/03/20,Manchester City,Leeds United
351,Nathan Ake,6.0,nl NED,LB,20,9,9,100.0,93,27,0,0,,9,9,100.0,0,0,,0,0.0,1,0,0,0,0,10/03/20,Manchester City,Leeds United
352,Aymeric Laporte,14.0,fr FRA,CB,90,28,34,82.4,577,195,0,1,0.0,19,21,90.5,9,12,75.0,0,0.0,0,2,0,0,0,10/03/20,Manchester City,Leeds United
353,Ruben Dias,3.0,pt POR,CB,90,28,34,82.4,667,214,1,3,33.3,16,19,84.2,11,12,91.7,0,0.0,0,3,0,0,3,10/03/20,Manchester City,Leeds United
354,Kyle Walker,2.0,eng ENG,RB,90,44,52,84.6,876,410,0,1,0.0,31,35,88.6,13,16,81.3,0,0.1,1,1,0,0,11,10/03/20,Manchester City,Leeds United
355,Ederson,31.0,br BRA,GK,90,24,30,80.0,624,415,0,0,,13,13,100.0,11,17,64.7,0,0.0,0,0,0,0,0,10/03/20,Manchester City,Leeds United
356,Callum Wilson,13.0,eng ENG,FW,90,8,11,72.7,121,32,0,1,0.0,7,8,87.5,1,2,50.0,1,0.1,1,0,1,0,1,10/03/20,Newcastle Utd,Burnley
357,Joelinton,9.0,br BRA,FW,89,35,45,77.8,554,133,2,4,50.0,27,34,79.4,6,7,85.7,0,0.0,1,4,0,0,4,10/03/20,Newcastle Utd,Burnley
358,Sean Longstaff,36.0,eng ENG,FW,1,0,0,,0,0,0,0,,0,0,,0,0,,0,0.0,0,0,0,0,0,10/03/20,Newcastle Utd,Burnley
359,Allan Saint-Maximin,10.0,fr FRA,LM,72,18,23,78.3,241,66,0,0,,17,21,81.0,1,2,50.0,1,0.8,3,0,2,1,4,10/03/20,Newcastle Utd,Burnley
360,Ryan Fraser,21.0,sco SCO,LM,18,8,12,66.7,121,41,1,1,100.0,7,9,77.8,0,2,0.0,0,0.0,0,0,0,0,0,10/03/20,Newcastle Utd,Burnley
361,Jeff Hendrick,16.0,ie IRL,RM,90,25,38,65.8,383,45,0,2,0.0,22,30,73.3,3,6,50.0,0,0.0,0,1,0,0,0,10/03/20,Newcastle Utd,Burnley
362,Isaac Hayden,14.0,eng ENG,DM,90,26,34,76.5,506,82,1,2,50.0,17,21,81.0,8,11,72.7,0,0.0,0,2,0,0,1,10/03/20,Newcastle Utd,Burnley
363,Jonjo Shelvey,8.0,eng ENG,DM,90,51,64,79.7,1213,296,1,1,100.0,31,38,81.6,19,25,76.0,0,0.1,1,1,3,1,5,10/03/20,Newcastle Utd,Burnley
364,Jamal Lewis,15.0,nir NIR,LB,90,32,44,72.7,655,306,0,1,0.0,22,28,78.6,10,15,66.7,0,0.0,0,3,0,0,2,10/03/20,Newcastle Utd,Burnley
365,Federico Fernandez,18.0,ar ARG,CB,90,33,46,71.7,892,115,0,1,0.0,16,23,69.6,17,22,77.3,0,0.0,0,0,0,0,0,10/03/20,Newcastle Utd,Burnley
366,Fabian Schar,5.0,ch SUI,CB,54,24,33,72.7,685,312,0,0,,11,14,78.6,13,19,68.4,0,0.0,0,4,0,0,0,10/03/20,Newcastle Utd,Burnley
367,Javier Manquillo,19.0,es ESP,RB,36,14,16,87.5,264,152,0,0,,11,12,91.7,3,4,75.0,0,0.0,0,1,0,0,4,10/03/20,Newcastle Utd,Burnley
368,Emil Krafth,17.0,se SWE,"RB,CB",90,40,51,78.4,619,230,3,5,60.0,31,40,77.5,6,6,100.0,0,0.0,1,1,1,1,4,10/03/20,Newcastle Utd,Burnley
369,Karl Darlow,26.0,eng ENG,GK,90,17,40,42.5,717,438,0,0,,5,5,100.0,12,35,34.3,0,0.0,0,0,0,0,0,10/03/20,Newcastle Utd,Burnley
370,Chris Wood,9.0,nz NZL,FW,90,14,23,60.9,177,17,1,3,33.3,13,20,65.0,0,0,,0,0.0,0,0,0,0,1,10/03/20,Burnley,Newcastle Utd
371,Ashley Barnes,10.0,at AUT,FW,76,10,19,52.6,146,37,0,2,0.0,9,13,69.2,1,4,25.0,0,0.0,1,0,2,1,2,10/03/20,Burnley,Newcastle Utd
372,Matej Vydra,27.0,cz CZE,FW,14,1,2,50.0,13,9,0,0,,1,2,50.0,0,0,,0,0.0,0,0,0,0,0,10/03/20,Burnley,Newcastle Utd
373,Dwight McNeil,11.0,eng ENG,LM,90,44,56,78.6,1000,336,0,0,,26,32,81.3,18,24,75.0,0,0.2,3,5,2,2,11,10/03/20,Burnley,Newcastle Utd
374,Dale Stephens,16.0,eng ENG,CM,67,28,33,84.8,501,182,2,4,50.0,18,19,94.7,8,10,80.0,0,0.0,0,3,2,0,4,10/03/20,Burnley,Newcastle Utd
375,Johann Gudmundsson,7.0,is ISL,RM,23,14,15,93.3,235,34,0,0,,11,12,91.7,3,3,100.0,0,0.0,0,1,0,0,2,10/03/20,Burnley,Newcastle Utd
376,Ashley Westwood,18.0,eng ENG,CM,90,50,73,68.5,1110,407,0,2,0.0,32,38,84.2,18,33,54.5,0,0.0,0,7,2,0,9,10/03/20,Burnley,Newcastle Utd
377,Josh Brownhill,8.0,eng ENG,"RM,CM",90,42,50,84.0,576,159,1,2,50.0,38,43,88.4,3,5,60.0,0,0.1,2,1,1,0,4,10/03/20,Burnley,Newcastle Utd
378,Charlie Taylor,3.0,eng ENG,LB,90,45,65,69.2,734,231,0,1,0.0,42,52,80.8,3,12,25.0,0,0.0,0,2,1,0,3,10/03/20,Burnley,Newcastle Utd
379,James Tarkowski,5.0,eng ENG,CB,90,30,46,65.2,675,142,0,0,,19,28,67.9,11,18,61.1,0,0.1,1,1,0,0,0,10/03/20,Burnley,Newcastle Utd
380,Kevin Long,28.0,ie IRL,CB,90,26,33,78.8,569,290,1,1,100.0,18,21,85.7,7,11,63.6,0,0.0,0,2,1,0,4,10/03/20,Burnley,Newcastle Utd
381,Phil Bardsley,26.0,sco SCO,RB,90,41,57,71.9,727,358,0,0,,33,39,84.6,8,18,44.4,0,0.0,0,1,2,0,4,10/03/20,Burnley,Newcastle Utd
382,Nick Pope,1.0,eng ENG,GK,90,17,30,56.7,610,474,0,1,0.0,7,7,100.0,10,22,45.5,0,0.0,0,0,0,0,0,10/03/20,Burnley,Newcastle Utd
383,Jamie Vardy,9.0,eng ENG,FW,90,13,20,65.0,199,28,0,2,0.0,11,16,68.8,2,2,100.0,0,0.0,0,1,0,0,0,10/04/20,Leicester City,West Ham
384,Harvey Barnes,15.0,eng ENG,LW,90,24,31,77.4,329,73,1,2,50.0,21,27,77.8,2,2,100.0,0,0.0,0,2,2,0,4,10/04/20,Leicester City,West Ham
385,Ayoze Perez,17.0,es ESP,RW,63,15,25,60.0,221,54,0,1,0.0,15,17,88.2,0,7,0.0,0,0.0,0,0,2,0,3,10/04/20,Leicester City,West Ham
386,Kelechi Iheanacho,14.0,ng NGA,RW,27,12,14,85.7,157,52,1,1,100.0,9,10,90.0,2,3,66.7,0,0.3,1,3,0,0,1,10/04/20,Leicester City,West Ham
387,Nampalys Mendy,24.0,fr FRA,DM,88,89,97,91.8,1576,306,2,3,66.7,71,75,94.7,16,19,84.2,0,0.0,0,10,0,0,5,10/04/20,Leicester City,West Ham
388,Hamza Choudhury,20.0,eng ENG,DM,2,8,9,88.9,116,44,0,0,,8,8,100.0,0,1,0.0,0,0.0,0,1,0,0,0,10/04/20,Leicester City,West Ham
389,Youri Tielemans,8.0,be BEL,"DM,CM",90,87,111,78.4,1697,397,1,1,100.0,68,75,90.7,18,35,51.4,0,0.0,0,9,2,1,13,10/04/20,Leicester City,West Ham
390,James Justin,2.0,eng ENG,"WB,LB",90,51,64,79.7,921,276,1,2,50.0,42,50,84.0,8,12,66.7,0,0.0,0,4,0,0,5,10/04/20,Leicester City,West Ham
391,Timothy Castagne,27.0,be BEL,"WB,RB",90,68,83,81.9,1085,325,0,6,0.0,62,69,89.9,6,8,75.0,0,0.0,1,5,1,1,11,10/04/20,Leicester City,West Ham
392,Caglar Soyuncu,4.0,tr TUR,CB,90,80,88,90.9,1567,573,1,1,100.0,57,64,89.1,22,23,95.7,0,0.0,0,4,0,0,5,10/04/20,Leicester City,West Ham
393,Jonny Evans,6.0,nir NIR,CB,90,71,82,86.6,1463,407,0,1,0.0,47,53,88.7,24,28,85.7,0,0.0,0,3,0,0,1,10/04/20,Leicester City,West Ham
394,Daniel Amartey,18.0,gh GHA,CB,54,43,47,91.5,775,233,1,2,50.0,36,37,97.3,6,8,75.0,0,0.0,0,0,0,0,3,10/04/20,Leicester City,West Ham
395,Cengiz Ãnder,19.0,tr TUR,CM,36,11,18,61.1,142,29,0,3,0.0,11,13,84.6,0,2,0.0,0,0.0,0,0,0,0,0,10/04/20,Leicester City,West Ham
396,Kasper Schmeichel,1.0,dk DEN,GK,90,26,33,78.8,701,400,1,1,100.0,12,12,100.0,13,20,65.0,0,0.0,0,0,0,0,0,10/04/20,Leicester City,West Ham
397,Michail Antonio,30.0,eng ENG,FW,87,11,18,61.1,225,26,1,3,33.3,7,12,58.3,3,3,100.0,0,0.2,2,1,0,0,0,10/04/20,West Ham,Leicester City
398,Sebastien Haller,22.0,fr FRA,FW,3,2,4,50.0,20,6,0,1,0.0,2,3,66.7,0,0,,0,0.0,0,1,0,0,0,10/04/20,West Ham,Leicester City
399,Pablo Fornals,18.0,es ESP,CM,90,21,26,80.8,401,162,0,2,0.0,14,17,82.4,7,7,100.0,1,0.6,3,5,1,0,6,10/04/20,West Ham,Leicester City
400,Jarrod Bowen,20.0,eng ENG,CM,87,15,25,60.0,310,106,0,0,,11,18,61.1,4,7,57.1,0,0.0,0,0,1,1,4,10/04/20,West Ham,Leicester City
401,Mark Noble,16.0,eng ENG,CM,3,1,1,100.0,20,0,0,0,,1,1,100.0,0,0,,0,0.0,0,0,0,0,0,10/04/20,West Ham,Leicester City
402,Declan Rice,41.0,eng ENG,DM,90,29,32,90.6,422,108,0,1,0.0,24,24,100.0,5,7,71.4,0,0.0,1,2,1,0,3,10/04/20,West Ham,Leicester City
403,Tomas Soucek,28.0,cz CZE,DM,90,17,28,60.7,357,24,0,1,0.0,12,20,60.0,5,7,71.4,0,0.0,0,0,0,0,0,10/04/20,West Ham,Leicester City
404,Arthur Masuaku,26.0,cd COD,WB,90,24,29,82.8,485,158,0,1,0.0,20,22,90.9,4,6,66.7,0,0.0,0,1,0,0,0,10/04/20,West Ham,Leicester City
405,VladimÃ­r Coufal,5.0,cz CZE,WB,90,18,34,52.9,372,211,0,0,,13,20,65.0,5,14,35.7,0,0.1,2,2,2,0,4,10/04/20,West Ham,Leicester City
406,Aaron Cresswell,3.0,eng ENG,CB,90,37,49,75.5,894,505,0,1,0.0,25,28,89.3,12,20,60.0,2,0.6,4,3,1,1,6,10/04/20,West Ham,Leicester City
407,Angelo Ogbonna,21.0,it ITA,CB,90,19,24,79.2,434,178,0,0,,9,13,69.2,10,11,90.9,0,0.0,0,1,0,0,1,10/04/20,West Ham,Leicester City
408,Fabian Balbuena,4.0,py PAR,CB,90,19,27,70.4,423,154,0,0,,12,13,92.3,7,14,50.0,0,0.0,0,0,0,0,2,10/04/20,West Ham,Leicester City
409,Åukasz FabiaÅski,1.0,pl POL,GK,90,16,31,51.6,724,547,0,0,,1,2,50.0,15,29,51.7,0,0.0,0,0,0,0,0,10/04/20,West Ham,Leicester City
410,Danny Ings,9.0,eng ENG,FW,90,17,29,58.6,239,80,1,3,33.3,15,20,75.0,1,6,16.7,0,0.2,2,2,2,0,4,10/04/20,Southampton,West Brom
411,Che Adams,10.0,eng ENG,FW,83,15,21,71.4,197,36,0,3,0.0,13,16,81.3,2,2,100.0,0,0.0,0,1,1,0,2,10/04/20,Southampton,West Brom
412,Shane Long,7.0,ie IRL,FW,7,0,4,0.0,0,0,0,2,0.0,0,2,0.0,0,0,,0,0.0,0,0,0,0,0,10/04/20,Southampton,West Brom
413,Moussa Djenepo,12.0,ml MLI,LM,54,11,14,78.6,153,11,0,0,,10,12,83.3,1,2,50.0,0,0.0,0,1,0,0,0,10/04/20,Southampton,West Brom
414,Nathan Redmond,11.0,eng ENG,LM,36,9,10,90.0,111,40,0,0,,7,8,87.5,2,2,100.0,0,0.0,0,0,0,0,1,10/04/20,Southampton,West Brom
415,Stuart Armstrong,17.0,sco SCO,RM,90,31,39,79.5,456,119,0,3,0.0,26,31,83.9,5,5,100.0,1,0.2,2,3,3,1,7,10/04/20,Southampton,West Brom
416,Oriol Romeu,6.0,es ESP,DM,90,54,66,81.8,959,106,1,3,33.3,43,48,89.6,10,15,66.7,0,0.0,1,3,0,0,3,10/04/20,Southampton,West Brom
417,James Ward-Prowse,8.0,eng ENG,DM,90,49,68,72.1,801,238,0,2,0.0,43,48,89.6,6,18,33.3,0,0.4,3,0,0,0,4,10/04/20,Southampton,West Brom
418,Ryan Bertrand,3.0,eng ENG,LB,90,52,69,75.4,810,326,1,5,20.0,43,50,86.0,8,14,57.1,0,0.0,0,3,1,0,9,10/04/20,Southampton,West Brom
419,Jannik Vestergaard,4.0,dk DEN,CB,90,52,61,85.2,1034,255,0,1,0.0,40,43,93.0,12,17,70.6,0,0.0,0,5,0,0,3,10/04/20,Southampton,West Brom
420,Jan Bednarek,35.0,pl POL,CB,90,55,60,91.7,1090,464,1,1,100.0,43,44,97.7,11,15,73.3,0,0.0,0,4,0,0,9,10/04/20,Southampton,West Brom
421,Kyle Walker-Peters,2.0,eng ENG,RB,90,61,75,81.3,1041,360,2,4,50.0,45,54,83.3,14,17,82.4,0,0.0,0,3,0,0,10,10/04/20,Southampton,West Brom
422,Alex McCarthy,1.0,eng ENG,GK,90,34,49,69.4,1022,640,0,0,,19,19,100.0,15,30,50.0,0,0.0,0,0,0,0,0,10/04/20,Southampton,West Brom
423,Callum Robinson,7.0,ie IRL,FW,59,5,10,50.0,52,5,0,1,0.0,5,8,62.5,0,1,0.0,0,0.0,0,0,0,0,0,10/04/20,West Brom,Southampton
424,Hal Robson-Kanu,4.0,wal WAL,FW,31,0,1,0.0,0,0,0,0,,0,0,,0,1,0.0,0,0.0,0,0,0,0,0,10/04/20,West Brom,Southampton
425,Grady Diangana,11.0,eng ENG,LW,90,14,19,73.7,150,61,0,1,0.0,14,16,87.5,0,2,0.0,0,0.0,0,0,0,0,3,10/04/20,West Brom,Southampton
426,Kyle Edwards,21.0,eng ENG,RW,45,9,10,90.0,113,14,0,1,0.0,9,9,100.0,0,0,,0,0.0,0,0,0,0,1,10/04/20,West Brom,Southampton
427,Sam Field,28.0,eng ENG,DM,45,14,22,63.6,211,41,0,1,0.0,12,17,70.6,2,4,50.0,0,0.0,0,1,0,0,2,10/04/20,West Brom,Southampton
428,Matheus Pereira,12.0,br BRA,"RW,AM",90,21,34,61.8,411,145,1,3,33.3,14,20,70.0,6,11,54.5,0,0.0,1,1,0,0,4,10/04/20,West Brom,Southampton
429,Romaine Sawyers,19.0,kn SKN,DM,63,24,26,92.3,474,110,0,0,,18,19,94.7,6,7,85.7,0,0.0,1,1,0,0,1,10/04/20,West Brom,Southampton
430,Filip KrovinoviÄ,17.0,hr CRO,DM,27,8,8,100.0,139,23,0,0,,7,7,100.0,1,1,100.0,0,0.0,0,1,0,0,1,10/04/20,West Brom,Southampton
431,Jake Livermore,8.0,eng ENG,"DM,AM",90,20,23,87.0,334,113,0,0,,16,17,94.1,4,6,66.7,0,0.0,0,3,0,0,4,10/04/20,West Brom,Southampton
432,Conor Townsend,14.0,eng ENG,LB,90,36,51,70.6,616,323,0,2,0.0,30,37,81.1,6,12,50.0,0,0.0,0,3,0,0,7,10/04/20,West Brom,Southampton
433,Kyle Bartley,5.0,eng ENG,CB,90,21,32,65.6,440,111,0,1,0.0,14,18,77.8,7,13,53.8,0,0.0,0,1,0,0,0,10/04/20,West Brom,Southampton
434,Semi Ajayi,6.0,ng NGA,CB,90,25,33,75.8,563,176,0,0,,17,18,94.4,8,15,53.3,0,0.0,0,0,0,0,1,10/04/20,West Brom,Southampton
435,Dara O'Shea,27.0,ie IRL,RB,90,27,49,55.1,460,248,1,2,50.0,20,33,60.6,6,14,42.9,0,0.0,1,4,0,0,5,10/04/20,West Brom,Southampton
436,Sam Johnstone,1.0,eng ENG,GK,90,21,32,65.6,920,562,0,1,0.0,5,6,83.3,16,25,64.0,0,0.0,0,0,0,0,0,10/04/20,West Brom,Southampton
437,Eddie Nketiah,30.0,eng ENG,FW,57,9,12,75.0,141,19,0,0,,7,10,70.0,2,2,100.0,0,0.0,0,0,0,0,0,10/04/20,Arsenal,Sheffield Utd
438,Nicolas Pepe,19.0,ci CIV,RW,33,8,11,72.7,132,35,1,2,50.0,6,7,85.7,1,2,50.0,0,0.0,0,0,0,0,2,10/04/20,Arsenal,Sheffield Utd
439,Pierre-Emerick Aubameyang,14.0,ga GAB,"LW,FW",90,26,33,78.8,456,146,0,1,0.0,22,25,88.0,4,7,57.1,0,0.0,0,2,0,0,8,10/04/20,Arsenal,Sheffield Utd
440,Willian,12.0,br BRA,"RW,CM,LW",90,52,62,83.9,966,122,1,3,33.3,39,45,86.7,12,14,85.7,0,0.0,0,2,1,0,1,10/04/20,Arsenal,Sheffield Utd
441,Bukayo Saka,7.0,eng ENG,"CM,LW",86,29,36,80.6,461,70,0,0,,25,31,80.6,4,5,80.0,0,0.0,0,3,0,0,0,10/04/20,Arsenal,Sheffield Utd
442,Ainsley Maitland-Niles,15.0,eng ENG,CM,4,0,0,,0,0,0,0,,0,0,,0,0,,0,0.0,0,0,0,0,0,10/04/20,Arsenal,Sheffield Utd
443,Mohamed Elneny,25.0,eg EGY,CM,90,83,86,96.5,1618,352,0,0,,64,66,97.0,19,20,95.0,0,0.0,1,7,2,0,3,10/04/20,Arsenal,Sheffield Utd
444,Dani Ceballos,8.0,es ESP,DM,80,78,87,89.7,1718,217,0,2,0.0,51,54,94.4,27,31,87.1,0,0.1,2,6,0,0,5,10/04/20,Arsenal,Sheffield Utd
445,Granit Xhaka,34.0,ch SUI,DM,10,3,5,60.0,24,7,0,0,,3,3,100.0,0,2,0.0,0,0.0,0,0,0,0,0,10/04/20,Arsenal,Sheffield Utd
446,Kieran Tierney,3.0,sco SCO,LB,90,76,92,82.6,1290,300,0,3,0.0,62,68,91.2,14,21,66.7,0,0.0,1,4,1,0,6,10/04/20,Arsenal,Sheffield Utd
447,Gabriel Magalhaes,6.0,br BRA,CB,90,90,98,91.8,2077,576,1,4,25.0,54,56,96.4,35,38,92.1,0,0.0,0,12,0,0,1,10/04/20,Arsenal,Sheffield Utd
448,David Luiz,23.0,br BRA,CB,90,79,93,84.9,1862,401,0,2,0.0,47,50,94.0,32,41,78.0,0,0.0,0,2,0,0,1,10/04/20,Arsenal,Sheffield Utd
449,Hector Bellerin,2.0,es ESP,RB,90,59,68,86.8,991,229,1,3,33.3,49,54,90.7,9,11,81.8,2,0.2,2,3,0,0,5,10/04/20,Arsenal,Sheffield Utd
450,Bernd Leno,1.0,de GER,GK,90,39,47,83.0,880,313,1,1,100.0,23,23,100.0,15,23,65.2,0,0.0,0,0,0,0,0,10/04/20,Arsenal,Sheffield Utd
451,David McGoldrick,17.0,ie IRL,"FW,RW",90,25,33,75.8,390,85,1,2,50.0,22,26,84.6,2,5,40.0,0,0.0,0,3,0,0,2,10/04/20,Sheffield Utd,Arsenal
452,Oliver Burke,14.0,sco SCO,FW,55,6,11,54.5,57,9,1,3,33.3,5,8,62.5,0,0,,0,0.0,0,1,0,0,0,10/04/20,Sheffield Utd,Arsenal
453,Oliver McBurnie,9.0,sco SCO,FW,35,5,8,62.5,54,15,0,1,0.0,5,7,71.4,0,0,,0,0.0,0,0,0,0,0,10/04/20,Sheffield Utd,Arsenal
454,Ben Osborn,23.0,eng ENG,CM,62,15,22,68.2,276,140,0,1,0.0,11,14,78.6,4,7,57.1,0,0.0,1,2,2,1,4,10/04/20,Sheffield Utd,Arsenal
455,John Fleck,4.0,sco SCO,"CM,AM",28,10,14,71.4,136,46,0,0,,9,10,90.0,1,4,25.0,0,0.0,1,2,0,0,2,10/04/20,Sheffield Utd,Arsenal
456,John Lundstram,7.0,eng ENG,"CM,DM",90,39,46,84.8,654,141,2,3,66.7,32,36,88.9,5,7,71.4,0,0.0,1,3,0,0,3,10/04/20,Sheffield Utd,Arsenal
457,Sander Berge,8.0,no NOR,DM,90,46,53,86.8,844,249,1,1,100.0,35,40,87.5,10,12,83.3,0,0.0,0,2,0,0,5,10/04/20,Sheffield Utd,Arsenal
458,Enda Stevens,3.0,ie IRL,"WB,LB",90,40,51,78.4,563,179,0,1,0.0,37,43,86.0,3,7,42.9,0,0.0,0,4,1,0,2,10/04/20,Sheffield Utd,Arsenal
459,George Baldock,2.0,eng ENG,"WB,RB",90,24,32,75.0,282,45,1,5,20.0,22,24,91.7,1,3,33.3,1,0.1,1,0,1,0,1,10/04/20,Sheffield Utd,Arsenal
460,Jack Robinson,19.0,eng ENG,CB,90,47,56,83.9,907,285,0,1,0.0,35,37,94.6,12,18,66.7,0,0.0,0,4,0,0,5,10/04/20,Sheffield Utd,Arsenal
461,John Egan,12.0,ie IRL,CB,90,27,28,96.4,501,150,0,0,,22,22,100.0,5,6,83.3,0,0.0,0,0,0,0,2,10/04/20,Sheffield Utd,Arsenal
462,Chris Basham,6.0,eng ENG,CB,75,22,30,73.3,410,128,0,1,0.0,17,22,77.3,5,7,71.4,0,0.0,0,2,0,0,1,10/04/20,Sheffield Utd,Arsenal
463,Billy Sharp,10.0,eng ENG,"LW,CB",15,3,6,50.0,23,1,1,3,33.3,2,3,66.7,0,0,,0,0.0,0,0,0,0,0,10/04/20,Sheffield Utd,Arsenal
464,Aaron Ramsdale,1.0,eng ENG,GK,90,13,30,43.3,475,391,0,0,,7,7,100.0,6,23,26.1,0,0.0,0,1,0,0,0,10/04/20,Sheffield Utd,Arsenal
465,Daniel Podence,10.0,pt POR,FW,70,19,26,73.1,259,61,2,4,50.0,15,18,83.3,2,4,50.0,0,0.0,0,2,0,0,2,10/04/20,Wolves,Fulham
466,Joao Moutinho,28.0,pt POR,FW,20,6,9,66.7,116,23,0,0,,5,6,83.3,1,3,33.3,0,0.0,0,1,0,0,0,10/04/20,Wolves,Fulham
467,Raul Jimenez,9.0,mx MEX,FW,90,17,23,73.9,249,19,1,1,100.0,13,18,72.2,3,4,75.0,0,0.0,0,1,1,0,1,10/04/20,Wolves,Fulham
468,Pedro Neto,7.0,pt POR,CM,81,34,41,82.9,604,106,0,1,0.0,28,30,93.3,6,10,60.0,0,0.1,2,2,1,1,5,10/04/20,Wolves,Fulham
469,Adama Traore,37.0,es ESP,CM,9,0,1,0.0,0,0,0,0,,0,1,0.0,0,0,,0,0.0,0,0,0,0,0,10/04/20,Wolves,Fulham
470,Leander Dendoncker,32.0,be BEL,CM,90,36,41,87.8,498,98,1,4,25.0,31,33,93.9,4,4,100.0,0,0.1,3,1,0,0,4,10/04/20,Wolves,Fulham
471,Ruben Neves,8.0,pt POR,DM,90,48,58,82.8,1259,318,0,1,0.0,26,28,92.9,22,29,75.9,0,0.0,0,4,1,0,6,10/04/20,Wolves,Fulham
472,Romain Saiss,27.0,ma MAR,WB,90,46,58,79.3,862,249,0,4,0.0,37,39,94.9,9,15,60.0,0,0.0,0,4,1,1,8,10/04/20,Wolves,Fulham
473,Nelson Semedo,22.0,pt POR,WB,77,48,53,90.6,739,115,1,1,100.0,42,45,93.3,5,7,71.4,0,0.0,0,0,2,1,3,10/04/20,Wolves,Fulham
474,Ki-Jana Hoever,2.0,nl NED,WB,13,2,5,40.0,38,29,0,1,0.0,1,3,33.3,1,1,100.0,0,0.0,0,0,0,0,0,10/04/20,Wolves,Fulham
475,Maximilian Kilman,49.0,eng ENG,CB,90,55,60,91.7,1065,337,0,1,0.0,43,45,95.6,12,14,85.7,0,0.3,1,8,0,0,5,10/04/20,Wolves,Fulham
476,Conor Coady,16.0,eng ENG,CB,90,58,64,90.6,1552,574,0,0,,31,32,96.9,27,32,84.4,0,0.0,0,6,0,0,3,10/04/20,Wolves,Fulham
477,Willy Boly,15.0,fr FRA,CB,90,48,56,85.7,829,186,0,1,0.0,40,44,90.9,8,11,72.7,0,0.0,0,2,0,0,1,10/04/20,Wolves,Fulham
478,Rui PatrÃ­cio,11.0,pt POR,GK,90,15,23,65.2,379,263,0,0,,9,9,100.0,6,14,42.9,0,0.0,0,0,0,0,0,10/04/20,Wolves,Fulham
479,Aleksandar Mitrovic,9.0,rs SRB,FW,90,15,17,88.2,178,31,2,2,100.0,12,14,85.7,1,1,100.0,0,0.4,2,0,0,0,1,10/04/20,Fulham,Wolves
480,Joe Bryan,23.0,eng ENG,LW,66,14,21,66.7,257,142,0,0,,11,13,84.6,3,8,37.5,0,0.1,1,1,2,1,5,10/04/20,Fulham,Wolves
481,Aboubakar Kamara,47.0,fr FRA,"RW,LW",24,7,13,53.8,97,18,0,2,0.0,7,7,100.0,0,4,0.0,0,0.0,0,1,0,0,1,10/04/20,Fulham,Wolves
482,Ivan Cavaleiro,17.0,pt POR,RW,66,13,20,65.0,190,5,0,1,0.0,13,16,81.3,0,3,0.0,0,0.0,0,0,0,0,0,10/04/20,Fulham,Wolves
483,Ademola Lookman,19.0,eng ENG,"LW,RW",24,17,20,85.0,223,78,1,1,100.0,15,17,88.2,1,2,50.0,0,0.1,1,2,0,0,2,10/04/20,Fulham,Wolves
484,Bobby De Cordova-Reid,14.0,jm JAM,AM,80,25,31,80.6,440,22,1,2,50.0,20,23,87.0,4,6,66.7,0,0.0,0,0,0,0,0,10/04/20,Fulham,Wolves
485,Neeskens Kebano,7.0,cd COD,AM,10,2,2,100.0,27,5,0,0,,2,2,100.0,0,0,,0,0.0,0,0,0,0,0,10/04/20,Fulham,Wolves
486,Andre-Frank Zambo Anguissa,29.0,cm CMR,CM,90,56,60,93.3,997,245,0,1,0.0,50,52,96.2,6,7,85.7,0,0.1,1,4,0,0,7,10/04/20,Fulham,Wolves
487,Tom Cairney,10.0,sco SCO,CM,90,80,88,90.9,1840,180,0,2,0.0,50,52,96.2,30,34,88.2,0,0.0,0,8,1,0,2,10/04/20,Fulham,Wolves
488,Antonee Robinson,33.0,us USA,LB,90,57,69,82.6,923,294,1,1,100.0,49,54,90.7,7,14,50.0,0,0.0,1,0,2,1,6,10/04/20,Fulham,Wolves
489,Maxime Le Marchand,20.0,fr FRA,CB,90,56,58,96.6,1361,418,1,1,100.0,36,36,100.0,19,21,90.5,0,0.0,0,2,1,0,4,10/04/20,Fulham,Wolves
490,Tim Ream,13.0,us USA,CB,90,52,56,92.9,1256,340,0,0,,30,32,93.8,22,24,91.7,0,0.0,0,1,0,0,1,10/04/20,Fulham,Wolves
491,Ola Aina,34.0,ng NGA,RB,90,67,88,76.1,1043,413,0,2,0.0,60,64,93.8,7,22,31.8,0,0.0,1,9,1,0,12,10/04/20,Fulham,Wolves
492,Alphonse Areola,1.0,fr FRA,GK,90,21,24,87.5,624,266,0,0,,8,8,100.0,13,16,81.3,0,0.0,0,0,0,0,0,10/04/20,Fulham,Wolves
493,Anthony Martial,9.0,fr FRA,FW,27,7,11,63.6,91,12,0,1,0.0,6,9,66.7,1,1,100.0,0,0.0,0,0,1,0,1,10/04/20,Manchester Utd,Tottenham
494,Marcus Rashford,10.0,eng ENG,LW,90,23,29,79.3,397,25,0,2,0.0,18,20,90.0,5,7,71.4,0,0.0,1,0,1,0,2,10/04/20,Manchester Utd,Tottenham
495,Mason Greenwood,11.0,eng ENG,RW,67,15,19,78.9,223,45,0,1,0.0,12,13,92.3,3,5,60.0,0,0.0,0,0,0,0,0,10/04/20,Manchester Utd,Tottenham
496,Donny van de Beek,34.0,nl NED,RW,23,9,10,90.0,125,5,0,0,,9,10,90.0,0,0,,0,0.0,0,0,0,0,0,10/04/20,Manchester Utd,Tottenham
497,Bruno Fernandes,18.0,pt POR,AM,45,18,28,64.3,342,92,1,3,33.3,12,14,85.7,5,11,45.5,0,0.0,1,2,1,0,4,10/04/20,Manchester Utd,Tottenham
498,Fred,17.0,br BRA,AM,45,21,26,80.8,371,120,1,2,50.0,16,20,80.0,4,4,100.0,0,0.0,0,1,0,0,2,10/04/20,Manchester Utd,Tottenham
499,Paul Pogba,6.0,fr FRA,CM,90,42,51,82.4,739,153,0,2,0.0,34,35,97.1,8,14,57.1,0,0.0,0,3,1,0,3,10/04/20,Manchester Utd,Tottenham
500,Nemanja Matic,31.0,rs SRB,CM,45,30,34,88.2,538,198,0,1,0.0,23,25,92.0,7,8,87.5,0,0.0,0,2,0,0,5,10/04/20,Manchester Utd,Tottenham
501,Scott McTominay,39.0,sco SCO,CM,45,22,23,95.7,489,121,0,0,,15,16,93.8,7,7,100.0,0,0.0,0,1,1,0,2,10/04/20,Manchester Utd,Tottenham
502,Luke Shaw,23.0,eng ENG,LB,90,33,43,76.7,493,200,0,1,0.0,32,35,91.4,1,7,14.3,0,0.1,1,1,0,0,6,10/04/20,Manchester Utd,Tottenham
503,Harry Maguire,5.0,eng ENG,CB,90,42,51,82.4,884,247,1,2,50.0,26,30,86.7,15,19,78.9,0,0.0,0,2,0,0,1,10/04/20,Manchester Utd,Tottenham
504,Eric Bailly,3.0,ci CIV,CB,90,29,33,87.9,519,157,0,0,,24,28,85.7,5,5,100.0,0,0.0,0,0,0,0,1,10/04/20,Manchester Utd,Tottenham
505,Aaron Wan-Bissaka,29.0,eng ENG,RB,90,42,48,87.5,593,274,0,3,0.0,41,43,95.3,1,2,50.0,0,0.0,0,1,0,0,3,10/04/20,Manchester Utd,Tottenham
506,David de Gea,1.0,es ESP,GK,90,20,21,95.2,542,367,0,0,,12,12,100.0,8,9,88.9,0,0.0,0,0,0,0,0,10/04/20,Manchester Utd,Tottenham
507,Harry Kane,10.0,eng ENG,FW,90,21,28,75.0,490,188,0,0,,13,18,72.2,8,10,80.0,1,0.5,3,3,1,0,9,10/04/20,Tottenham,Manchester Utd
508,Son Heung-Min,7.0,kr KOR,LW,72,34,35,97.1,516,136,0,0,,30,31,96.8,4,4,100.0,1,0.8,5,1,0,0,5,10/04/20,Tottenham,Manchester Utd
509,Ben Davies,33.0,wal WAL,"LB,LW",18,22,24,91.7,397,144,0,1,0.0,19,19,100.0,3,4,75.0,0,0.0,0,2,0,0,3,10/04/20,Tottenham,Manchester Utd
510,Erik Lamela,11.0,ar ARG,RW,45,13,18,72.2,239,80,1,4,25.0,9,10,90.0,3,4,75.0,0,0.0,0,1,1,0,1,10/04/20,Tottenham,Manchester Utd
511,Lucas Moura,27.0,br BRA,RW,45,11,14,78.6,121,19,0,2,0.0,11,11,100.0,0,1,0.0,0,0.0,0,0,0,0,0,10/04/20,Tottenham,Manchester Utd
512,Tanguy Ndombele,28.0,fr FRA,CM,68,44,50,88.0,708,163,3,3,100.0,36,42,85.7,5,5,100.0,0,0.0,1,3,0,0,3,10/04/20,Tottenham,Manchester Utd
513,Dele Alli,20.0,eng ENG,CM,22,19,22,86.4,290,53,1,3,33.3,15,16,93.8,3,3,100.0,0,0.0,0,1,0,0,1,10/04/20,Tottenham,Manchester Utd
514,Moussa Sissoko,17.0,fr FRA,CM,90,65,66,98.5,1076,210,1,1,100.0,57,57,100.0,7,8,87.5,0,0.1,1,7,0,0,2,10/04/20,Tottenham,Manchester Utd
515,Pierre-Emile Hojbjerg,5.0,dk DEN,DM,90,100,104,96.2,2126,554,3,4,75.0,70,70,100.0,27,30,90.0,1,0.4,2,7,1,0,7,10/04/20,Tottenham,Manchester Utd
516,Sergio Reguilon,3.0,es ESP,"LB,LW",90,56,70,80.0,918,242,1,2,50.0,48,55,87.3,7,13,53.8,0,0.2,3,4,1,0,5,10/04/20,Tottenham,Manchester Utd
517,Eric Dier,15.0,eng ENG,CB,90,79,82,96.3,1815,520,0,0,,52,52,100.0,27,30,90.0,0,0.0,0,0,0,0,1,10/04/20,Tottenham,Manchester Utd
518,Davinson Sanchez,6.0,co COL,CB,90,81,86,94.2,1936,482,0,0,,50,52,96.2,31,34,91.2,0,0.0,0,3,0,0,4,10/04/20,Tottenham,Manchester Utd
519,Serge Aurier,24.0,ci CIV,RB,90,62,71,87.3,968,255,0,3,0.0,57,61,93.4,5,7,71.4,1,0.0,0,4,2,1,7,10/04/20,Tottenham,Manchester Utd
520,Hugo Lloris,1.0,fr FRA,GK,90,18,24,75.0,389,175,0,0,,13,13,100.0,5,11,45.5,0,0.0,0,0,0,0,0,10/04/20,Tottenham,Manchester Utd
521,Ollie Watkins,11.0,eng ENG,FW,90,15,23,65.2,230,41,0,2,0.0,14,18,77.8,1,3,33.3,1,0.1,2,0,0,0,3,10/04/20,Aston Villa,Liverpool
522,Jack Grealish,10.0,eng ENG,LW,90,28,37,75.7,511,213,2,2,100.0,18,26,69.2,8,9,88.9,3,1.6,5,4,3,0,9,10/04/20,Aston Villa,Liverpool
523,Trezeguet,17.0,eg EGY,RW,86,22,28,78.6,433,226,4,5,80.0,13,17,76.5,5,6,83.3,1,1.4,3,3,2,2,6,10/04/20,Aston Villa,Liverpool
524,Bertrand Traore,15.0,bf BFA,RW,4,2,2,100.0,46,4,0,0,,1,1,100.0,1,1,100.0,0,0.0,0,0,0,0,0,10/04/20,Aston Villa,Liverpool
525,Ross Barkley,20.0,eng ENG,AM,90,23,29,79.3,448,191,1,1,100.0,17,21,81.0,5,7,71.4,0,0.0,0,4,1,0,4,10/04/20,Aston Villa,Liverpool
526,John McGinn,7.0,sco SCO,DM,90,19,31,61.3,361,135,1,2,50.0,15,19,78.9,3,10,30.0,1,0.5,1,4,0,0,2,10/04/20,Aston Villa,Liverpool
527,Douglas Luiz,6.0,br BRA,DM,79,15,22,68.2,300,121,0,1,0.0,11,14,78.6,4,7,57.1,0,0.0,0,0,0,0,0,10/04/20,Aston Villa,Liverpool
528,Marvelous Nakamba,19.0,zw ZIM,DM,11,5,5,100.0,67,9,1,1,100.0,4,4,100.0,0,0,,0,0.0,0,1,0,0,0,10/04/20,Aston Villa,Liverpool
529,Matt Targett,18.0,eng ENG,LB,90,26,27,96.3,443,318,1,1,100.0,21,22,95.5,4,4,100.0,0,0.0,1,1,0,0,5,10/04/20,Aston Villa,Liverpool
530,Tyrone Mings,5.0,eng ENG,CB,90,17,23,73.9,578,251,0,1,0.0,7,7,100.0,10,15,66.7,0,0.0,0,1,0,0,3,10/04/20,Aston Villa,Liverpool
531,Ezri Konsa Ngoyo,4.0,eng ENG,CB,90,8,10,80.0,217,45,0,0,,5,5,100.0,3,5,60.0,0,0.0,0,0,0,0,1,10/04/20,Aston Villa,Liverpool
532,Matthew Cash,2.0,eng ENG,RB,79,16,32,50.0,329,191,0,1,0.0,13,20,65.0,3,11,27.3,0,0.2,1,2,1,0,3,10/04/20,Aston Villa,Liverpool
533,Ahmed El Mohamady,27.0,eg EGY,RB,11,8,9,88.9,115,50,1,1,100.0,6,7,85.7,1,1,100.0,0,0.0,1,2,1,0,1,10/04/20,Aston Villa,Liverpool
534,Emiliano MartÃ­nez,26.0,ar ARG,GK,90,9,30,30.0,524,398,0,0,,1,2,50.0,8,28,28.6,0,0.0,0,1,0,0,0,10/04/20,Aston Villa,Liverpool
535,Roberto Firmino,9.0,br BRA,FW,67,18,27,66.7,250,33,0,2,0.0,18,22,81.8,0,3,0.0,1,0.6,2,1,1,0,1,10/04/20,Liverpool,Aston Villa
536,James Milner,7.0,eng ENG,CM,23,14,19,73.7,263,122,0,1,0.0,10,10,100.0,4,8,50.0,0,0.0,1,0,3,1,4,10/04/20,Liverpool,Aston Villa
537,Diogo Jota,20.0,pt POR,LW,90,34,42,81.0,508,113,0,0,,31,38,81.6,3,4,75.0,0,0.0,1,5,1,0,4,10/04/20,Liverpool,Aston Villa
538,Mohamed Salah,11.0,eg EGY,RW,90,34,38,89.5,563,141,1,2,50.0,26,27,96.3,7,9,77.8,0,0.5,3,0,5,1,7,10/04/20,Liverpool,Aston Villa
539,Georginio Wijnaldum,5.0,nl NED,"CM,DM",90,49,57,86.0,851,199,0,2,0.0,39,43,90.7,10,12,83.3,0,0.0,0,3,1,0,5,10/04/20,Liverpool,Aston Villa
540,Naby Keita,8.0,gn GUI,CM,45,29,33,87.9,455,76,2,2,100.0,21,23,91.3,6,8,75.0,0,0.0,0,2,0,0,1,10/04/20,Liverpool,Aston Villa
541,Takumi Minamino,18.0,jp JPN,"CM,FW",45,16,20,80.0,257,64,0,1,0.0,14,17,82.4,2,2,100.0,0,0.0,0,2,0,0,2,10/04/20,Liverpool,Aston Villa
542,Fabinho,3.0,br BRA,"DM,CB",90,63,72,87.5,1297,282,0,1,0.0,44,49,89.8,19,22,86.4,0,0.1,1,3,0,0,6,10/04/20,Liverpool,Aston Villa
543,Andrew Robertson,26.0,sco SCO,LB,90,77,95,81.1,1385,546,0,5,0.0,60,66,90.9,17,24,70.8,0,0.1,2,7,1,0,10,10/04/20,Liverpool,Aston Villa
544,Virgil van Dijk,4.0,nl NED,CB,90,74,84,88.1,1610,521,0,0,,56,62,90.3,18,22,81.8,0,0.0,0,5,0,0,4,10/04/20,Liverpool,Aston Villa
545,Joseph Gomez,12.0,eng ENG,CB,60,52,59,88.1,1326,359,1,1,100.0,33,36,91.7,18,22,81.8,0,0.0,0,6,0,0,5,10/04/20,Liverpool,Aston Villa
546,Curtis Jones,17.0,eng ENG,CM,30,14,18,77.8,186,60,1,4,25.0,12,13,92.3,1,1,100.0,0,0.0,0,3,0,0,1,10/04/20,Liverpool,Aston Villa
547,Trent Alexander-Arnold,66.0,eng ENG,RB,90,63,76,82.9,1453,551,1,3,33.3,41,42,97.6,21,31,67.7,0,0.1,1,5,1,1,7,10/04/20,Liverpool,Aston Villa
548,AdriÃ¡n,13.0,es ESP,GK,90,27,34,79.4,672,391,0,0,,19,20,95.0,8,14,57.1,0,0.0,0,0,0,0,0,10/04/20,Liverpool,Aston Villa
