,Player,#,Nation,Pos,Min,Att,Live,Dead,FK,TB,Press,Sw,Crs,CK,In,Out,Str,Ground,Low,High,Left,Right,Head,TI,Other,Cmp,Off,Out.1,Int,Blocks,Date,Team,Opponent
0,Aaron Connolly,7.0,ie IRL,FW,74,9,8,1,0,0,1,0,0,0,0,0,0,6,2,1,0,7,2,0,0,8,0,0,0,0,09/26/20,Brighton,Manchester Utd
1,Alireza Jahanbakhsh,16.0,ir IRN,"RW,FW",16,16,16,0,0,0,1,1,2,0,0,0,0,12,0,4,1,14,1,0,0,15,0,0,0,1,09/26/20,Brighton,Manchester Utd
2,Neal Maupay,9.0,fr FRA,LW,90,33,30,3,0,0,11,2,1,0,0,0,0,23,5,5,5,23,0,1,1,24,0,0,0,5,09/26/20,Brighton,Manchester Utd
3,Leandro Trossard,11.0,be BEL,"RW,FW",90,39,34,5,3,0,1,2,2,1,1,0,0,20,11,8,9,28,1,1,0,28,1,0,1,1,09/26/20,Brighton,Manchester Utd
4,Steven Alzate,17.0,co COL,DM,90,50,48,2,1,0,8,2,0,1,1,0,0,44,4,2,6,43,1,0,0,46,0,0,1,1,09/26/20,Brighton,Manchester Utd
5,Adam Lallana,14.0,eng ENG,DM,74,37,36,1,1,0,1,0,1,0,0,0,0,19,6,12,13,20,3,0,0,31,0,0,0,0,09/26/20,Brighton,Manchester Utd
6,Pascal Gross,13.0,de GER,DM,16,20,16,4,1,0,3,2,1,3,2,1,0,11,2,7,4,15,0,0,0,15,0,0,0,0,09/26/20,Brighton,Manchester Utd
7,Solly March,20.0,eng ENG,WB,90,67,54,13,2,0,3,4,7,2,1,0,0,32,11,24,52,4,2,9,0,45,0,1,1,2,09/26/20,Brighton,Manchester Utd
8,Tariq Lamptey,2.0,eng ENG,WB,90,44,36,8,1,0,2,1,2,0,0,0,0,32,6,6,12,23,2,7,0,37,0,0,0,1,09/26/20,Brighton,Manchester Utd
9,Adam Webster,4.0,eng ENG,CB,90,52,51,1,1,0,3,0,0,0,0,0,0,39,5,8,16,33,3,0,0,44,0,0,1,2,09/26/20,Brighton,Manchester Utd
10,Lewis Dunk,5.0,eng ENG,CB,90,63,62,1,1,0,0,1,0,0,0,0,0,52,4,7,6,52,5,0,0,58,0,0,0,0,09/26/20,Brighton,Manchester Utd
11,Ben White,3.0,eng ENG,CB,90,68,65,3,3,0,4,1,2,0,0,0,0,54,6,8,5,55,4,0,2,63,0,1,0,0,09/26/20,Brighton,Manchester Utd
12,Mathew Ryan,1.0,au AUS,GK,90,37,29,8,5,0,8,3,0,0,0,0,0,21,1,15,3,32,0,0,2,28,0,3,0,0,09/26/20,Brighton,Manchester Utd
13,Anthony Martial,9.0,fr FRA,FW,89,22,21,1,0,0,8,0,1,0,0,0,0,20,0,2,2,20,0,0,0,17,2,0,1,0,09/26/20,Manchester Utd,Brighton
14,Donny van de Beek,34.0,nl NED,FW,1,3,3,0,0,0,1,0,0,0,0,0,0,3,0,0,1,2,0,0,0,1,0,0,0,2,09/26/20,Manchester Utd,Brighton
15,Marcus Rashford,10.0,eng ENG,"LW,FW",90,28,28,0,0,0,5,2,0,0,0,0,0,21,5,2,2,25,1,0,0,24,0,0,0,1,09/26/20,Manchester Utd,Brighton
16,Mason Greenwood,11.0,eng ENG,RW,82,24,24,0,0,0,6,1,0,0,0,0,0,17,3,4,20,4,0,0,0,22,0,0,0,0,09/26/20,Manchester Utd,Brighton
17,Eric Bailly,3.0,ci CIV,CB,8,3,3,0,0,0,1,0,0,0,0,0,0,1,2,0,0,2,1,0,0,2,0,0,0,1,09/26/20,Manchester Utd,Brighton
18,Bruno Fernandes,18.0,pt POR,AM,90,54,49,5,2,0,15,1,3,1,1,0,0,36,7,11,3,48,3,0,0,43,0,1,0,5,09/26/20,Manchester Utd,Brighton
19,Nemanja Matic,31.0,rs SRB,DM,90,64,61,3,3,0,14,1,1,0,0,0,0,52,5,7,54,8,0,0,0,57,1,1,0,2,09/26/20,Manchester Utd,Brighton
20,Paul Pogba,6.0,fr FRA,DM,64,35,31,4,4,0,8,1,0,0,0,0,0,27,1,7,5,29,1,0,0,25,0,1,1,1,09/26/20,Manchester Utd,Brighton
21,Fred,17.0,br BRA,DM,26,15,14,1,1,0,2,1,1,0,0,0,0,10,0,5,9,6,0,0,0,12,1,0,0,0,09/26/20,Manchester Utd,Brighton
22,Luke Shaw,23.0,eng ENG,"LB,WB",90,50,45,5,1,0,9,0,2,0,0,0,0,37,6,7,38,6,0,4,1,39,0,1,0,2,09/26/20,Manchester Utd,Brighton
23,Harry Maguire,5.0,eng ENG,CB,90,47,46,1,1,0,8,4,0,0,0,0,0,32,3,12,9,33,4,0,1,40,0,0,0,0,09/26/20,Manchester Utd,Brighton
24,Victor Lindelof,2.0,se SWE,CB,90,45,44,1,1,0,6,0,0,0,0,0,0,37,2,6,8,36,1,0,0,41,0,0,0,1,09/26/20,Manchester Utd,Brighton
25,Aaron Wan-Bissaka,29.0,eng ENG,"RB,WB",90,36,29,7,0,0,12,1,0,0,0,0,0,26,5,5,3,25,0,7,0,33,0,0,1,1,09/26/20,Manchester Utd,Brighton
26,David de Gea,1.0,es ESP,GK,90,22,9,13,4,0,1,0,0,0,0,0,0,14,1,7,2,17,0,0,2,16,0,0,0,0,09/26/20,Manchester Utd,Brighton
27,Wilfried Zaha,11.0,ci CIV,"FW,LM",90,23,22,1,1,0,3,0,1,0,0,0,0,15,7,1,4,18,0,0,1,16,0,0,0,2,09/26/20,Crystal Palace,Everton
28,Jordan Ayew,9.0,gh GHA,FW,81,21,19,2,0,0,5,1,1,0,0,0,0,15,4,2,2,16,1,0,0,19,0,0,0,0,09/26/20,Crystal Palace,Everton
29,Christian Benteke,20.0,be BEL,FW,9,1,1,0,0,0,1,0,0,0,0,0,0,0,1,0,0,0,0,0,0,0,0,0,0,1,09/26/20,Crystal Palace,Everton
30,Eberechi Eze,25.0,eng ENG,LM,74,43,39,4,3,0,6,1,2,1,1,0,0,35,2,6,5,37,1,0,0,33,0,1,0,0,09/26/20,Crystal Palace,Everton
31,Michy Batshuayi,23.0,be BEL,FW,16,3,3,0,0,0,1,0,0,0,0,0,0,2,1,0,1,2,0,0,0,2,0,0,0,1,09/26/20,Crystal Palace,Everton
32,James McArthur,18.0,sco SCO,CM,87,49,47,2,1,0,10,1,1,0,0,0,0,31,10,8,10,38,1,0,0,41,0,0,0,1,09/26/20,Crystal Palace,Everton
33,Jairo Riedewald,44.0,nl NED,CM,3,3,3,0,0,0,0,0,0,0,0,0,0,2,0,1,2,1,0,0,0,2,0,0,0,0,09/26/20,Crystal Palace,Everton
34,James McCarthy,22.0,ie IRL,CM,90,46,45,1,1,0,5,2,0,0,0,0,0,23,12,11,7,35,3,0,0,36,0,2,0,3,09/26/20,Crystal Palace,Everton
35,Andros Townsend,10.0,eng ENG,RM,90,38,30,8,2,0,9,5,5,6,5,1,0,17,6,15,26,11,1,0,0,23,1,0,0,1,09/26/20,Crystal Palace,Everton
36,Tyrick Mitchell,27.0,eng ENG,LB,90,40,34,6,0,0,6,0,3,0,0,0,0,25,4,11,33,1,0,6,0,30,0,2,1,0,09/26/20,Crystal Palace,Everton
37,Mamadou Sakho,12.0,fr FRA,CB,90,33,32,1,1,0,4,1,0,0,0,0,0,24,3,6,21,10,1,0,0,29,0,1,0,0,09/26/20,Crystal Palace,Everton
38,Cheikhou Kouyate,8.0,sn SEN,CB,90,36,34,2,2,0,10,1,0,0,0,0,0,16,8,12,5,28,2,0,0,24,0,1,0,1,09/26/20,Crystal Palace,Everton
39,Joel Ward,2.0,eng ENG,RB,90,39,29,10,2,0,8,2,0,0,0,0,0,17,11,11,2,26,1,8,0,32,0,2,0,3,09/26/20,Crystal Palace,Everton
40,Vicente Guaita,31.0,es ESP,GK,90,17,10,7,2,0,2,0,0,0,0,0,0,7,1,9,0,13,0,0,2,11,0,0,0,0,09/26/20,Crystal Palace,Everton
41,Dominic Calvert-Lewin,9.0,eng ENG,FW,90,15,14,1,0,0,5,0,0,0,0,0,0,7,5,3,0,8,0,0,5,12,0,0,1,1,09/26/20,Everton,Crystal Palace
42,Richarlison,7.0,br BRA,LW,89,39,38,1,0,0,3,0,0,0,0,0,0,30,3,6,5,30,2,0,0,29,0,1,1,2,09/26/20,Everton,Crystal Palace
43,Tom Davies,26.0,eng ENG,LW,1,0,0,0,0,0,0,0,0,0,0,0,0,0,0,0,0,0,0,0,0,0,0,0,0,0,09/26/20,Everton,Crystal Palace
44,James Rodriguez,19.0,co COL,RW,85,53,45,8,0,0,2,4,2,6,2,0,3,28,13,12,45,4,1,2,1,45,0,2,2,1,09/26/20,Everton,Crystal Palace
45,Alex Iwobi,17.0,ng NGA,RW,5,3,3,0,0,0,0,0,0,0,0,0,0,2,1,0,0,3,0,0,0,1,0,0,0,0,09/26/20,Everton,Crystal Palace
46,Andre Gomes,21.0,pt POR,CM,75,35,35,0,0,0,0,5,1,0,0,0,0,20,5,10,16,18,1,0,0,31,0,1,1,0,09/26/20,Everton,Crystal Palace
47,Gylfi Sigurdsson,10.0,is ISL,CM,15,9,9,0,0,0,0,0,0,0,0,0,0,8,1,0,4,5,0,0,0,8,0,0,0,1,09/26/20,Everton,Crystal Palace
48,Abdoulaye Doucoure,16.0,fr FRA,CM,90,55,55,0,0,0,3,1,0,0,0,0,0,42,12,1,4,51,0,0,0,49,0,0,2,1,09/26/20,Everton,Crystal Palace
49,Allan,6.0,br BRA,DM,90,42,42,0,0,0,1,0,0,0,0,0,0,31,6,5,8,32,2,0,0,37,0,0,0,2,09/26/20,Everton,Crystal Palace
50,Lucas Digne,12.0,fr FRA,LB,90,80,64,16,7,0,3,1,5,0,0,0,0,45,12,23,59,4,5,9,1,63,0,1,4,3,09/26/20,Everton,Crystal Palace
51,Michael Keane,5.0,eng ENG,CB,90,64,63,1,1,0,0,3,0,0,0,0,0,46,5,13,19,42,3,0,0,58,0,1,0,0,09/26/20,Everton,Crystal Palace
52,Yerry Mina,13.0,co COL,CB,90,55,52,3,3,0,2,2,0,0,0,0,0,46,5,4,8,46,0,0,0,53,0,0,1,0,09/26/20,Everton,Crystal Palace
53,Seamus Coleman,23.0,ie IRL,RB,90,57,43,14,0,0,2,1,1,0,0,0,0,29,16,12,8,35,0,14,0,47,0,1,0,2,09/26/20,Everton,Crystal Palace
54,Jordan Pickford,1.0,eng ENG,GK,90,32,22,10,3,0,1,0,0,0,0,0,0,12,1,19,23,4,0,0,4,20,0,0,1,0,09/26/20,Everton,Crystal Palace
55,Callum Robinson,7.0,ie IRL,FW,65,7,6,1,0,0,2,0,0,0,0,0,0,5,2,0,3,4,0,0,0,5,0,0,0,0,09/26/20,West Brom,Chelsea
56,Hal Robson-Kanu,4.0,wal WAL,FW,25,6,5,1,0,0,1,0,0,0,0,0,0,5,0,1,4,2,0,0,0,4,0,1,0,1,09/26/20,West Brom,Chelsea
57,Grady Diangana,11.0,eng ENG,AM,73,23,23,0,0,0,5,0,0,0,0,0,0,18,3,2,21,2,0,0,0,18,0,0,2,2,09/26/20,West Brom,Chelsea
58,Matt Phillips,10.0,sco SCO,AM,17,7,6,1,1,0,1,1,1,0,0,0,0,1,1,5,0,7,0,0,0,2,0,2,0,0,09/26/20,West Brom,Chelsea
59,Matheus Pereira,12.0,br BRA,AM,89,40,33,7,4,0,5,0,2,3,1,1,1,25,4,11,35,3,1,0,1,28,0,1,1,1,09/26/20,West Brom,Chelsea
60,Sam Field,28.0,eng ENG,AM,1,0,0,0,0,0,0,0,0,0,0,0,0,0,0,0,0,0,0,0,0,0,0,0,0,0,09/26/20,West Brom,Chelsea
61,Romaine Sawyers,19.0,kn SKN,CM,90,32,28,4,2,0,4,1,1,0,0,0,0,25,4,3,7,25,0,0,0,26,0,0,1,3,09/26/20,West Brom,Chelsea
62,Jake Livermore,8.0,eng ENG,CM,90,21,21,0,0,0,2,0,0,0,0,0,0,15,1,5,4,15,2,0,0,12,0,0,0,3,09/26/20,West Brom,Chelsea
63,Conor Townsend,14.0,eng ENG,WB,90,33,29,4,0,0,9,0,1,0,0,0,0,19,6,8,24,1,2,4,0,21,0,0,1,2,09/26/20,West Brom,Chelsea
64,Darnell Furlong,2.0,eng ENG,WB,90,39,31,8,0,0,6,3,6,0,0,0,0,14,5,20,2,20,7,8,0,24,0,1,1,1,09/26/20,West Brom,Chelsea
65,Dara O'Shea,27.0,ie IRL,CB,90,21,17,4,2,0,3,4,0,0,0,0,0,12,1,8,0,19,0,2,0,14,0,1,0,0,09/26/20,West Brom,Chelsea
66,Kyle Bartley,5.0,eng ENG,CB,90,8,7,1,1,0,1,1,0,0,0,0,0,4,0,4,0,8,0,0,0,7,0,0,0,0,09/26/20,West Brom,Chelsea
67,Semi Ajayi,6.0,ng NGA,CB,90,15,12,3,1,0,1,1,0,0,0,0,0,7,1,7,1,12,0,2,0,10,0,0,0,0,09/26/20,West Brom,Chelsea
68,Sam Johnstone,1.0,eng ENG,GK,90,28,16,12,5,0,1,2,0,0,0,0,0,4,0,24,1,21,0,0,1,11,1,1,0,0,09/26/20,West Brom,Chelsea
69,Tammy Abraham,9.0,eng ENG,FW,90,21,20,1,0,0,9,0,0,0,0,0,0,15,5,1,2,16,0,0,1,12,0,1,0,2,09/26/20,Chelsea,West Brom
70,Timo Werner,11.0,de GER,"LW,WB",90,42,42,0,0,0,9,2,2,0,0,0,0,31,9,2,7,35,0,0,0,36,0,1,0,3,09/26/20,Chelsea,West Brom
71,Mason Mount,19.0,eng ENG,"RW,CM",90,63,57,6,1,0,6,2,3,4,3,1,0,51,6,6,6,56,0,1,0,53,0,0,0,3,09/26/20,Chelsea,West Brom
72,Kai Havertz,29.0,de GER,"AM,CM",90,58,56,2,0,0,15,0,1,0,0,0,0,51,5,2,42,15,0,0,0,52,0,0,0,3,09/26/20,Chelsea,West Brom
73,Mateo Kovacic,17.0,hr CRO,CM,45,58,57,1,0,0,10,1,0,0,0,0,0,49,6,3,1,55,2,0,0,53,0,0,0,1,09/26/20,Chelsea,West Brom
74,Callum Hudson-Odoi,20.0,eng ENG,"RW,WB",45,42,41,1,0,0,5,1,4,0,0,0,0,31,7,4,8,33,0,1,0,30,0,0,0,3,09/26/20,Chelsea,West Brom
75,N'Golo Kante,7.0,fr FRA,"CM,DM",90,101,96,5,3,0,8,1,0,0,0,0,0,81,17,3,7,86,4,2,1,93,0,1,1,0,09/26/20,Chelsea,West Brom
76,Marcos Alonso,3.0,es ESP,LB,45,31,29,2,0,0,10,0,0,0,0,0,0,21,5,5,23,2,3,2,0,27,0,0,0,0,09/26/20,Chelsea,West Brom
77,Cesar Azpilicueta,28.0,es ESP,"LB,CB",45,63,58,5,1,0,5,3,0,0,0,0,0,46,13,4,8,47,1,4,1,56,0,1,0,1,09/26/20,Chelsea,West Brom
78,Thiago Silva,6.0,br BRA,CB,72,82,81,1,1,0,1,3,0,0,0,0,0,66,10,6,9,69,4,0,0,78,0,1,0,0,09/26/20,Chelsea,West Brom
79,Olivier Giroud,18.0,fr FRA,"FW,CB",18,7,7,0,0,0,0,0,0,0,0,0,0,6,1,0,6,1,0,0,0,3,0,0,0,2,09/26/20,Chelsea,West Brom
80,Andreas Christensen,4.0,dk DEN,CB,90,116,116,0,0,0,10,1,0,0,0,0,0,101,10,5,9,100,4,0,0,107,0,0,2,1,09/26/20,Chelsea,West Brom
81,Reece James,24.0,eng ENG,"RB,CB",90,127,114,13,0,1,11,7,13,5,1,3,1,92,19,16,12,104,3,8,0,108,0,3,1,1,09/26/20,Chelsea,West Brom
82,Willy Caballero,13.0,ar ARG,GK,90,26,19,7,1,0,1,0,0,0,0,0,0,21,2,3,3,21,0,0,2,24,0,0,0,0,09/26/20,Chelsea,West Brom
83,Matej Vydra,27.0,cz CZE,FW,90,17,17,0,0,0,6,0,1,0,0,0,0,5,9,3,1,9,3,0,2,13,0,1,0,1,09/26/20,Burnley,Southampton
84,Chris Wood,9.0,nz NZL,FW,90,20,19,1,0,0,10,0,0,0,0,0,0,8,6,6,1,11,2,0,1,13,0,2,0,0,09/26/20,Burnley,Southampton
85,Dwight McNeil,11.0,eng ENG,LM,90,56,49,7,2,0,9,1,7,2,2,0,0,30,9,17,48,3,1,3,0,36,0,2,0,2,09/26/20,Burnley,Southampton
86,Josh Brownhill,8.0,eng ENG,RM,90,38,36,2,0,0,13,1,1,0,0,0,0,20,5,13,6,21,3,2,2,29,0,0,0,2,09/26/20,Burnley,Southampton
87,Dale Stephens,16.0,eng ENG,DM,90,56,56,0,0,0,11,1,0,0,0,0,0,39,10,7,5,43,4,0,0,47,0,0,1,0,09/26/20,Burnley,Southampton
88,Ashley Westwood,18.0,eng ENG,DM,90,85,73,12,4,0,11,6,2,6,5,0,0,52,7,26,2,79,3,1,0,63,0,2,0,3,09/26/20,Burnley,Southampton
89,Charlie Taylor,3.0,eng ENG,LB,90,83,72,11,0,0,9,1,5,0,0,0,0,46,15,22,62,4,6,11,0,60,0,1,3,1,09/26/20,Burnley,Southampton
90,Jimmy Dunne,34.0,ie IRL,CB,90,63,63,0,0,0,5,3,0,0,0,0,0,41,7,15,21,34,6,0,1,44,0,3,0,0,09/26/20,Burnley,Southampton
91,Kevin Long,28.0,ie IRL,CB,90,62,61,1,0,0,16,2,1,0,0,0,0,35,7,20,2,44,9,1,0,42,0,3,0,3,09/26/20,Burnley,Southampton
92,Phil Bardsley,26.0,sco SCO,RB,90,76,57,19,1,0,13,3,3,0,0,0,0,28,19,29,7,46,3,18,0,54,0,1,0,7,09/26/20,Burnley,Southampton
93,Nick Pope,1.0,eng ENG,GK,90,38,31,7,3,0,4,4,0,0,0,0,0,7,4,27,3,31,0,0,4,17,2,1,0,0,09/26/20,Burnley,Southampton
94,Danny Ings,9.0,eng ENG,FW,90,29,29,0,0,0,7,0,0,0,0,0,0,17,4,8,1,23,3,0,0,14,0,0,3,3,09/26/20,Southampton,Burnley
95,Che Adams,10.0,eng ENG,FW,76,17,17,0,0,0,7,0,1,0,0,0,0,8,2,7,1,11,2,0,1,10,0,0,1,1,09/26/20,Southampton,Burnley
96,Michael Obafemi,14.0,ie IRL,FW,14,3,3,0,0,0,3,0,0,0,0,0,0,0,3,0,0,2,1,0,0,3,0,0,0,0,09/26/20,Southampton,Burnley
97,Moussa Djenepo,12.0,ml MLI,LM,76,30,30,0,0,0,6,0,0,0,0,0,0,23,5,2,9,17,1,0,2,23,0,0,0,2,09/26/20,Southampton,Burnley
98,Nathan Tella,23.0,eng ENG,LM,14,3,3,0,0,0,1,0,0,0,0,0,0,1,0,2,2,1,0,0,0,3,0,0,0,0,09/26/20,Southampton,Burnley
99,Oriol Romeu,6.0,es ESP,CM,90,81,81,0,0,0,14,3,0,0,0,0,0,55,11,15,18,52,8,0,1,59,0,2,0,1,09/26/20,Southampton,Burnley
100,James Ward-Prowse,8.0,eng ENG,CM,90,56,55,1,1,0,10,0,0,0,0,0,0,36,11,9,6,41,8,0,0,54,0,0,0,0,09/26/20,Southampton,Burnley
101,Stuart Armstrong,17.0,sco SCO,RM,90,40,38,2,0,0,7,0,1,0,0,0,0,27,10,3,10,27,2,1,0,29,1,0,0,4,09/26/20,Southampton,Burnley
102,Ryan Bertrand,3.0,eng ENG,LB,90,70,53,17,0,0,5,1,2,2,0,2,0,40,14,16,44,8,3,15,0,60,0,4,0,1,09/26/20,Southampton,Burnley
103,Jannik Vestergaard,4.0,dk DEN,CB,90,49,44,5,5,0,4,1,0,0,0,0,0,29,6,14,14,23,10,0,0,37,0,1,0,1,09/26/20,Southampton,Burnley
104,Jan Bednarek,35.0,pl POL,CB,90,34,34,0,0,0,9,0,0,0,0,0,0,14,4,16,10,17,3,0,0,24,0,2,1,0,09/26/20,Southampton,Burnley
105,Kyle Walker-Peters,2.0,eng ENG,RB,90,56,40,16,0,1,10,1,1,0,0,0,0,25,19,12,3,32,5,16,0,40,0,0,0,2,09/26/20,Southampton,Burnley
106,Alex McCarthy,1.0,eng ENG,GK,90,33,25,8,4,0,4,1,0,0,0,0,0,5,0,28,4,20,1,0,3,11,0,0,0,0,09/26/20,Southampton,Burnley
107,Oliver Burke,14.0,sco SCO,FW,73,19,18,1,0,0,6,0,2,0,0,0,0,14,3,2,0,19,0,0,0,13,0,1,0,2,09/27/20,Sheffield Utd,Leeds United
108,Billy Sharp,10.0,eng ENG,FW,17,4,3,1,0,0,1,0,0,0,0,0,0,3,0,1,0,3,0,0,0,3,0,0,0,0,09/27/20,Sheffield Utd,Leeds United
109,David McGoldrick,17.0,ie IRL,FW,73,16,16,0,0,0,7,0,0,0,0,0,0,12,2,2,3,11,0,0,0,11,0,0,1,0,09/27/20,Sheffield Utd,Leeds United
110,Oliver McBurnie,9.0,sco SCO,FW,17,9,9,0,0,0,6,0,0,0,0,0,0,5,1,3,0,6,0,0,0,8,0,0,0,0,09/27/20,Sheffield Utd,Leeds United
111,Ben Osborn,23.0,eng ENG,CM,90,37,34,3,0,0,5,2,3,3,3,0,0,25,5,7,27,9,1,0,0,29,0,0,0,2,09/27/20,Sheffield Utd,Leeds United
112,John Lundstram,7.0,eng ENG,CM,63,29,26,3,1,0,6,0,0,1,1,0,0,22,1,6,8,19,0,1,0,25,0,0,1,1,09/27/20,Sheffield Utd,Leeds United
113,Oliver Norwood,16.0,nir NIR,CM,27,13,12,1,0,0,4,1,0,1,1,0,0,6,3,4,1,10,1,0,0,9,0,0,0,0,09/27/20,Sheffield Utd,Leeds United
114,Sander Berge,8.0,no NOR,DM,90,40,38,2,1,0,15,1,2,0,0,0,0,26,9,5,1,32,4,1,0,26,0,0,2,2,09/27/20,Sheffield Utd,Leeds United
115,Enda Stevens,3.0,ie IRL,WB,90,34,33,1,0,0,11,0,0,0,0,0,0,25,1,8,30,0,0,1,0,26,1,1,0,1,09/27/20,Sheffield Utd,Leeds United
116,George Baldock,2.0,eng ENG,WB,90,38,26,12,0,0,9,1,1,0,0,0,0,14,4,20,2,19,3,12,0,30,1,1,0,2,09/27/20,Sheffield Utd,Leeds United
117,Jack Robinson,19.0,eng ENG,CB,90,28,25,3,1,0,5,0,0,0,0,0,0,18,3,7,19,4,2,2,0,25,0,1,0,1,09/27/20,Sheffield Utd,Leeds United
118,Ethan Ampadu,22.0,wal WAL,CB,90,37,36,1,0,0,8,0,0,0,0,0,0,21,5,11,4,27,3,1,1,24,0,2,1,2,09/27/20,Sheffield Utd,Leeds United
119,Chris Basham,6.0,eng ENG,CB,90,30,30,0,0,1,7,0,2,0,0,0,0,21,2,7,3,22,4,0,0,23,0,0,0,3,09/27/20,Sheffield Utd,Leeds United
120,Aaron Ramsdale,1.0,eng ENG,GK,90,36,21,15,2,0,1,1,0,0,0,0,0,9,1,26,0,26,0,0,6,16,0,1,0,0,09/27/20,Sheffield Utd,Leeds United
121,Tyler Roberts,11.0,wal WAL,FW,45,18,18,0,0,0,2,0,0,0,0,0,0,11,5,2,0,17,1,0,0,13,0,0,1,1,09/27/20,Leeds United,Sheffield Utd
122,Rodrigo,20.0,es ESP,FW,44,30,30,0,0,0,17,1,1,0,0,0,0,20,8,2,24,2,3,0,0,24,0,0,0,2,09/27/20,Leeds United,Sheffield Utd
123,Ezgjan Alioski,10.0,mk MKD,FW,1,3,3,0,0,0,0,0,0,0,0,0,0,2,0,1,2,1,0,0,0,3,0,0,0,0,09/27/20,Leeds United,Sheffield Utd
124,Patrick Bamford,9.0,eng ENG,FW,90,15,12,3,0,0,3,0,0,2,0,0,0,9,5,1,9,4,0,0,1,11,0,1,1,1,09/27/20,Leeds United,Sheffield Utd
125,Stuart Dallas,15.0,nir NIR,CM,90,64,57,7,0,0,8,1,4,0,0,0,0,38,14,12,12,42,1,7,0,53,0,1,0,1,09/27/20,Leeds United,Sheffield Utd
126,Mateusz Klich,43.0,pl POL,CM,90,49,45,4,2,1,7,1,2,0,0,0,0,36,9,4,3,40,3,2,0,38,0,2,2,1,09/27/20,Leeds United,Sheffield Utd
127,Kalvin Phillips,23.0,eng ENG,DM,90,65,59,6,3,0,8,5,3,3,2,1,0,39,7,19,5,56,3,0,0,52,0,2,0,2,09/27/20,Leeds United,Sheffield Utd
128,Jack Harrison,22.0,eng ENG,WB,90,59,53,6,0,0,12,3,5,2,2,0,0,35,10,14,34,16,3,4,0,45,0,1,0,3,09/27/20,Leeds United,Sheffield Utd
129,Helder Costa,17.0,pt POR,WB,65,19,18,1,0,0,3,0,0,0,0,0,0,14,2,3,15,3,0,1,0,15,0,0,1,1,09/27/20,Leeds United,Sheffield Utd
130,Ian Poveda-Ocampo,7.0,eng ENG,WB,25,6,6,0,0,0,3,0,0,0,0,0,0,6,0,0,5,1,0,0,0,3,0,0,0,1,09/27/20,Leeds United,Sheffield Utd
131,Liam Cooper,6.0,sco SCO,CB,90,86,79,7,7,0,12,5,0,0,0,0,0,62,6,18,69,10,1,0,0,72,0,2,1,0,09/27/20,Leeds United,Sheffield Utd
132,Robin Koch,5.0,de GER,CB,90,78,76,2,2,0,12,2,0,0,0,0,0,61,7,10,7,60,3,0,2,68,1,0,1,1,09/27/20,Leeds United,Sheffield Utd
133,Luke Ayling,2.0,eng ENG,CB,90,95,80,15,1,1,12,3,0,0,0,0,0,52,21,22,5,70,4,14,0,76,0,1,0,2,09/27/20,Leeds United,Sheffield Utd
134,Illan Meslier,1.0,fr FRA,GK,90,41,30,11,5,0,4,0,0,0,0,0,0,30,8,3,25,5,0,0,11,38,0,0,0,0,09/27/20,Leeds United,Sheffield Utd
135,Harry Kane,10.0,eng ENG,FW,90,19,19,0,0,1,5,3,1,0,0,0,0,11,3,5,1,16,1,0,0,15,0,0,0,2,09/27/20,Tottenham,Newcastle Utd
136,Son Heung-Min,7.0,kr KOR,LW,45,20,16,4,1,0,3,2,0,3,1,1,0,15,2,3,3,17,0,0,0,16,0,0,0,2,09/27/20,Tottenham,Newcastle Utd
137,Steven Bergwijn,23.0,nl NED,LW,45,28,26,2,0,0,3,0,1,2,2,0,0,21,4,3,1,26,1,0,0,24,0,0,1,0,09/27/20,Tottenham,Newcastle Utd
138,Lucas Moura,27.0,br BRA,RW,78,47,45,2,0,0,8,1,0,0,0,0,0,35,7,5,6,35,1,2,0,35,0,0,0,3,09/27/20,Tottenham,Newcastle Utd
139,Erik Lamela,11.0,ar ARG,RW,12,9,7,2,0,0,2,0,0,1,0,0,0,7,2,0,8,1,0,0,0,9,0,0,0,0,09/27/20,Tottenham,Newcastle Utd
140,Giovani Lo Celso,18.0,ar ARG,AM,76,57,52,5,0,0,6,3,1,4,4,0,0,36,8,13,45,9,0,0,1,44,0,0,1,2,09/27/20,Tottenham,Newcastle Utd
141,Tanguy Ndombele,28.0,fr FRA,AM,14,21,20,1,1,0,4,0,1,0,0,0,0,14,6,1,1,19,0,0,0,19,0,0,0,1,09/27/20,Tottenham,Newcastle Utd
142,Harry Winks,8.0,eng ENG,DM,90,93,93,0,0,0,8,4,0,0,0,0,0,78,4,11,8,82,3,0,0,89,0,0,0,0,09/27/20,Tottenham,Newcastle Utd
143,Pierre-Emile Hojbjerg,5.0,dk DEN,DM,90,108,108,0,0,0,5,4,1,0,0,0,0,86,12,10,11,94,1,0,0,96,0,0,0,1,09/27/20,Tottenham,Newcastle Utd
144,Ben Davies,33.0,wal WAL,LB,90,58,47,11,0,0,4,1,3,0,0,0,0,34,14,10,39,6,1,11,0,49,0,2,0,1,09/27/20,Tottenham,Newcastle Utd
145,Eric Dier,15.0,eng ENG,CB,90,61,60,1,1,0,3,4,0,0,0,0,0,50,3,8,7,48,3,0,0,58,0,0,0,1,09/27/20,Tottenham,Newcastle Utd
146,Davinson Sanchez,6.0,co COL,CB,90,64,63,1,1,0,5,2,0,0,0,0,0,54,3,7,11,48,2,0,0,57,0,1,0,1,09/27/20,Tottenham,Newcastle Utd
147,Matt Doherty,2.0,ie IRL,RB,90,80,72,8,1,0,9,1,2,0,0,0,0,52,16,12,2,61,5,7,0,68,0,0,0,3,09/27/20,Tottenham,Newcastle Utd
148,Hugo Lloris,1.0,fr FRA,GK,90,13,8,5,2,0,1,0,0,0,0,0,0,9,0,4,8,3,0,0,2,11,0,0,0,0,09/27/20,Tottenham,Newcastle Utd
149,Callum Wilson,13.0,eng ENG,FW,90,7,7,0,0,0,5,0,0,0,0,0,0,3,3,1,1,3,1,0,0,4,0,0,0,0,09/27/20,Newcastle Utd,Tottenham
150,Joelinton,9.0,br BRA,LW,90,30,30,0,0,0,12,1,2,0,0,0,0,21,7,2,3,22,1,0,0,24,0,2,0,0,09/27/20,Newcastle Utd,Tottenham
151,Miguel Almiron,24.0,py PAR,RW,76,30,30,0,0,0,5,0,2,0,0,0,0,23,5,2,25,3,1,0,1,23,0,0,1,1,09/27/20,Newcastle Utd,Tottenham
152,Andy Carroll,7.0,eng ENG,RW,14,7,7,0,0,0,4,0,0,0,0,0,0,2,3,2,1,1,1,0,1,4,0,0,0,1,09/27/20,Newcastle Utd,Tottenham
153,Jeff Hendrick,16.0,ie IRL,CM,73,21,21,0,0,0,5,0,0,0,0,0,0,15,2,4,3,17,1,0,0,19,0,0,0,0,09/27/20,Newcastle Utd,Tottenham
154,Jacob Murphy,23.0,eng ENG,"WB,CM",17,7,6,1,0,0,4,1,0,0,0,0,0,5,1,1,1,5,0,1,0,6,0,1,0,0,09/27/20,Newcastle Utd,Tottenham
155,Jonjo Shelvey,8.0,eng ENG,CM,90,39,34,5,1,0,8,5,1,2,0,1,1,18,9,12,4,34,1,0,0,27,0,0,0,1,09/27/20,Newcastle Utd,Tottenham
156,Matt Ritchie,11.0,sco SCO,WB,68,36,26,10,3,0,4,2,2,2,1,1,0,17,5,14,26,4,1,5,0,25,1,1,0,0,09/27/20,Newcastle Utd,Tottenham
157,Jamal Lewis,15.0,nir NIR,WB,22,6,6,0,0,0,1,0,0,0,0,0,0,5,0,1,4,1,1,0,0,3,0,0,1,0,09/27/20,Newcastle Utd,Tottenham
158,Javier Manquillo,19.0,es ESP,"WB,CB",90,44,39,5,0,0,9,1,2,0,0,0,0,31,7,6,2,33,3,5,0,34,0,0,1,1,09/27/20,Newcastle Utd,Tottenham
159,Federico Fernandez,18.0,ar ARG,CB,90,33,28,5,5,0,4,4,0,0,0,0,0,19,3,11,2,29,2,0,0,26,0,1,0,0,09/27/20,Newcastle Utd,Tottenham
160,Jamaal Lascelles,6.0,eng ENG,CB,90,28,27,1,1,0,3,1,0,0,0,0,0,17,3,8,6,20,1,0,0,23,0,1,0,0,09/27/20,Newcastle Utd,Tottenham
161,Isaac Hayden,14.0,eng ENG,"CB,CM",90,33,32,1,1,0,6,1,0,0,0,0,0,27,2,4,2,28,2,0,0,29,0,0,0,1,09/27/20,Newcastle Utd,Tottenham
162,Karl Darlow,26.0,eng ENG,GK,90,32,23,9,3,0,1,0,0,0,0,0,0,6,0,26,2,18,0,0,6,18,0,2,0,0,09/27/20,Newcastle Utd,Tottenham
163,Raheem Sterling,7.0,eng ENG,"FW,LW,AM",90,24,22,2,0,0,6,0,2,0,0,0,0,18,2,4,0,23,1,0,0,19,0,0,0,1,09/27/20,Manchester City,Leicester City
164,Phil Foden,47.0,eng ENG,LW,63,17,16,1,0,0,0,2,0,0,0,0,0,13,1,3,13,2,1,1,0,16,0,0,0,0,09/27/20,Manchester City,Leicester City
165,Ferran Torres,21.0,es ESP,"RW,LW",27,19,17,2,0,0,2,1,3,0,0,0,0,11,4,4,0,16,0,2,0,14,0,1,0,2,09/27/20,Manchester City,Leicester City
166,Riyad Mahrez,26.0,dz ALG,"RW,CM",90,56,53,3,0,0,10,2,2,2,2,0,0,40,8,8,51,4,0,1,0,42,0,1,1,2,09/27/20,Manchester City,Leicester City
167,Kevin De Bruyne,17.0,be BEL,"AM,CM,DM",90,67,64,3,2,0,10,5,4,1,1,0,0,46,5,16,8,56,2,0,0,45,1,2,2,7,09/27/20,Manchester City,Leicester City
168,Rodrigo,16.0,es ESP,DM,90,85,82,3,3,0,12,2,0,0,0,0,0,69,5,11,10,69,3,0,1,79,0,0,0,0,09/27/20,Manchester City,Leicester City
169,Fernandinho,25.0,br BRA,DM,50,74,69,5,2,0,4,10,0,0,0,0,0,57,7,10,10,57,3,3,1,67,0,1,1,1,09/27/20,Manchester City,Leicester City
170,Liam Delap,48.0,eng ENG,"FW,DM",40,7,3,4,0,0,0,0,0,0,0,0,0,7,0,0,0,7,0,0,0,5,0,0,0,0,09/27/20,Manchester City,Leicester City
171,Benjamin Mendy,22.0,fr FRA,LB,90,70,64,6,1,0,5,0,4,0,0,0,0,50,11,9,58,5,0,5,0,57,0,2,0,3,09/27/20,Manchester City,Leicester City
172,Nathan Ake,6.0,nl NED,CB,90,104,102,2,2,0,5,0,0,0,0,0,0,91,1,12,89,6,6,0,0,98,0,0,0,1,09/27/20,Manchester City,Leicester City
173,Eric Garcia,50.0,es ESP,CB,90,92,92,0,0,0,3,1,0,0,0,0,0,85,0,7,6,85,1,0,0,89,1,0,0,0,09/27/20,Manchester City,Leicester City
174,Kyle Walker,2.0,eng ENG,RB,90,95,85,10,0,0,12,3,1,0,0,0,0,69,15,11,3,77,2,10,0,86,0,1,1,3,09/27/20,Manchester City,Leicester City
175,Ederson,31.0,br BRA,GK,90,15,13,2,0,0,1,0,0,0,0,0,0,15,0,0,6,5,0,0,4,15,0,0,0,0,09/27/20,Manchester City,Leicester City
176,Jamie Vardy,9.0,eng ENG,FW,84,7,5,2,0,0,4,0,0,0,0,0,0,4,2,1,1,3,0,0,0,3,0,1,1,0,09/27/20,Leicester City,Manchester City
177,Kelechi Iheanacho,14.0,ng NGA,FW,6,2,1,1,0,0,0,0,0,0,0,0,0,2,0,0,1,1,0,0,0,2,0,0,0,0,09/27/20,Leicester City,Manchester City
178,Harvey Barnes,15.0,eng ENG,LW,90,19,19,0,0,0,2,0,0,0,0,0,0,18,0,1,0,18,0,0,0,14,0,0,0,0,09/27/20,Leicester City,Manchester City
179,Dennis Praet,26.0,be BEL,RW,68,16,16,0,0,0,3,2,1,0,0,0,0,9,1,6,0,14,1,0,0,12,1,0,2,0,09/27/20,Leicester City,Manchester City
180,James Maddison,10.0,eng ENG,RW,22,2,2,0,0,0,0,0,0,0,0,0,0,2,0,0,0,2,0,0,0,2,0,0,0,0,09/27/20,Leicester City,Manchester City
181,Nampalys Mendy,24.0,fr FRA,DM,90,25,24,1,1,0,7,1,0,0,0,0,0,18,4,3,3,20,1,0,0,20,0,0,1,0,09/27/20,Leicester City,Manchester City
182,Youri Tielemans,8.0,be BEL,DM,90,36,30,6,2,1,4,1,0,3,1,0,0,26,1,9,7,26,0,1,1,29,0,1,0,0,09/27/20,Leicester City,Manchester City
183,James Justin,2.0,eng ENG,"WB,CB",90,27,24,3,1,0,1,0,1,0,0,0,0,20,3,4,6,19,0,2,0,17,1,0,0,1,09/27/20,Leicester City,Manchester City
184,Timothy Castagne,27.0,be BEL,WB,90,29,27,2,0,1,4,0,2,0,0,0,0,14,8,7,3,17,5,2,1,23,0,0,1,0,09/27/20,Leicester City,Manchester City
185,Caglar Soyuncu,4.0,tr TUR,CB,90,27,27,0,0,0,3,1,0,0,0,0,0,18,1,8,10,12,4,0,0,21,0,1,1,0,09/27/20,Leicester City,Manchester City
186,Jonny Evans,6.0,nir NIR,CB,79,22,22,0,0,0,1,0,0,0,0,0,0,17,2,3,3,16,3,0,0,20,0,1,0,0,09/27/20,Leicester City,Manchester City
187,Christian Fuchs,28.0,at AUT,"WB,CB",11,4,4,0,0,0,1,0,0,0,0,0,0,1,3,0,3,0,0,0,0,1,0,0,0,0,09/27/20,Leicester City,Manchester City
188,Daniel Amartey,18.0,gh GHA,CB,90,26,24,2,0,0,7,0,0,0,0,0,0,14,5,7,1,14,3,2,1,19,0,0,0,1,09/27/20,Leicester City,Manchester City
189,Kasper Schmeichel,1.0,dk DEN,GK,90,46,24,22,8,0,1,5,0,0,0,0,0,11,0,35,1,37,0,0,7,23,0,5,1,0,09/27/20,Leicester City,Manchester City
190,Michail Antonio,30.0,eng ENG,FW,87,25,23,2,0,0,2,0,1,0,0,0,0,13,7,5,4,17,0,2,1,16,0,1,1,1,09/27/20,West Ham,Wolves
191,Sebastien Haller,22.0,fr FRA,FW,3,5,5,0,0,0,1,0,0,0,0,0,0,5,0,0,2,3,0,0,0,3,0,0,0,1,09/27/20,West Ham,Wolves
192,Pablo Fornals,18.0,es ESP,AM,90,27,26,1,1,0,5,0,0,0,0,0,0,17,6,4,1,23,3,0,0,21,0,0,0,0,09/27/20,West Ham,Wolves
193,Jarrod Bowen,20.0,eng ENG,AM,87,17,16,1,1,0,3,1,0,0,0,0,0,9,5,3,14,2,0,0,0,11,0,0,0,3,09/27/20,West Ham,Wolves
194,Mark Noble,16.0,eng ENG,AM,3,5,5,0,0,0,0,0,0,0,0,0,0,4,0,1,1,4,0,0,0,5,0,0,0,0,09/27/20,West Ham,Wolves
195,Declan Rice,41.0,eng ENG,DM,90,51,50,1,0,0,5,1,0,0,0,0,0,38,5,8,8,40,2,0,0,40,0,3,0,2,09/27/20,West Ham,Wolves
196,Tomas Soucek,28.0,cz CZE,DM,90,35,34,1,1,0,7,0,0,0,0,0,0,18,5,12,3,23,4,0,0,30,0,0,1,0,09/27/20,West Ham,Wolves
197,Arthur Masuaku,26.0,cd COD,WB,90,53,48,5,0,0,5,1,4,0,0,0,0,33,11,9,45,1,2,5,0,43,0,1,0,3,09/27/20,West Ham,Wolves
198,Ryan Fredericks,24.0,eng ENG,WB,48,35,29,6,1,0,3,0,1,0,0,0,0,16,4,15,2,20,7,5,0,23,0,1,1,1,09/27/20,West Ham,Wolves
199,Ben Johnson,31.0,eng ENG,WB,42,16,13,3,0,0,0,0,0,0,0,0,0,9,4,3,1,12,0,3,0,13,0,0,0,1,09/27/20,West Ham,Wolves
200,Aaron Cresswell,3.0,eng ENG,CB,90,46,37,9,4,0,2,0,3,1,0,1,0,22,9,15,36,2,4,4,0,39,1,2,0,1,09/27/20,West Ham,Wolves
201,Angelo Ogbonna,21.0,it ITA,CB,90,29,29,0,0,0,2,0,0,0,0,0,0,21,3,5,16,10,2,0,0,24,0,0,1,0,09/27/20,West Ham,Wolves
202,Fabian Balbuena,4.0,py PAR,CB,90,29,28,1,1,0,1,0,0,0,0,0,0,15,4,10,5,21,2,0,0,22,1,0,0,0,09/27/20,West Ham,Wolves
203,Åukasz FabiaÅski,1.0,pl POL,GK,90,29,18,11,4,0,0,2,0,0,0,0,0,7,3,19,0,21,0,0,4,15,0,1,0,0,09/27/20,West Ham,Wolves
204,Raul Jimenez,9.0,mx MEX,FW,90,36,35,1,0,0,9,0,0,0,0,0,0,28,7,1,2,27,2,0,3,30,0,1,0,2,09/27/20,Wolves,West Ham
205,Pedro Neto,7.0,pt POR,LW,90,41,37,4,0,0,3,1,1,2,1,1,0,36,2,3,35,6,0,0,0,38,0,0,0,1,09/27/20,Wolves,West Ham
206,Adama Traore,37.0,es ESP,RW,61,31,31,0,0,0,4,1,7,0,0,0,0,20,2,9,3,26,0,0,0,18,0,1,0,2,09/27/20,Wolves,West Ham
207,Fabio Silva,17.0,pt POR,RW,29,17,15,2,0,0,1,0,0,0,0,0,0,15,2,0,1,15,0,0,1,17,0,0,0,0,09/27/20,Wolves,West Ham
208,Joao Moutinho,28.0,pt POR,CM,72,79,75,4,3,0,3,1,0,1,0,0,0,59,9,11,4,73,2,0,0,75,1,0,0,1,09/27/20,Wolves,West Ham
209,Vitinha,20.0,pt POR,CM,18,24,24,0,0,0,0,0,0,0,0,0,0,20,4,0,1,23,0,0,0,22,0,0,1,1,09/27/20,Wolves,West Ham
210,Ruben Neves,8.0,pt POR,CM,90,110,105,5,4,0,6,3,0,0,0,0,0,86,7,17,5,100,3,1,0,98,0,1,2,2,09/27/20,Wolves,West Ham
211,Ruben Vinagre,29.0,pt POR,WB,90,64,54,10,0,0,6,1,4,0,0,0,0,43,7,14,47,4,1,10,0,54,1,1,1,1,09/27/20,Wolves,West Ham
212,Nelson Semedo,22.0,pt POR,WB,72,58,47,11,0,0,2,1,3,0,0,0,0,41,13,4,8,38,0,11,0,47,0,1,2,3,09/27/20,Wolves,West Ham
213,Ki-Jana Hoever,2.0,nl NED,WB,18,21,18,3,1,0,1,0,2,0,0,0,0,14,5,2,1,16,2,2,0,17,0,0,0,1,09/27/20,Wolves,West Ham
214,Romain Saiss,27.0,ma MAR,CB,90,72,72,0,0,0,8,0,0,0,0,0,0,51,9,12,58,4,5,0,0,59,0,1,0,0,09/27/20,Wolves,West Ham
215,Conor Coady,16.0,eng ENG,CB,90,44,44,0,0,0,4,0,0,0,0,0,0,32,1,11,1,39,3,0,0,38,0,0,0,0,09/27/20,Wolves,West Ham
216,Willy Boly,15.0,fr FRA,CB,90,48,48,0,0,0,7,1,0,0,0,0,0,41,3,4,3,39,2,0,0,45,0,0,0,0,09/27/20,Wolves,West Ham
217,Rui PatrÃ­cio,11.0,pt POR,GK,90,21,14,7,2,0,3,0,0,0,0,0,0,9,1,11,13,0,0,0,6,12,0,2,0,0,09/27/20,Wolves,West Ham
218,Aleksandar Mitrovic,9.0,rs SRB,FW,90,14,10,4,0,0,4,0,0,0,0,0,0,11,3,0,1,10,0,0,1,12,0,0,0,1,09/28/20,Fulham,Aston Villa
219,Ivan Cavaleiro,17.0,pt POR,AM,90,38,34,4,0,0,4,3,6,3,0,2,1,25,4,9,5,32,0,1,0,24,0,0,1,4,09/28/20,Fulham,Aston Villa
220,Bobby De Cordova-Reid,14.0,jm JAM,AM,77,24,24,0,0,0,4,3,2,0,0,0,0,15,2,7,4,19,0,0,0,19,0,0,0,1,09/28/20,Fulham,Aston Villa
221,Neeskens Kebano,7.0,cd COD,AM,13,9,8,1,1,0,2,0,2,0,0,0,0,7,0,2,0,9,0,0,0,7,0,0,0,0,09/28/20,Fulham,Aston Villa
222,Tom Cairney,10.0,sco SCO,DM,90,88,84,4,3,0,10,3,2,1,0,1,0,65,7,16,83,5,0,0,0,77,0,2,0,2,09/28/20,Fulham,Aston Villa
223,Andre-Frank Zambo Anguissa,29.0,cm CMR,DM,90,67,66,1,1,0,5,5,1,0,0,0,0,57,4,6,7,59,1,0,0,59,0,1,0,1,09/28/20,Fulham,Aston Villa
224,Joe Bryan,23.0,eng ENG,WB,90,70,54,16,2,0,5,3,6,1,0,0,1,34,19,17,41,12,3,13,0,52,0,0,2,5,09/28/20,Fulham,Aston Villa
225,Kenny Tete,2.0,nl NED,WB,38,28,25,3,1,0,1,0,6,0,0,0,0,17,1,10,0,24,2,2,0,23,0,0,0,1,09/28/20,Fulham,Aston Villa
226,Aboubakar Kamara,47.0,fr FRA,WB,52,34,32,2,1,0,0,1,4,0,0,0,0,23,1,10,1,31,1,1,0,27,0,0,0,3,09/28/20,Fulham,Aston Villa
227,Tim Ream,13.0,us USA,CB,90,53,52,1,1,0,2,1,0,0,0,0,0,42,7,4,39,10,2,0,0,50,0,1,0,1,09/28/20,Fulham,Aston Villa
228,Michael Hector,3.0,jm JAM,CB,57,45,41,4,4,0,0,1,0,0,0,0,0,29,1,15,5,39,1,0,0,37,0,1,0,1,09/28/20,Fulham,Aston Villa
229,Maxime Le Marchand,20.0,fr FRA,CB,33,24,23,1,0,0,0,0,0,0,0,0,0,22,0,2,21,2,0,1,0,22,0,0,0,0,09/28/20,Fulham,Aston Villa
230,Denis Odoi,4.0,be BEL,CB,90,65,61,4,1,0,2,1,3,0,0,0,0,46,4,15,3,54,4,3,0,56,0,2,0,1,09/28/20,Fulham,Aston Villa
231,Alphonse Areola,1.0,fr FRA,GK,90,21,12,9,2,0,2,0,0,0,0,0,0,17,1,3,4,14,0,0,3,19,0,0,0,0,09/28/20,Fulham,Aston Villa
232,Ollie Watkins,11.0,eng ENG,FW,90,24,24,0,0,0,8,0,1,0,0,0,0,11,6,7,2,10,4,0,2,13,0,0,0,1,09/28/20,Aston Villa,Fulham
233,Jack Grealish,10.0,eng ENG,LW,90,36,35,1,0,1,5,1,0,0,0,0,0,25,8,3,1,33,1,1,0,26,0,1,2,4,09/28/20,Aston Villa,Fulham
234,Trezeguet,17.0,eg EGY,RW,83,13,12,1,0,0,2,0,1,0,0,0,0,7,3,3,1,8,2,1,0,8,0,1,1,1,09/28/20,Aston Villa,Fulham
235,Bertrand Traore,15.0,bf BFA,RW,7,6,6,0,0,0,3,1,0,0,0,0,0,3,1,2,5,0,0,0,0,4,0,1,0,0,09/28/20,Aston Villa,Fulham
236,Conor Hourihane,14.0,ie IRL,CM,76,25,19,6,4,0,3,0,3,1,0,0,0,15,3,7,22,1,0,0,0,18,0,0,1,0,09/28/20,Aston Villa,Fulham
237,Jacob Ramsey,41.0,eng ENG,CM,14,4,4,0,0,0,0,0,0,0,0,0,0,4,0,0,1,3,0,0,0,4,0,0,0,0,09/28/20,Aston Villa,Fulham
238,John McGinn,7.0,sco SCO,CM,90,21,17,4,2,1,0,0,1,1,0,0,0,15,1,5,17,3,0,1,0,17,1,0,1,0,09/28/20,Aston Villa,Fulham
239,Douglas Luiz,6.0,br BRA,DM,86,24,22,2,2,0,3,1,0,0,0,0,0,14,5,5,1,19,2,0,0,13,1,0,0,4,09/28/20,Aston Villa,Fulham
240,Marvelous Nakamba,19.0,zw ZIM,DM,4,4,3,1,1,0,0,0,0,0,0,0,0,4,0,0,2,2,0,0,0,4,0,0,0,0,09/28/20,Aston Villa,Fulham
241,Matt Targett,18.0,eng ENG,LB,90,57,44,13,1,0,2,3,1,1,0,0,1,25,16,16,37,1,7,11,0,45,1,2,3,0,09/28/20,Aston Villa,Fulham
242,Tyrone Mings,5.0,eng ENG,CB,90,31,29,2,2,0,0,1,0,0,0,0,0,17,2,12,22,5,4,0,0,22,0,1,0,0,09/28/20,Aston Villa,Fulham
243,Ezri Konsa Ngoyo,4.0,eng ENG,CB,90,18,17,1,1,0,2,1,0,0,0,0,0,12,3,3,1,15,0,0,0,14,0,1,0,1,09/28/20,Aston Villa,Fulham
244,Matthew Cash,2.0,eng ENG,RB,90,27,21,6,3,0,0,2,1,0,0,0,0,14,2,11,0,22,2,3,0,18,0,0,0,1,09/28/20,Aston Villa,Fulham
245,Emiliano MartÃ­nez,26.0,ar ARG,GK,90,40,27,13,2,0,2,1,0,0,0,0,0,10,2,28,3,26,0,0,5,22,0,1,0,0,09/28/20,Aston Villa,Fulham
246,Roberto Firmino,9.0,br BRA,FW,89,44,42,2,0,0,6,1,1,1,0,0,0,38,5,1,5,38,0,0,1,34,0,0,0,3,09/28/20,Liverpool,Arsenal
247,Takumi Minamino,18.0,jp JPN,FW,1,1,1,0,0,0,1,0,0,0,0,0,0,0,1,0,0,0,0,0,0,0,0,0,0,0,09/28/20,Liverpool,Arsenal
248,Sadio Mane,10.0,sn SEN,LW,79,39,38,1,0,0,11,0,0,0,0,0,0,31,5,3,8,29,1,1,0,35,0,0,0,1,09/28/20,Liverpool,Arsenal
249,Diogo Jota,20.0,pt POR,LW,11,7,7,0,0,0,1,0,1,0,0,0,0,6,0,1,3,4,0,0,0,6,0,0,0,0,09/28/20,Liverpool,Arsenal
250,Mohamed Salah,11.0,eg EGY,RW,90,39,37,2,0,1,5,0,0,0,0,0,0,32,4,3,33,3,2,1,0,30,0,0,1,2,09/28/20,Liverpool,Arsenal
251,Georginio Wijnaldum,5.0,nl NED,CM,90,60,58,2,0,0,6,0,0,0,0,0,0,52,6,2,5,53,0,2,0,58,0,0,1,1,09/28/20,Liverpool,Arsenal
252,Naby Keita,8.0,gn GUI,CM,78,43,43,0,0,0,7,1,1,0,0,0,0,39,3,1,6,37,0,0,0,40,0,0,0,0,09/28/20,Liverpool,Arsenal
253,James Milner,7.0,eng ENG,CM,12,9,9,0,0,0,1,0,0,0,0,0,0,8,1,0,2,7,0,0,0,9,0,0,0,0,09/28/20,Liverpool,Arsenal
254,Fabinho,3.0,br BRA,DM,90,70,69,1,1,0,11,2,1,0,0,0,0,59,5,6,4,63,1,0,1,68,0,0,1,0,09/28/20,Liverpool,Arsenal
255,Andrew Robertson,26.0,sco SCO,LB,90,114,98,16,3,0,6,1,4,5,1,2,2,85,16,13,96,6,4,8,0,92,0,1,4,6,09/28/20,Liverpool,Arsenal
256,Virgil van Dijk,4.0,nl NED,CB,90,125,124,1,1,0,9,10,0,0,0,0,0,99,3,23,31,92,2,0,0,114,0,0,0,0,09/28/20,Liverpool,Arsenal
257,Joseph Gomez,12.0,eng ENG,CB,90,121,118,3,3,0,13,2,0,0,0,0,0,99,9,13,7,107,6,0,0,112,0,2,0,2,09/28/20,Liverpool,Arsenal
258,Trent Alexander-Arnold,66.0,eng ENG,RB,90,93,74,19,2,0,15,2,7,1,1,0,0,45,30,18,13,62,2,16,0,71,0,2,1,2,09/28/20,Liverpool,Arsenal
259,Alisson,1.0,br BRA,GK,90,41,36,5,2,0,6,1,0,0,0,0,0,25,3,13,4,36,0,0,1,35,0,0,0,0,09/28/20,Liverpool,Arsenal
260,Alexandre Lacazette,9.0,fr FRA,FW,72,13,10,3,0,0,6,0,0,0,0,0,0,8,2,3,1,9,0,0,0,11,0,0,0,0,09/28/20,Arsenal,Liverpool
261,Eddie Nketiah,30.0,eng ENG,LW,18,1,1,0,0,0,0,0,0,0,0,0,0,1,0,0,0,1,0,0,0,1,0,0,0,0,09/28/20,Arsenal,Liverpool
262,Pierre-Emerick Aubameyang,14.0,ga GAB,"LW,FW",90,25,24,1,0,0,4,1,2,0,0,0,0,14,6,5,2,17,3,0,0,11,1,1,1,2,09/28/20,Arsenal,Liverpool
263,Willian,12.0,br BRA,RW,67,10,10,0,0,1,1,1,1,0,0,0,0,6,1,3,0,9,0,0,0,8,0,0,0,0,09/28/20,Arsenal,Liverpool
264,Nicolas Pepe,19.0,ci CIV,RW,23,7,5,2,0,0,3,0,0,2,2,0,0,5,1,1,7,0,0,0,0,4,0,0,0,1,09/28/20,Arsenal,Liverpool
265,Granit Xhaka,34.0,ch SUI,DM,59,29,28,1,1,0,8,0,0,0,0,0,0,18,10,1,24,3,2,0,0,22,0,1,2,1,09/28/20,Arsenal,Liverpool
266,Dani Ceballos,8.0,es ESP,DM,31,16,15,1,0,1,3,0,0,1,0,1,0,11,1,4,1,15,0,0,0,12,0,0,1,0,09/28/20,Arsenal,Liverpool
267,Mohamed Elneny,25.0,eg EGY,DM,90,35,35,0,0,0,12,1,0,0,0,0,0,27,3,5,3,30,2,0,0,30,1,0,0,1,09/28/20,Arsenal,Liverpool
268,Ainsley Maitland-Niles,15.0,eng ENG,WB,90,30,30,0,0,0,4,2,0,0,0,0,0,19,8,3,5,22,2,0,0,20,0,2,0,2,09/28/20,Arsenal,Liverpool
269,Hector Bellerin,2.0,es ESP,WB,90,41,33,8,2,0,5,1,1,0,0,0,0,23,13,5,4,27,4,6,0,31,1,1,2,0,09/28/20,Arsenal,Liverpool
270,Kieran Tierney,3.0,sco SCO,CB,90,54,46,8,2,0,5,0,1,0,0,0,0,30,8,16,36,7,5,6,0,39,1,1,0,0,09/28/20,Arsenal,Liverpool
271,David Luiz,23.0,br BRA,CB,90,58,57,1,1,1,14,1,0,0,0,0,0,37,7,14,9,47,1,0,1,44,1,3,0,2,09/28/20,Arsenal,Liverpool
272,Rob Holding,16.0,eng ENG,CB,90,45,43,2,2,0,7,2,0,0,0,0,0,30,3,12,2,41,1,0,0,32,0,2,1,0,09/28/20,Arsenal,Liverpool
273,Bernd Leno,1.0,de GER,GK,90,38,26,12,3,0,6,1,0,0,0,0,0,31,1,6,5,28,0,0,4,34,0,0,0,0,09/28/20,Arsenal,Liverpool
274,Tammy Abraham,9.0,eng ENG,FW,90,17,15,2,1,0,5,0,0,0,0,0,0,12,2,3,1,13,1,0,1,11,0,1,0,2,10/03/20,Chelsea,Crystal Palace
275,Timo Werner,11.0,de GER,LW,90,43,42,1,0,0,9,0,0,1,0,0,0,30,7,6,8,33,0,0,0,32,1,1,0,4,10/03/20,Chelsea,Crystal Palace
276,Callum Hudson-Odoi,20.0,eng ENG,RW,82,43,42,1,1,0,4,2,2,0,0,0,0,37,2,4,4,38,1,0,0,37,0,2,0,2,10/03/20,Chelsea,Crystal Palace
277,Christian Pulisic,10.0,us USA,RW,8,7,7,0,0,0,0,0,0,0,0,0,0,2,1,4,1,5,1,0,0,3,0,1,0,0,10/03/20,Chelsea,Crystal Palace
278,Kai Havertz,29.0,de GER,AM,90,51,50,1,0,0,18,0,1,0,0,0,0,38,6,7,35,9,3,1,0,42,0,0,0,2,10/03/20,Chelsea,Crystal Palace
279,Jorginho,5.0,it ITA,DM,90,68,68,0,0,0,8,4,0,0,0,0,0,45,8,15,6,62,0,0,0,63,0,0,0,1,10/03/20,Chelsea,Crystal Palace
280,N'Golo Kante,7.0,fr FRA,DM,82,54,54,0,0,0,4,1,0,0,0,0,0,42,5,7,4,48,2,0,0,49,0,0,1,0,10/03/20,Chelsea,Crystal Palace
281,Mateo Kovacic,17.0,hr CRO,DM,8,11,11,0,0,0,0,2,0,0,0,0,0,8,0,3,0,11,0,0,0,11,0,0,0,0,10/03/20,Chelsea,Crystal Palace
282,Ben Chilwell,21.0,eng ENG,LB,90,97,78,19,3,0,6,5,3,7,5,2,0,56,9,32,75,3,6,9,1,78,0,4,1,3,10/03/20,Chelsea,Crystal Palace
283,Kurt Zouma,15.0,fr FRA,CB,90,103,101,2,1,0,3,6,0,0,0,0,0,88,7,8,15,82,3,1,0,98,0,0,1,1,10/03/20,Chelsea,Crystal Palace
284,Thiago Silva,6.0,br BRA,CB,90,114,112,2,2,0,3,1,1,0,0,0,0,96,9,9,12,95,4,0,1,110,0,0,0,0,10/03/20,Chelsea,Crystal Palace
285,Cesar Azpilicueta,28.0,es ESP,RB,90,101,92,9,2,0,2,1,3,0,0,0,0,78,6,17,8,81,4,7,0,92,0,0,0,1,10/03/20,Chelsea,Crystal Palace
286,Edouard Mendy,16.0,sn SEN,GK,90,25,19,6,1,0,4,1,0,0,0,0,0,20,0,5,1,23,0,0,1,23,0,1,0,0,10/03/20,Chelsea,Crystal Palace
287,Jordan Ayew,9.0,gh GHA,FW,90,18,13,5,1,0,4,0,1,0,0,0,0,13,5,0,0,16,2,0,0,13,0,0,0,2,10/03/20,Crystal Palace,Chelsea
288,Wilfried Zaha,11.0,ci CIV,FW,90,14,14,0,0,0,3,1,1,0,0,0,0,12,0,2,1,13,0,0,0,12,0,1,0,0,10/03/20,Crystal Palace,Chelsea
289,Eberechi Eze,25.0,eng ENG,LM,90,28,25,3,2,0,7,1,0,1,0,0,0,24,1,3,3,25,0,0,0,23,0,1,1,2,10/03/20,Crystal Palace,Chelsea
290,James McCarthy,22.0,ie IRL,CM,66,20,20,0,0,0,5,0,0,0,0,0,0,15,1,4,3,15,1,0,0,13,0,1,0,2,10/03/20,Crystal Palace,Chelsea
291,Luka Milivojevic,4.0,rs SRB,CM,24,19,16,3,3,0,0,2,0,0,0,0,0,13,3,3,1,17,1,0,0,16,0,1,1,0,10/03/20,Crystal Palace,Chelsea
292,James McArthur,18.0,sco SCO,CM,71,31,29,2,1,0,6,1,1,0,0,0,0,22,4,5,4,24,2,0,0,23,0,1,2,0,10/03/20,Crystal Palace,Chelsea
293,Jairo Riedewald,44.0,nl NED,CM,19,10,10,0,0,0,1,0,0,0,0,0,0,8,1,1,8,2,0,0,0,10,0,0,0,0,10/03/20,Crystal Palace,Chelsea
294,Andros Townsend,10.0,eng ENG,RM,90,31,25,6,2,0,7,3,4,4,3,0,1,16,6,9,26,4,1,0,0,19,0,1,0,2,10/03/20,Crystal Palace,Chelsea
295,Tyrick Mitchell,27.0,eng ENG,LB,90,30,24,6,0,0,7,0,0,0,0,0,0,17,7,6,22,1,1,6,0,23,0,0,0,2,10/03/20,Crystal Palace,Chelsea
296,Mamadou Sakho,12.0,fr FRA,CB,90,27,22,5,4,0,6,0,0,0,0,0,0,18,3,6,21,4,1,1,0,24,0,0,0,0,10/03/20,Crystal Palace,Chelsea
297,Cheikhou Kouyate,8.0,sn SEN,CB,90,26,25,1,1,0,6,0,0,0,0,0,0,15,5,6,2,19,1,0,1,18,0,0,1,0,10/03/20,Crystal Palace,Chelsea
298,Joel Ward,2.0,eng ENG,RB,90,48,30,18,0,0,4,0,2,0,0,0,0,16,16,16,2,22,4,18,0,31,0,1,3,1,10/03/20,Crystal Palace,Chelsea
299,Vicente Guaita,31.0,es ESP,GK,90,23,11,12,4,0,1,0,0,0,0,0,0,6,1,16,0,17,0,0,4,9,0,1,1,0,10/03/20,Crystal Palace,Chelsea
300,Dominic Calvert-Lewin,9.0,eng ENG,FW,90,25,22,3,0,0,7,0,1,0,0,0,0,18,5,2,1,19,1,0,0,20,0,0,0,1,10/03/20,Everton,Brighton
301,Richarlison,7.0,br BRA,LW,24,5,5,0,0,0,1,0,0,0,0,0,0,5,0,0,0,5,0,0,0,4,0,0,0,0,10/03/20,Everton,Brighton
302,Alex Iwobi,17.0,ng NGA,LW,66,20,20,0,0,0,9,0,1,0,0,0,0,17,1,2,2,17,0,0,1,17,0,0,0,1,10/03/20,Everton,Brighton
303,James Rodriguez,19.0,co COL,RW,77,50,43,7,4,0,10,3,1,2,1,0,0,30,9,11,48,0,1,1,0,46,0,0,0,1,10/03/20,Everton,Brighton
304,Theo Walcott,11.0,eng ENG,RW,13,1,1,0,0,0,0,0,0,0,0,0,0,1,0,0,0,1,0,0,0,1,0,0,0,0,10/03/20,Everton,Brighton
305,Gylfi Sigurdsson,10.0,is ISL,CM,90,38,37,1,0,0,6,0,1,1,1,0,0,25,4,9,10,25,3,0,0,29,0,1,0,2,10/03/20,Everton,Brighton
306,Abdoulaye Doucoure,16.0,fr FRA,CM,90,57,53,4,4,0,12,1,0,0,0,0,0,50,5,2,11,46,0,0,0,53,0,0,0,2,10/03/20,Everton,Brighton
307,Tom Davies,26.0,eng ENG,"DM,RB",90,54,52,2,1,0,6,0,1,0,0,0,0,43,4,7,9,41,3,1,0,44,0,0,0,2,10/03/20,Everton,Brighton
308,Lucas Digne,12.0,fr FRA,LB,90,59,49,10,1,0,6,1,5,0,0,0,0,33,14,12,38,9,1,9,1,48,0,2,1,2,10/03/20,Everton,Brighton
309,Michael Keane,5.0,eng ENG,CB,90,56,55,1,1,0,7,0,0,0,0,0,0,46,5,5,16,38,1,0,0,50,0,2,0,0,10/03/20,Everton,Brighton
310,Yerry Mina,13.0,co COL,CB,90,45,44,1,1,0,5,0,0,0,0,0,0,40,0,5,7,36,1,0,0,39,0,0,0,1,10/03/20,Everton,Brighton
311,Seamus Coleman,23.0,ie IRL,RB,57,33,31,2,0,0,5,0,1,0,0,0,0,25,2,6,4,25,2,2,0,30,0,0,0,0,10/03/20,Everton,Brighton
312,Fabian Delph,8.0,eng ENG,DM,33,20,20,0,0,0,4,0,0,0,0,0,0,18,0,2,14,6,0,0,0,17,0,0,0,0,10/03/20,Everton,Brighton
313,Jordan Pickford,1.0,eng ENG,GK,90,31,19,12,4,0,2,0,0,0,0,0,0,15,0,16,19,6,0,0,3,19,0,2,0,0,10/03/20,Everton,Brighton
314,Aaron Connolly,7.0,ie IRL,FW,65,8,5,3,0,0,0,0,1,0,0,0,0,6,2,0,0,8,0,0,0,4,0,0,1,0,10/03/20,Brighton,Everton
315,Adam Lallana,14.0,eng ENG,"WB,FW",25,23,19,4,0,0,5,1,0,3,0,0,1,20,2,1,4,19,0,0,0,18,0,0,0,1,10/03/20,Brighton,Everton
316,Neal Maupay,9.0,fr FRA,"LW,FW",90,23,22,1,0,0,7,0,0,0,0,0,0,20,2,1,7,13,1,0,2,19,0,1,0,0,10/03/20,Brighton,Everton
317,Leandro Trossard,11.0,be BEL,"RW,LW",90,44,38,6,2,0,10,2,2,3,0,0,0,30,6,8,11,32,0,1,0,33,1,1,0,3,10/03/20,Brighton,Everton
318,Steven Alzate,17.0,co COL,DM,81,62,62,0,0,0,8,1,1,0,0,0,0,58,1,3,7,53,1,0,1,57,0,1,0,2,10/03/20,Brighton,Everton
319,Pascal Gross,13.0,de GER,DM,9,17,16,1,0,0,1,1,0,1,1,0,0,15,0,2,0,17,0,0,0,16,0,0,0,0,10/03/20,Brighton,Everton
320,Yves Bissouma,8.0,ml MLI,DM,90,80,77,3,2,0,8,3,3,0,0,0,0,67,7,6,5,73,1,1,0,69,0,2,1,2,10/03/20,Brighton,Everton
321,Solly March,20.0,eng ENG,"WB,RW",90,59,51,8,1,0,12,0,5,2,1,0,0,41,8,10,45,6,3,5,0,45,1,1,0,4,10/03/20,Brighton,Everton
322,Tariq Lamptey,2.0,eng ENG,WB,45,21,17,4,1,0,2,2,1,0,0,0,0,13,5,3,4,13,0,3,0,20,0,0,0,0,10/03/20,Brighton,Everton
323,Joel Veltman,34.0,nl NED,WB,45,56,49,7,2,0,6,1,3,1,0,0,0,37,9,10,11,37,3,4,0,43,0,1,1,3,10/03/20,Brighton,Everton
324,Adam Webster,4.0,eng ENG,CB,90,75,73,2,0,0,8,1,0,0,0,0,0,61,6,8,17,53,3,2,0,63,0,0,0,2,10/03/20,Brighton,Everton
325,Lewis Dunk,5.0,eng ENG,CB,90,61,60,1,1,0,4,1,0,0,0,0,0,45,11,5,7,47,6,0,1,55,0,1,1,0,10/03/20,Brighton,Everton
326,Ben White,3.0,eng ENG,CB,90,86,85,1,1,0,10,3,0,0,0,0,0,67,9,10,7,74,4,0,0,74,0,2,0,1,10/03/20,Brighton,Everton
327,Mathew Ryan,1.0,au AUS,GK,90,26,21,5,2,0,6,0,0,0,0,0,0,20,1,5,3,18,0,0,5,24,0,1,0,0,10/03/20,Brighton,Everton
328,Patrick Bamford,9.0,eng ENG,FW,90,11,9,2,0,0,0,0,0,0,0,0,0,10,1,0,9,1,0,0,1,8,0,0,1,0,10/03/20,Leeds United,Manchester City
329,Ezgjan Alioski,10.0,mk MKD,LM,45,21,20,1,0,0,4,1,0,0,0,0,0,14,6,1,15,0,2,1,0,15,0,0,0,2,10/03/20,Leeds United,Manchester City
330,Ian Poveda-Ocampo,7.0,eng ENG,"LM,RM",45,14,13,1,0,0,1,0,1,0,0,0,0,9,4,1,10,2,1,1,0,12,0,0,0,0,10/03/20,Leeds United,Manchester City
331,Mateusz Klich,43.0,pl POL,CM,76,30,30,0,0,0,0,0,2,0,0,0,0,23,2,5,1,27,2,0,0,29,0,0,0,0,10/03/20,Leeds United,Manchester City
332,Leif Davis,24.0,eng ENG,"LB,CM",14,6,6,0,0,0,1,0,0,0,0,0,0,3,3,0,5,0,1,0,0,5,0,0,0,0,10/03/20,Leeds United,Manchester City
333,Tyler Roberts,11.0,wal WAL,CM,55,12,12,0,0,0,0,0,0,0,0,0,0,6,3,3,0,9,2,0,1,9,0,0,0,0,10/03/20,Leeds United,Manchester City
334,Rodrigo,20.0,es ESP,CM,35,17,17,0,0,0,2,1,2,0,0,0,0,13,1,3,14,3,0,0,0,14,0,0,1,0,10/03/20,Leeds United,Manchester City
335,Helder Costa,17.0,pt POR,"RM,LM",90,28,28,0,0,0,2,0,0,0,0,0,0,25,2,1,20,7,1,0,0,23,0,1,0,3,10/03/20,Leeds United,Manchester City
336,Kalvin Phillips,23.0,eng ENG,DM,90,45,36,9,2,0,2,2,1,7,3,2,0,32,3,10,3,42,0,0,0,34,1,2,0,2,10/03/20,Leeds United,Manchester City
337,Stuart Dallas,15.0,nir NIR,"LB,CM",90,56,51,5,1,0,3,0,1,0,0,0,0,35,8,13,14,33,5,4,0,42,1,5,1,0,10/03/20,Leeds United,Manchester City
338,Liam Cooper,6.0,sco SCO,CB,90,58,55,3,3,0,1,4,0,0,0,0,0,43,3,12,49,6,3,0,0,52,0,2,0,0,10/03/20,Leeds United,Manchester City
339,Robin Koch,5.0,de GER,CB,90,63,58,5,4,0,0,1,0,0,0,0,0,46,4,13,3,57,2,1,0,54,0,2,1,0,10/03/20,Leeds United,Manchester City
340,Luke Ayling,2.0,eng ENG,RB,90,47,34,13,3,0,3,0,3,0,0,0,0,21,14,12,7,25,5,10,0,34,0,2,1,2,10/03/20,Leeds United,Manchester City
341,Illan Meslier,1.0,fr FRA,GK,90,57,41,16,2,0,2,1,0,0,0,0,0,32,0,25,43,7,0,0,7,44,0,2,0,0,10/03/20,Leeds United,Manchester City
342,Riyad Mahrez,26.0,dz ALG,"FW,RW",76,39,32,7,0,1,12,2,0,4,4,0,0,29,3,7,36,1,1,1,0,33,0,2,0,0,10/03/20,Manchester City,Leeds United
343,Fernandinho,25.0,br BRA,"CM,RW",14,9,9,0,0,0,3,0,0,0,0,0,0,6,2,1,0,6,1,0,1,7,0,0,0,1,10/03/20,Manchester City,Leeds United
344,Raheem Sterling,7.0,eng ENG,"LW,FW",90,28,25,3,0,0,9,0,0,0,0,0,0,23,4,1,3,22,0,3,0,23,1,0,0,1,10/03/20,Manchester City,Leeds United
345,Ferran Torres,21.0,es ESP,RW,64,23,23,0,0,1,5,0,2,0,0,0,0,22,0,1,1,21,0,0,0,17,0,0,0,2,10/03/20,Manchester City,Leeds United
346,Bernardo Silva,20.0,pt POR,"RW,CM",26,17,16,1,0,0,7,0,0,1,1,0,0,15,0,2,17,0,0,0,0,14,0,0,0,1,10/03/20,Manchester City,Leeds United
347,Phil Foden,47.0,eng ENG,"CM,LW",90,37,37,0,0,0,11,1,3,0,0,0,0,32,0,5,35,1,0,0,0,27,0,0,1,3,10/03/20,Manchester City,Leeds United
348,Kevin De Bruyne,17.0,be BEL,"CM,AM",90,50,39,11,5,1,14,3,3,5,5,0,0,33,5,12,8,39,2,1,0,39,0,1,0,2,10/03/20,Manchester City,Leeds United
349,Rodrigo,16.0,es ESP,"DM,CM",90,45,44,1,1,0,14,0,0,0,0,0,0,39,3,3,13,30,1,0,0,42,0,0,0,1,10/03/20,Manchester City,Leeds United
350,Benjamin Mendy,22.0,fr FRA,LB,70,30,24,6,0,0,7,0,0,0,0,0,0,18,4,8,21,0,1,6,0,17,1,1,0,2,10/03/20,Manchester City,Leeds United
351,Nathan Ake,6.0,nl NED,LB,20,9,9,0,0,0,2,0,0,0,0,0,0,8,0,1,5,3,0,0,0,9,0,0,0,0,10/03/20,Manchester City,Leeds United
352,Aymeric Laporte,14.0,fr FRA,CB,90,34,33,1,1,0,6,1,0,0,0,0,0,30,2,2,20,14,0,0,0,28,0,1,0,1,10/03/20,Manchester City,Leeds United
353,Ruben Dias,3.0,pt POR,CB,90,34,34,0,0,0,8,0,0,0,0,0,0,25,5,4,4,24,5,0,0,28,0,1,0,1,10/03/20,Manchester City,Leeds United
354,Kyle Walker,2.0,eng ENG,RB,90,52,33,19,1,0,3,0,0,0,0,0,0,26,19,7,1,30,1,18,1,44,1,0,3,1,10/03/20,Manchester City,Leeds United
355,Ederson,31.0,br BRA,GK,90,30,20,10,4,0,6,0,0,0,0,0,0,22,0,8,25,1,0,0,4,24,0,0,0,0,10/03/20,Manchester City,Leeds United
356,Callum Wilson,13.0,eng ENG,FW,90,11,11,0,0,0,1,0,1,0,0,0,0,8,3,0,3,7,0,0,1,8,0,0,0,1,10/03/20,Newcastle Utd,Burnley
357,Joelinton,9.0,br BRA,FW,89,45,44,1,1,0,16,0,0,0,0,0,0,27,9,9,7,30,5,0,2,35,0,3,0,0,10/03/20,Newcastle Utd,Burnley
358,Sean Longstaff,36.0,eng ENG,FW,1,0,0,0,0,0,0,0,0,0,0,0,0,0,0,0,0,0,0,0,0,0,0,0,0,0,10/03/20,Newcastle Utd,Burnley
359,Allan Saint-Maximin,10.0,fr FRA,LM,72,23,23,0,0,0,1,0,2,0,0,0,0,21,1,1,3,20,0,0,0,18,1,0,1,0,10/03/20,Newcastle Utd,Burnley
360,Ryan Fraser,21.0,sco SCO,LM,18,12,11,1,0,0,1,0,1,1,0,0,0,10,2,0,2,10,0,0,0,8,0,0,0,1,10/03/20,Newcastle Utd,Burnley
361,Jeff Hendrick,16.0,ie IRL,RM,90,38,38,0,0,0,8,0,0,0,0,0,0,24,8,6,5,27,2,0,0,25,0,1,1,2,10/03/20,Newcastle Utd,Burnley
362,Isaac Hayden,14.0,eng ENG,DM,90,34,33,1,1,0,9,1,0,0,0,0,0,20,5,9,5,24,2,0,0,26,0,1,0,1,10/03/20,Newcastle Utd,Burnley
363,Jonjo Shelvey,8.0,eng ENG,DM,90,64,56,8,4,1,11,5,2,2,0,1,0,34,7,23,8,50,4,0,0,51,0,1,0,0,10/03/20,Newcastle Utd,Burnley
364,Jamal Lewis,15.0,nir NIR,LB,90,44,37,7,0,0,4,0,2,0,0,0,0,25,12,7,34,1,0,7,0,32,0,1,0,1,10/03/20,Newcastle Utd,Burnley
365,Federico Fernandez,18.0,ar ARG,CB,90,46,44,2,2,0,0,1,0,0,0,0,0,28,6,12,2,34,10,0,0,33,1,1,1,1,10/03/20,Newcastle Utd,Burnley
366,Fabian Schar,5.0,ch SUI,CB,54,33,31,2,2,1,4,1,0,0,0,0,0,15,4,14,4,26,2,0,0,24,1,0,1,0,10/03/20,Newcastle Utd,Burnley
367,Javier Manquillo,19.0,es ESP,RB,36,16,11,5,1,0,0,2,0,0,0,0,0,9,4,3,1,11,0,4,0,14,0,0,0,0,10/03/20,Newcastle Utd,Burnley
368,Emil Krafth,17.0,se SWE,"RB,CB",90,51,44,7,0,0,8,0,2,0,0,0,0,28,14,9,0,38,2,7,0,40,0,1,2,1,10/03/20,Newcastle Utd,Burnley
369,Karl Darlow,26.0,eng ENG,GK,90,40,27,13,8,0,0,3,0,0,0,0,0,8,1,31,2,28,0,0,8,17,1,2,0,1,10/03/20,Newcastle Utd,Burnley
370,Chris Wood,9.0,nz NZL,FW,90,23,20,3,0,0,7,0,0,0,0,0,0,15,2,6,3,12,2,0,1,14,0,0,0,1,10/03/20,Burnley,Newcastle Utd
371,Ashley Barnes,10.0,at AUT,FW,76,19,19,0,0,0,8,0,1,0,0,0,0,11,2,6,1,13,0,0,1,10,0,1,0,3,10/03/20,Burnley,Newcastle Utd
372,Matej Vydra,27.0,cz CZE,FW,14,2,2,0,0,0,0,0,0,0,0,0,0,1,1,0,0,2,0,0,0,1,0,0,0,0,10/03/20,Burnley,Newcastle Utd
373,Dwight McNeil,11.0,eng ENG,LM,90,56,48,8,6,0,9,4,2,2,2,0,0,31,6,19,49,2,2,0,0,44,2,1,0,0,10/03/20,Burnley,Newcastle Utd
374,Dale Stephens,16.0,eng ENG,CM,67,33,32,1,1,0,6,0,0,0,0,0,0,20,8,5,2,27,3,0,0,28,0,0,0,1,10/03/20,Burnley,Newcastle Utd
375,Johann Gudmundsson,7.0,is ISL,RM,23,15,15,0,0,0,1,0,0,0,0,0,0,14,0,1,14,1,0,0,0,14,0,0,0,0,10/03/20,Burnley,Newcastle Utd
376,Ashley Westwood,18.0,eng ENG,CM,90,73,67,6,3,0,6,4,3,2,2,0,0,36,12,25,6,65,2,0,0,50,0,1,1,1,10/03/20,Burnley,Newcastle Utd
377,Josh Brownhill,8.0,eng ENG,"RM,CM",90,50,47,3,1,0,11,0,0,0,0,0,0,30,11,9,6,28,7,2,1,42,0,2,0,2,10/03/20,Burnley,Newcastle Utd
378,Charlie Taylor,3.0,eng ENG,LB,90,65,55,10,1,0,11,1,4,0,0,0,0,29,20,16,45,3,2,9,1,45,0,3,1,1,10/03/20,Burnley,Newcastle Utd
379,James Tarkowski,5.0,eng ENG,CB,90,46,46,0,0,0,12,1,0,0,0,0,0,19,7,20,7,22,7,0,0,30,0,0,0,0,10/03/20,Burnley,Newcastle Utd
380,Kevin Long,28.0,ie IRL,CB,90,33,32,1,1,0,4,2,0,0,0,0,0,21,3,9,1,26,5,0,0,26,0,0,0,0,10/03/20,Burnley,Newcastle Utd
381,Phil Bardsley,26.0,sco SCO,RB,90,57,46,11,0,0,4,2,3,0,0,0,0,23,14,20,1,40,5,11,0,41,1,0,1,2,10/03/20,Burnley,Newcastle Utd
382,Nick Pope,1.0,eng ENG,GK,90,30,20,10,4,0,7,1,0,0,0,0,0,13,1,16,3,21,0,0,6,17,0,0,0,1,10/03/20,Burnley,Newcastle Utd
383,Jamie Vardy,9.0,eng ENG,FW,90,20,16,4,0,0,9,0,0,0,0,0,0,12,5,3,5,12,1,0,0,13,1,0,0,2,10/04/20,Leicester City,West Ham
384,Harvey Barnes,15.0,eng ENG,LW,90,31,31,0,0,0,5,0,1,0,0,0,0,27,1,3,6,24,1,0,0,24,1,0,0,2,10/04/20,Leicester City,West Ham
385,Ayoze Perez,17.0,es ESP,RW,63,25,25,0,0,0,4,0,1,0,0,0,0,20,2,3,4,21,0,0,0,15,0,0,0,1,10/04/20,Leicester City,West Ham
386,Kelechi Iheanacho,14.0,ng NGA,RW,27,14,14,0,0,1,2,0,0,0,0,0,0,12,1,1,14,0,0,0,0,12,1,0,0,0,10/04/20,Leicester City,West Ham
387,Nampalys Mendy,24.0,fr FRA,DM,88,97,96,1,1,0,3,0,0,0,0,0,0,81,8,8,9,86,1,0,0,89,1,0,0,0,10/04/20,Leicester City,West Ham
388,Hamza Choudhury,20.0,eng ENG,DM,2,9,9,0,0,0,0,0,0,0,0,0,0,9,0,0,0,9,0,0,0,8,0,0,1,0,10/04/20,Leicester City,West Ham
389,Youri Tielemans,8.0,be BEL,"DM,CM",90,111,101,10,4,0,9,3,3,6,1,5,0,81,10,20,21,90,0,0,0,87,0,1,1,1,10/04/20,Leicester City,West Ham
390,James Justin,2.0,eng ENG,"WB,LB",90,64,55,9,0,0,4,1,4,0,0,0,0,36,17,11,15,36,4,9,0,51,0,0,0,2,10/04/20,Leicester City,West Ham
391,Timothy Castagne,27.0,be BEL,"WB,RB",90,83,75,8,0,0,6,1,2,0,0,0,0,53,17,13,12,57,3,8,0,68,0,1,1,5,10/04/20,Leicester City,West Ham
392,Caglar Soyuncu,4.0,tr TUR,CB,90,88,84,4,1,0,5,1,0,0,0,0,0,69,5,14,16,58,7,3,1,80,0,0,1,1,10/04/20,Leicester City,West Ham
393,Jonny Evans,6.0,nir NIR,CB,90,82,78,4,2,0,6,0,0,0,0,0,0,63,10,9,14,57,6,2,0,71,0,0,1,1,10/04/20,Leicester City,West Ham
394,Daniel Amartey,18.0,gh GHA,CB,54,47,45,2,0,0,1,1,0,0,0,0,0,38,4,5,3,41,0,2,0,43,0,0,0,0,10/04/20,Leicester City,West Ham
395,Cengiz Ãnder,19.0,tr TUR,CM,36,18,17,1,1,0,3,0,1,0,0,0,0,13,1,4,11,7,0,0,0,11,0,0,0,2,10/04/20,Leicester City,West Ham
396,Kasper Schmeichel,1.0,dk DEN,GK,90,33,28,5,1,0,2,0,0,0,0,0,0,19,2,12,0,26,0,0,5,26,0,0,0,0,10/04/20,Leicester City,West Ham
397,Michail Antonio,30.0,eng ENG,FW,87,18,17,1,1,0,8,1,1,0,0,0,0,8,7,3,4,10,2,0,1,11,0,0,1,2,10/04/20,West Ham,Leicester City
398,Sebastien Haller,22.0,fr FRA,FW,3,4,4,0,0,0,3,0,0,0,0,0,0,2,1,1,1,1,0,0,0,2,0,0,0,1,10/04/20,West Ham,Leicester City
399,Pablo Fornals,18.0,es ESP,CM,90,26,25,1,0,1,6,0,0,0,0,0,0,20,4,2,4,19,1,0,0,21,1,0,0,1,10/04/20,West Ham,Leicester City
400,Jarrod Bowen,20.0,eng ENG,CM,87,25,23,2,0,0,5,3,2,2,2,0,0,15,6,4,16,9,0,0,0,15,0,1,0,3,10/04/20,West Ham,Leicester City
401,Mark Noble,16.0,eng ENG,CM,3,1,1,0,0,0,0,0,0,0,0,0,0,0,1,0,0,1,0,0,0,1,0,0,0,0,10/04/20,West Ham,Leicester City
402,Declan Rice,41.0,eng ENG,DM,90,32,32,0,0,0,11,0,0,0,0,0,0,26,3,3,6,24,1,0,0,29,0,0,0,1,10/04/20,West Ham,Leicester City
403,Tomas Soucek,28.0,cz CZE,DM,90,28,27,1,0,0,13,2,1,1,1,0,0,15,7,6,1,20,3,0,0,17,0,0,2,0,10/04/20,West Ham,Leicester City
404,Arthur Masuaku,26.0,cd COD,WB,90,29,28,1,0,0,11,3,0,0,0,0,0,23,2,4,26,1,0,1,1,24,1,1,0,2,10/04/20,West Ham,Leicester City
405,VladimÃ­r Coufal,5.0,cz CZE,WB,90,34,25,9,0,0,8,1,0,0,0,0,0,12,9,13,1,21,1,9,0,18,0,0,3,0,10/04/20,West Ham,Leicester City
406,Aaron Cresswell,3.0,eng ENG,CB,90,49,40,9,4,1,4,3,2,1,0,1,0,22,8,19,36,4,4,4,0,37,0,3,0,0,10/04/20,West Ham,Leicester City
407,Angelo Ogbonna,21.0,it ITA,CB,90,24,24,0,0,0,6,0,0,0,0,0,0,16,2,6,14,8,1,0,0,19,0,0,1,0,10/04/20,West Ham,Leicester City
408,Fabian Balbuena,4.0,py PAR,CB,90,27,24,3,3,0,2,0,0,0,0,0,0,15,5,7,6,20,1,0,0,19,0,2,0,1,10/04/20,West Ham,Leicester City
409,Åukasz FabiaÅski,1.0,pl POL,GK,90,31,22,9,6,0,5,2,0,0,0,0,0,5,1,25,2,23,0,0,4,16,0,3,0,0,10/04/20,West Ham,Leicester City
410,Danny Ings,9.0,eng ENG,FW,90,29,29,0,0,0,10,1,1,0,0,0,0,14,8,7,3,24,0,0,0,17,1,0,0,2,10/04/20,Southampton,West Brom
411,Che Adams,10.0,eng ENG,FW,83,21,21,0,0,0,4,0,0,0,0,0,0,14,4,3,5,14,0,0,2,15,0,0,3,1,10/04/20,Southampton,West Brom
412,Shane Long,7.0,ie IRL,FW,7,4,4,0,0,0,2,0,0,0,0,0,0,1,1,2,1,1,1,0,0,0,0,0,0,2,10/04/20,Southampton,West Brom
413,Moussa Djenepo,12.0,ml MLI,LM,54,14,14,0,0,0,2,0,0,0,0,0,0,12,1,1,6,8,0,0,0,11,0,0,0,1,10/04/20,Southampton,West Brom
414,Nathan Redmond,11.0,eng ENG,LM,36,10,10,0,0,0,1,0,0,0,0,0,0,7,3,0,1,9,0,0,0,9,0,0,0,0,10/04/20,Southampton,West Brom
415,Stuart Armstrong,17.0,sco SCO,RM,90,39,38,1,0,0,5,0,1,0,0,0,0,31,7,1,12,25,1,0,1,31,0,1,1,2,10/04/20,Southampton,West Brom
416,Oriol Romeu,6.0,es ESP,DM,90,66,65,1,1,0,13,0,0,0,0,0,0,44,6,16,16,45,4,0,0,54,0,2,1,2,10/04/20,Southampton,West Brom
417,James Ward-Prowse,8.0,eng ENG,DM,90,68,61,7,2,0,7,0,2,5,3,2,0,39,8,21,10,52,4,0,1,49,0,0,0,2,10/04/20,Southampton,West Brom
418,Ryan Bertrand,3.0,eng ENG,LB,90,69,47,22,3,0,8,0,1,0,0,0,0,33,11,25,42,2,3,19,1,52,0,0,0,4,10/04/20,Southampton,West Brom
419,Jannik Vestergaard,4.0,dk DEN,CB,90,61,60,1,1,0,7,2,0,0,0,0,0,44,3,14,13,41,5,0,0,52,0,1,0,0,10/04/20,Southampton,West Brom
420,Jan Bednarek,35.0,pl POL,CB,90,60,59,1,1,0,7,1,0,0,0,0,0,43,5,12,11,44,3,0,0,55,0,2,0,0,10/04/20,Southampton,West Brom
421,Kyle Walker-Peters,2.0,eng ENG,RB,90,75,61,14,1,0,16,0,2,0,0,0,0,50,6,19,3,57,2,13,0,61,0,0,4,2,10/04/20,Southampton,West Brom
422,Alex McCarthy,1.0,eng ENG,GK,90,49,42,7,1,0,8,2,0,0,0,0,0,24,1,24,12,28,0,0,7,34,0,1,0,0,10/04/20,Southampton,West Brom
423,Callum Robinson,7.0,ie IRL,FW,59,10,9,1,0,0,2,0,0,0,0,0,0,4,3,3,1,8,1,0,0,5,0,1,3,0,10/04/20,West Brom,Southampton
424,Hal Robson-Kanu,4.0,wal WAL,FW,31,1,1,0,0,0,0,0,1,0,0,0,0,0,0,1,0,1,0,0,0,0,0,0,0,0,10/04/20,West Brom,Southampton
425,Grady Diangana,11.0,eng ENG,LW,90,19,19,0,0,0,4,0,2,0,0,0,0,12,4,3,16,2,0,0,0,14,0,0,1,1,10/04/20,West Brom,Southampton
426,Kyle Edwards,21.0,eng ENG,RW,45,10,10,0,0,0,4,0,0,0,0,0,0,7,2,1,1,8,0,0,1,9,0,0,0,1,10/04/20,West Brom,Southampton
427,Sam Field,28.0,eng ENG,DM,45,22,22,0,0,0,5,0,0,0,0,0,0,11,0,11,15,0,6,0,0,14,0,0,1,0,10/04/20,West Brom,Southampton
428,Matheus Pereira,12.0,br BRA,"RW,AM",90,34,24,10,9,0,4,2,1,1,0,0,0,19,5,10,29,4,0,0,0,21,0,0,2,3,10/04/20,West Brom,Southampton
429,Romaine Sawyers,19.0,kn SKN,DM,63,26,23,3,2,0,3,0,0,0,0,0,0,21,2,3,0,24,0,0,1,24,0,0,0,0,10/04/20,West Brom,Southampton
430,Filip KrovinoviÄ,17.0,hr CRO,DM,27,8,8,0,0,0,1,0,0,0,0,0,0,6,2,0,1,6,1,0,0,8,0,0,0,0,10/04/20,West Brom,Southampton
431,Jake Livermore,8.0,eng ENG,"DM,AM",90,23,21,2,1,0,3,0,0,0,0,0,0,13,3,7,0,20,3,0,0,20,0,1,1,0,10/04/20,West Brom,Southampton
432,Conor Townsend,14.0,eng ENG,LB,90,51,41,10,1,0,6,1,2,0,0,0,0,27,9,15,33,5,4,9,0,36,0,1,3,3,10/04/20,West Brom,Southampton
433,Kyle Bartley,5.0,eng ENG,CB,90,32,31,1,1,0,4,1,0,0,0,0,0,20,1,11,6,19,6,0,0,21,0,0,1,1,10/04/20,West Brom,Southampton
434,Semi Ajayi,6.0,ng NGA,CB,90,33,30,3,3,0,5,1,0,0,0,0,0,23,2,8,3,28,1,0,0,25,0,0,0,0,10/04/20,West Brom,Southampton
435,Dara O'Shea,27.0,ie IRL,RB,90,49,37,12,0,0,10,0,0,0,0,0,0,13,9,27,2,25,6,12,1,27,0,3,1,1,10/04/20,West Brom,Southampton
436,Sam Johnstone,1.0,eng ENG,GK,90,32,20,12,3,0,2,3,0,0,0,0,0,7,2,23,5,21,0,0,4,21,0,1,0,1,10/04/20,West Brom,Southampton
437,Eddie Nketiah,30.0,eng ENG,FW,57,12,11,1,0,0,5,0,0,0,0,0,0,6,6,0,1,8,1,0,1,9,0,0,0,1,10/04/20,Arsenal,Sheffield Utd
438,Nicolas Pepe,19.0,ci CIV,RW,33,11,11,0,0,0,1,1,0,0,0,0,0,9,2,0,11,0,0,0,0,8,0,0,0,1,10/04/20,Arsenal,Sheffield Utd
439,Pierre-Emerick Aubameyang,14.0,ga GAB,"LW,FW",90,33,32,1,0,3,2,0,1,0,0,0,0,22,7,4,2,31,0,0,0,26,0,1,1,0,10/04/20,Arsenal,Sheffield Utd
440,Willian,12.0,br BRA,"RW,CM,LW",90,62,59,3,1,0,6,5,2,2,1,1,0,45,10,7,9,52,1,0,0,52,0,0,1,2,10/04/20,Arsenal,Sheffield Utd
441,Bukayo Saka,7.0,eng ENG,"CM,LW",86,36,34,2,0,0,12,0,2,0,0,0,0,30,6,0,25,9,0,2,0,29,0,0,0,0,10/04/20,Arsenal,Sheffield Utd
442,Ainsley Maitland-Niles,15.0,eng ENG,CM,4,0,0,0,0,0,0,0,0,0,0,0,0,0,0,0,0,0,0,0,0,0,0,0,0,0,10/04/20,Arsenal,Sheffield Utd
443,Mohamed Elneny,25.0,eg EGY,CM,90,86,85,1,0,0,16,4,1,0,0,0,0,73,7,6,5,77,3,1,0,83,0,1,0,0,10/04/20,Arsenal,Sheffield Utd
444,Dani Ceballos,8.0,es ESP,DM,80,87,85,2,2,0,13,5,0,0,0,0,0,62,19,6,2,85,0,0,0,78,0,1,0,2,10/04/20,Arsenal,Sheffield Utd
445,Granit Xhaka,34.0,ch SUI,DM,10,5,5,0,0,0,2,0,0,0,0,0,0,2,1,2,2,1,2,0,0,3,0,1,0,0,10/04/20,Arsenal,Sheffield Utd
446,Kieran Tierney,3.0,sco SCO,LB,90,92,82,10,0,0,11,1,6,0,0,0,0,62,17,13,74,7,0,10,0,76,0,0,0,3,10/04/20,Arsenal,Sheffield Utd
447,Gabriel Magalhaes,6.0,br BRA,CB,90,98,95,3,3,0,17,4,0,0,0,0,0,76,16,6,88,6,0,0,0,90,0,1,0,2,10/04/20,Arsenal,Sheffield Utd
448,David Luiz,23.0,br BRA,CB,90,93,91,2,2,0,13,1,0,0,0,0,0,71,10,12,16,74,2,0,0,79,0,3,1,2,10/04/20,Arsenal,Sheffield Utd
449,Hector Bellerin,2.0,es ESP,RB,90,68,59,9,0,0,16,0,2,0,0,0,0,43,20,5,9,47,3,9,0,59,0,0,0,2,10/04/20,Arsenal,Sheffield Utd
450,Bernd Leno,1.0,de GER,GK,90,47,34,13,4,0,10,0,0,0,0,0,0,38,1,8,9,37,0,0,1,39,0,3,0,0,10/04/20,Arsenal,Sheffield Utd
451,David McGoldrick,17.0,ie IRL,"FW,RW",90,33,31,2,0,0,7,1,0,0,0,0,0,24,4,5,4,24,0,1,0,25,0,1,0,1,10/04/20,Sheffield Utd,Arsenal
452,Oliver Burke,14.0,sco SCO,FW,55,11,11,0,0,0,7,0,1,0,0,0,0,6,3,2,2,5,0,0,1,6,0,1,1,1,10/04/20,Sheffield Utd,Arsenal
453,Oliver McBurnie,9.0,sco SCO,FW,35,8,8,0,0,0,4,0,1,0,0,0,0,5,2,1,2,4,0,0,0,5,0,0,1,1,10/04/20,Sheffield Utd,Arsenal
454,Ben Osborn,23.0,eng ENG,CM,62,22,21,1,1,0,3,0,3,0,0,0,0,15,2,5,16,5,1,0,0,15,0,2,0,1,10/04/20,Sheffield Utd,Arsenal
455,John Fleck,4.0,sco SCO,"CM,AM",28,14,12,2,0,0,1,0,0,2,2,0,0,10,1,3,13,1,0,0,0,10,0,0,0,0,10/04/20,Sheffield Utd,Arsenal
456,John Lundstram,7.0,eng ENG,"CM,DM",90,46,41,5,1,0,5,2,0,2,2,0,0,32,7,7,11,35,0,0,0,39,0,1,1,2,10/04/20,Sheffield Utd,Arsenal
457,Sander Berge,8.0,no NOR,DM,90,53,53,0,0,0,3,2,0,0,0,0,0,40,6,7,3,47,2,0,0,46,0,1,0,0,10/04/20,Sheffield Utd,Arsenal
458,Enda Stevens,3.0,ie IRL,"WB,LB",90,51,48,3,0,0,5,1,3,0,0,0,0,35,9,7,43,3,2,3,0,40,1,1,0,3,10/04/20,Sheffield Utd,Arsenal
459,George Baldock,2.0,eng ENG,"WB,RB",90,32,30,2,0,0,4,1,0,0,0,0,0,20,7,5,3,24,2,2,0,24,0,0,0,4,10/04/20,Sheffield Utd,Arsenal
460,Jack Robinson,19.0,eng ENG,CB,90,56,48,8,0,0,8,1,4,0,0,0,0,36,3,17,39,4,3,8,0,47,0,1,0,1,10/04/20,Sheffield Utd,Arsenal
461,John Egan,12.0,ie IRL,CB,90,28,28,0,0,0,4,0,0,0,0,0,0,20,4,4,2,23,3,0,0,27,0,0,0,0,10/04/20,Sheffield Utd,Arsenal
462,Chris Basham,6.0,eng ENG,CB,75,30,28,2,0,0,4,0,1,0,0,0,0,14,4,12,2,19,6,2,0,22,2,1,0,1,10/04/20,Sheffield Utd,Arsenal
463,Billy Sharp,10.0,eng ENG,"LW,CB",15,6,6,0,0,0,0,0,0,0,0,0,0,3,3,0,4,2,0,0,0,3,0,1,0,2,10/04/20,Sheffield Utd,Arsenal
464,Aaron Ramsdale,1.0,eng ENG,GK,90,30,24,6,1,0,7,0,0,0,0,0,0,9,0,21,2,21,0,0,5,13,0,1,1,0,10/04/20,Sheffield Utd,Arsenal
465,Daniel Podence,10.0,pt POR,FW,70,26,24,2,0,0,3,1,1,1,0,0,1,21,2,3,2,23,0,0,0,19,0,0,3,0,10/04/20,Wolves,Fulham
466,Joao Moutinho,28.0,pt POR,FW,20,9,7,2,1,0,2,1,1,1,1,0,0,5,1,3,0,9,0,0,0,6,0,0,0,0,10/04/20,Wolves,Fulham
467,Raul Jimenez,9.0,mx MEX,FW,90,23,22,1,0,0,8,0,0,0,0,0,0,16,4,3,1,19,0,1,1,17,0,2,0,0,10/04/20,Wolves,Fulham
468,Pedro Neto,7.0,pt POR,CM,81,41,36,5,0,0,6,2,3,4,0,1,1,26,4,11,31,9,0,1,0,34,0,1,0,1,10/04/20,Wolves,Fulham
469,Adama Traore,37.0,es ESP,CM,9,1,1,0,0,0,0,0,0,0,0,0,0,1,0,0,0,1,0,0,0,0,0,0,1,0,10/04/20,Wolves,Fulham
470,Leander Dendoncker,32.0,be BEL,CM,90,41,41,0,0,0,5,0,0,0,0,0,0,33,3,5,9,28,4,0,0,36,0,0,1,2,10/04/20,Wolves,Fulham
471,Ruben Neves,8.0,pt POR,DM,90,58,54,4,4,0,1,4,0,0,0,0,0,41,4,13,3,54,0,0,1,48,0,1,0,1,10/04/20,Wolves,Fulham
472,Romain Saiss,27.0,ma MAR,WB,90,58,50,8,0,0,3,2,4,0,0,0,0,36,9,13,44,4,2,8,0,46,0,0,0,4,10/04/20,Wolves,Fulham
473,Nelson Semedo,22.0,pt POR,WB,77,53,40,13,1,0,5,1,1,0,0,0,0,32,13,8,13,27,1,12,0,48,0,0,1,0,10/04/20,Wolves,Fulham
474,Ki-Jana Hoever,2.0,nl NED,WB,13,5,3,2,0,0,0,0,0,0,0,0,0,0,2,3,0,2,1,2,0,2,0,1,0,1,10/04/20,Wolves,Fulham
475,Maximilian Kilman,49.0,eng ENG,CB,90,60,60,0,0,1,3,0,0,0,0,0,0,54,3,3,46,12,1,0,1,55,0,2,1,0,10/04/20,Wolves,Fulham
476,Conor Coady,16.0,eng ENG,CB,90,64,63,1,1,0,1,2,0,0,0,0,0,47,6,11,1,59,2,0,1,58,0,0,0,0,10/04/20,Wolves,Fulham
477,Willy Boly,15.0,fr FRA,CB,90,56,55,1,0,0,7,0,0,0,0,0,0,45,3,8,6,46,2,1,0,48,0,0,0,1,10/04/20,Wolves,Fulham
478,Rui PatrÃ­cio,11.0,pt POR,GK,90,23,15,8,0,0,0,0,0,0,0,0,0,12,0,11,12,5,0,0,4,15,0,0,0,0,10/04/20,Wolves,Fulham
479,Aleksandar Mitrovic,9.0,rs SRB,FW,90,17,15,2,0,0,4,0,0,0,0,0,0,9,6,2,3,11,1,0,1,15,0,0,0,0,10/04/20,Fulham,Wolves
480,Joe Bryan,23.0,eng ENG,LW,66,21,17,4,2,0,3,1,4,1,0,0,1,13,1,7,16,3,0,1,0,14,0,0,1,0,10/04/20,Fulham,Wolves
481,Aboubakar Kamara,47.0,fr FRA,"RW,LW",24,13,13,0,0,0,0,1,4,0,0,0,0,9,1,3,2,11,0,0,0,7,0,0,0,1,10/04/20,Fulham,Wolves
482,Ivan Cavaleiro,17.0,pt POR,RW,66,20,19,1,1,0,3,1,3,0,0,0,0,13,4,3,3,15,2,0,0,13,0,0,0,1,10/04/20,Fulham,Wolves
483,Ademola Lookman,19.0,eng ENG,"LW,RW",24,20,19,1,0,0,3,0,1,1,0,0,0,18,2,0,2,18,0,0,0,17,0,0,0,0,10/04/20,Fulham,Wolves
484,Bobby De Cordova-Reid,14.0,jm JAM,AM,80,31,31,0,0,0,3,2,1,0,0,0,0,25,3,3,2,29,0,0,0,25,0,0,1,1,10/04/20,Fulham,Wolves
485,Neeskens Kebano,7.0,cd COD,AM,10,2,2,0,0,0,0,0,0,0,0,0,0,2,0,0,0,2,0,0,0,2,0,0,0,0,10/04/20,Fulham,Wolves
486,Andre-Frank Zambo Anguissa,29.0,cm CMR,CM,90,60,55,5,4,0,3,1,0,0,0,0,0,49,6,5,7,51,1,1,0,56,0,1,1,0,10/04/20,Fulham,Wolves
487,Tom Cairney,10.0,sco SCO,CM,90,88,86,2,2,0,8,9,0,0,0,0,0,67,7,14,84,4,0,0,0,80,0,1,1,2,10/04/20,Fulham,Wolves
488,Antonee Robinson,33.0,us USA,LB,90,69,61,8,0,0,5,1,5,0,0,0,0,47,10,12,52,5,2,8,0,57,0,1,1,1,10/04/20,Fulham,Wolves
489,Maxime Le Marchand,20.0,fr FRA,CB,90,58,57,1,1,0,3,5,0,0,0,0,0,44,5,9,52,5,0,0,0,56,0,0,0,0,10/04/20,Fulham,Wolves
490,Tim Ream,13.0,us USA,CB,90,56,56,0,0,0,2,2,0,0,0,0,0,45,4,7,40,10,4,0,2,52,0,0,1,0,10/04/20,Fulham,Wolves
491,Ola Aina,34.0,ng NGA,RB,90,88,75,13,4,0,4,4,5,0,0,0,0,54,17,17,11,64,3,9,1,67,0,2,1,2,10/04/20,Fulham,Wolves
492,Alphonse Areola,1.0,fr FRA,GK,90,24,18,6,0,0,0,2,0,0,0,0,0,14,5,5,1,14,0,0,9,21,0,0,0,0,10/04/20,Fulham,Wolves
493,Anthony Martial,9.0,fr FRA,FW,27,11,11,0,0,0,1,0,0,0,0,0,0,10,0,1,2,8,0,0,0,7,0,0,1,1,10/04/20,Manchester Utd,Tottenham
494,Marcus Rashford,10.0,eng ENG,LW,90,29,25,4,0,0,7,0,0,0,0,0,0,25,1,3,1,24,1,1,1,23,0,0,1,2,10/04/20,Manchester Utd,Tottenham
495,Mason Greenwood,11.0,eng ENG,RW,67,19,18,1,0,0,3,0,0,0,0,0,0,18,0,1,10,9,0,0,0,15,0,0,1,1,10/04/20,Manchester Utd,Tottenham
496,Donny van de Beek,34.0,nl NED,RW,23,10,10,0,0,0,2,0,1,0,0,0,0,9,0,1,1,9,0,0,0,9,0,0,0,0,10/04/20,Manchester Utd,Tottenham
497,Bruno Fernandes,18.0,pt POR,AM,45,28,24,4,0,0,6,3,2,1,1,0,0,22,2,4,1,25,1,0,1,18,1,0,1,1,10/04/20,Manchester Utd,Tottenham
498,Fred,17.0,br BRA,AM,45,26,24,2,2,0,4,1,0,0,0,0,0,25,0,1,19,7,0,0,0,21,0,0,2,1,10/04/20,Manchester Utd,Tottenham
499,Paul Pogba,6.0,fr FRA,CM,90,51,49,2,1,0,14,1,1,0,0,0,0,40,3,8,10,38,0,1,0,42,0,0,0,2,10/04/20,Manchester Utd,Tottenham
500,Nemanja Matic,31.0,rs SRB,CM,45,34,32,2,1,0,9,1,0,0,0,0,0,30,1,3,30,2,1,1,0,30,0,0,0,2,10/04/20,Manchester Utd,Tottenham
501,Scott McTominay,39.0,sco SCO,CM,45,23,22,1,1,0,8,1,0,0,0,0,0,23,0,0,3,20,0,0,0,22,0,0,0,0,10/04/20,Manchester Utd,Tottenham
502,Luke Shaw,23.0,eng ENG,LB,90,43,31,12,3,0,6,1,2,1,0,1,0,24,7,12,31,3,1,8,0,33,0,1,1,1,10/04/20,Manchester Utd,Tottenham
503,Harry Maguire,5.0,eng ENG,CB,90,51,50,1,1,0,6,1,0,0,0,0,0,41,3,7,6,40,3,0,0,42,0,2,0,1,10/04/20,Manchester Utd,Tottenham
504,Eric Bailly,3.0,ci CIV,CB,90,33,32,1,1,0,8,0,0,0,0,0,0,28,2,3,6,22,3,0,0,29,0,0,2,0,10/04/20,Manchester Utd,Tottenham
505,Aaron Wan-Bissaka,29.0,eng ENG,RB,90,48,39,9,0,0,8,1,1,0,0,0,0,36,8,4,1,37,1,9,0,42,0,0,0,3,10/04/20,Manchester Utd,Tottenham
506,David de Gea,1.0,es ESP,GK,90,21,15,6,0,0,3,0,0,0,0,0,0,13,1,7,1,16,0,0,4,20,0,0,0,0,10/04/20,Manchester Utd,Tottenham
507,Harry Kane,10.0,eng ENG,FW,90,28,26,2,1,1,6,1,1,0,0,0,0,23,3,2,6,21,0,0,0,21,0,0,0,1,10/04/20,Tottenham,Manchester Utd
508,Son Heung-Min,7.0,kr KOR,LW,72,35,32,3,0,0,3,1,0,3,1,1,0,30,2,3,3,31,0,0,0,34,0,0,0,0,10/04/20,Tottenham,Manchester Utd
509,Ben Davies,33.0,wal WAL,"LB,LW",18,24,23,1,0,0,1,0,0,0,0,0,0,22,1,1,20,3,0,1,0,22,0,0,0,1,10/04/20,Tottenham,Manchester Utd
510,Erik Lamela,11.0,ar ARG,RW,45,18,17,1,0,0,6,0,0,1,1,0,0,15,1,2,18,0,0,0,0,13,0,0,0,2,10/04/20,Tottenham,Manchester Utd
511,Lucas Moura,27.0,br BRA,RW,45,14,14,0,0,0,4,0,0,0,0,0,0,11,2,1,0,14,0,0,0,11,0,1,0,2,10/04/20,Tottenham,Manchester Utd
512,Tanguy Ndombele,28.0,fr FRA,CM,68,50,49,1,0,0,6,0,1,0,0,0,0,45,4,1,2,47,1,0,0,44,0,0,2,0,10/04/20,Tottenham,Manchester Utd
513,Dele Alli,20.0,eng ENG,CM,22,22,21,1,1,0,3,0,0,0,0,0,0,21,0,1,1,21,0,0,0,19,0,0,0,2,10/04/20,Tottenham,Manchester Utd
514,Moussa Sissoko,17.0,fr FRA,CM,90,66,66,0,0,0,4,1,0,0,0,0,0,62,2,2,3,62,1,0,0,65,0,0,0,0,10/04/20,Tottenham,Manchester Utd
515,Pierre-Emile Hojbjerg,5.0,dk DEN,DM,90,104,101,3,3,1,6,7,0,0,0,0,0,90,4,10,12,91,1,0,0,100,0,0,0,1,10/04/20,Tottenham,Manchester Utd
516,Sergio Reguilon,3.0,es ESP,"LB,LW",90,70,62,8,1,0,6,0,4,0,0,0,0,50,13,7,61,1,0,7,1,56,0,1,1,2,10/04/20,Tottenham,Manchester Utd
517,Eric Dier,15.0,eng ENG,CB,90,82,80,2,2,0,4,3,0,0,0,0,0,72,4,6,13,68,1,0,0,79,0,0,0,0,10/04/20,Tottenham,Manchester Utd
518,Davinson Sanchez,6.0,co COL,CB,90,86,84,2,2,0,3,4,0,0,0,0,0,76,1,9,5,79,1,0,0,81,0,1,0,0,10/04/20,Tottenham,Manchester Utd
519,Serge Aurier,24.0,ci CIV,RB,90,71,66,5,1,0,4,0,1,0,0,0,0,59,10,2,3,62,2,4,0,62,0,1,0,3,10/04/20,Tottenham,Manchester Utd
520,Hugo Lloris,1.0,fr FRA,GK,90,24,18,6,2,0,0,0,0,0,0,0,0,15,1,8,12,10,0,0,1,18,0,2,0,0,10/04/20,Tottenham,Manchester Utd
521,Ollie Watkins,11.0,eng ENG,FW,90,23,21,2,0,0,4,0,1,0,0,0,0,13,3,7,4,11,6,0,1,15,0,1,0,2,10/04/20,Aston Villa,Liverpool
522,Jack Grealish,10.0,eng ENG,LW,90,37,37,0,0,2,15,3,1,0,0,0,0,25,4,8,2,34,1,0,0,28,0,0,1,0,10/04/20,Aston Villa,Liverpool
523,Trezeguet,17.0,eg EGY,RW,86,28,28,0,0,2,12,1,4,0,0,0,0,15,4,9,4,18,1,0,0,22,0,0,0,1,10/04/20,Aston Villa,Liverpool
524,Bertrand Traore,15.0,bf BFA,RW,4,2,2,0,0,0,1,0,0,0,0,0,0,2,0,0,1,1,0,0,0,2,0,0,0,0,10/04/20,Aston Villa,Liverpool
525,Ross Barkley,20.0,eng ENG,AM,90,29,24,5,2,0,7,1,1,2,0,1,0,21,3,5,2,24,3,0,0,23,0,0,0,1,10/04/20,Aston Villa,Liverpool
526,John McGinn,7.0,sco SCO,DM,90,31,30,1,1,1,5,2,1,0,0,0,0,21,4,6,25,6,0,0,0,19,0,0,2,0,10/04/20,Aston Villa,Liverpool
527,Douglas Luiz,6.0,br BRA,DM,79,22,21,1,1,0,7,0,0,0,0,0,0,11,2,9,2,16,1,0,2,15,2,0,0,1,10/04/20,Aston Villa,Liverpool
528,Marvelous Nakamba,19.0,zw ZIM,DM,11,5,5,0,0,0,2,0,0,0,0,0,0,5,0,0,4,1,0,0,0,5,0,0,0,0,10/04/20,Aston Villa,Liverpool
529,Matt Targett,18.0,eng ENG,LB,90,27,15,12,1,0,7,0,0,0,0,0,0,12,8,7,14,0,1,11,1,26,0,0,0,0,10/04/20,Aston Villa,Liverpool
530,Tyrone Mings,5.0,eng ENG,CB,90,23,22,1,1,0,3,2,0,0,0,0,0,10,3,10,18,4,1,0,0,17,0,4,0,1,10/04/20,Aston Villa,Liverpool
531,Ezri Konsa Ngoyo,4.0,eng ENG,CB,90,10,9,1,1,0,4,1,0,0,0,0,0,4,1,5,0,7,0,0,0,8,0,1,0,0,10/04/20,Aston Villa,Liverpool
532,Matthew Cash,2.0,eng ENG,RB,79,32,25,7,0,1,8,0,1,0,0,0,0,9,3,20,6,15,3,7,0,16,0,5,1,2,10/04/20,Aston Villa,Liverpool
533,Ahmed El Mohamady,27.0,eg EGY,RB,11,9,9,0,0,0,3,0,1,0,0,0,0,8,0,1,2,7,0,0,0,8,0,0,0,0,10/04/20,Aston Villa,Liverpool
534,Emiliano MartÃ­nez,26.0,ar ARG,GK,90,30,22,8,4,0,3,1,0,0,0,0,0,2,1,27,3,19,0,0,0,9,0,3,0,0,10/04/20,Aston Villa,Liverpool
535,Roberto Firmino,9.0,br BRA,FW,67,27,21,6,0,1,6,1,0,0,0,0,0,23,3,1,2,24,0,1,0,18,0,0,0,3,10/04/20,Liverpool,Aston Villa
536,James Milner,7.0,eng ENG,CM,23,19,18,1,0,0,2,0,1,1,1,0,0,12,2,5,1,18,0,0,0,14,0,1,0,1,10/04/20,Liverpool,Aston Villa
537,Diogo Jota,20.0,pt POR,LW,90,42,42,0,0,0,8,0,2,0,0,0,0,36,4,2,13,28,0,0,0,34,0,1,0,0,10/04/20,Liverpool,Aston Villa
538,Mohamed Salah,11.0,eg EGY,RW,90,38,38,0,0,1,12,1,1,0,0,0,0,28,6,4,29,7,1,0,1,34,0,0,0,1,10/04/20,Liverpool,Aston Villa
539,Georginio Wijnaldum,5.0,nl NED,"CM,DM",90,57,56,1,1,0,17,0,0,0,0,0,0,49,3,5,4,51,1,0,0,49,0,1,1,2,10/04/20,Liverpool,Aston Villa
540,Naby Keita,8.0,gn GUI,CM,45,33,31,2,0,0,5,1,0,0,0,0,0,29,2,2,1,31,0,0,0,29,0,0,1,0,10/04/20,Liverpool,Aston Villa
541,Takumi Minamino,18.0,jp JPN,"CM,FW",45,20,19,1,0,0,4,0,0,0,0,0,0,16,2,2,3,16,1,0,0,16,0,0,0,1,10/04/20,Liverpool,Aston Villa
542,Fabinho,3.0,br BRA,"DM,CB",90,72,69,3,2,0,6,0,0,0,0,0,0,60,0,12,2,68,1,1,0,63,0,0,0,1,10/04/20,Liverpool,Aston Villa
543,Andrew Robertson,26.0,sco SCO,LB,90,95,77,18,1,0,13,4,4,3,0,3,0,57,21,17,75,2,4,14,0,77,0,1,0,5,10/04/20,Liverpool,Aston Villa
544,Virgil van Dijk,4.0,nl NED,CB,90,84,83,1,1,0,15,5,0,0,0,0,0,63,6,15,14,59,3,0,0,74,1,1,1,0,10/04/20,Liverpool,Aston Villa
545,Joseph Gomez,12.0,eng ENG,CB,60,59,59,0,0,0,10,9,0,0,0,0,0,42,2,15,3,52,4,0,0,52,0,2,1,0,10/04/20,Liverpool,Aston Villa
546,Curtis Jones,17.0,eng ENG,CM,30,18,18,0,0,0,4,0,0,0,0,0,0,16,2,0,5,12,0,0,1,14,0,0,0,2,10/04/20,Liverpool,Aston Villa
547,Trent Alexander-Arnold,66.0,eng ENG,RB,90,76,60,16,2,0,10,7,4,2,0,1,0,39,15,22,13,49,2,12,0,63,0,1,0,2,10/04/20,Liverpool,Aston Villa
548,AdriÃ¡n,13.0,es ESP,GK,90,34,28,6,1,0,3,1,0,0,0,0,0,24,1,9,7,18,0,0,9,27,0,1,0,0,10/04/20,Liverpool,Aston Villa
